step,time_s,L1,L2,L3,L4,L5,L6,R1,R2,R3,R4,R5,R6
1,0.004000,2.64150844e-06,-9.8592609e-06,2.43007962e-05,-4.25335975e-06,-1.59190131e-05,7.23649937e-05,2.63684774e-06,-9.88836382e-06,2.42935348e-05,-4.25453845e-06,-1.59208776e-05,7.23648191e-05
2,0.008000,2.61112837e-06,-9.71597547e-06,2.39339097e-05,-4.25984535e-06,-1.59136853e-05,7.2357856e-05,2.59562466e-06,-9.71064037e-06,2.39438341e-05,-4.25982671e-06,-1.5915115e-05,7.23579142e-05
3,0.012000,2.57822057e-06,-9.56137046e-06,2.36166816e-05,-4.25835015e-06,-1.59087904e-05,7.23494813e-05,2.61458899e-06,-9.57084376e-06,2.36187534e-05,-4.25966255e-06,-1.59136816e-05,7.23504418e-05
4,0.016000,2.60487059e-06,-9.43250598e-06,2.33153714e-05,-4.25794542e-06,-1.59044539e-05,7.23426128e-05,2.57674674e-06,-9.44384192e-06,2.33088849e-05,-4.25896042e-06,-1.59110168e-05,7.23427729e-05
5,0.020000,2.59185754e-06,-9.32444073e-06,2.3018456e-05,-4.25601957e-06,-1.58983348e-05,7.23356279e-05,2.61514515e-06,-9.305204e-06,2.30400256e-05,-4.25874077e-06,-1.59054653e-05,7.23358971e-05
6,0.024000,2.58215073e-06,-9.17279976e-06,2.27537275e-05,-4.26179759e-06,-1.58962757e-05,7.23287958e-05,2.65922108e-06,-9.2064638e-06,2.27333458e-05,-4.26387851e-06,-1.59003703e-05,7.23280245e-05
7,0.028000,2.6187206e-06,-9.07492813e-06,2.24686737e-05,-4.25843245e-06,-1.58949424e-05,7.23228295e-05,2.56843759e-06,-9.07866161e-06,2.24783817e-05,-4.25546978e-06,-1.58942676e-05,7.23225894e-05
8,0.032000,2.59725903e-06,-8.93949345e-06,2.22159561e-05,-4.26241013e-06,-1.58875009e-05,7.23161502e-05,2.62067033e-06,-8.9524583e-06,2.21909631e-05,-4.25839153e-06,-1.58892472e-05,7.2314564e-05
9,0.036000,2.6042303e-06,-8.82951645e-06,2.19532194e-05,-4.26059205e-06,-1.58850798e-05,7.23095727e-05,2.52493965e-06,-8.82968379e-06,2.19258745e-05,-4.26202314e-06,-1.58847579e-05,7.23089834e-05
10,0.040000,2.60754859e-06,-8.74928446e-06,2.16723711e-05,-4.26383167e-06,-1.58821003e-05,7.23032426e-05,2.63922288e-06,-8.74563193e-06,2.16647459e-05,-4.2621773e-06,-1.58874282e-05,7.23037083e-05
11,0.044000,2.60425168e-06,-8.62125489e-06,2.14192423e-05,-4.26353154e-06,-1.58788826e-05,7.22976838e-05,2.62622689e-06,-8.6163509e-06,2.14213542e-05,-4.26206543e-06,-1.58790244e-05,7.22974728e-05
12,0.048000,2.57854185e-06,-8.52426274e-06,2.11497518e-05,-4.26023689e-06,-1.58765797e-05,7.22914774e-05,2.60255797e-06,-8.52358698e-06,2.11537354e-05,-4.26141696e-06,-1.58749772e-05,7.22912228e-05
13,0.052000,2.60676234e-06,-8.38264805e-06,2.08875572e-05,-4.26409588e-06,-1.58702987e-05,7.2285533e-05,2.60895263e-06,-8.41265864e-06,2.09117879e-05,-4.26096722e-06,-1.58674829e-05,7.22856421e-05
14,0.056000,2.61438277e-06,-8.28696193e-06,2.0638643e-05,-4.26344377e-06,-1.58681323e-05,7.22798723e-05,2.59554781e-06,-8.30507452e-06,2.06617915e-05,-4.2609945e-06,-1.58674393e-05,7.22802506e-05
15,0.060000,2.57756028e-06,-8.16442571e-06,2.03994114e-05,-4.26416318e-06,-1.5865342e-05,7.22741315e-05,2.57932993e-06,-8.19700563e-06,2.03999261e-05,-4.25824646e-06,-1.58653093e-05,7.22744735e-05
16,0.064000,2.58025602e-06,-8.06026856e-06,2.01435669e-05,-4.26686393e-06,-1.58599469e-05,7.2268951e-05,2.55667169e-06,-8.07398919e-06,2.01575422e-05,-4.26592987e-06,-1.58596013e-05,7.22694167e-05
17,0.068000,2.57707165e-06,-7.95154392e-06,1.99044007e-05,-4.2652382e-06,-1.58518324e-05,7.22637415e-05,2.57938177e-06,-7.96732274e-06,1.99156038e-05,-4.25961343e-06,-1.58545372e-05,7.22641198e-05
18,0.072000,2.5732993e-06,-7.8514513e-06,1.96661967e-05,-4.26550559e-06,-1.58538478e-05,7.22586556e-05,2.58562272e-06,-7.86612873e-06,1.96698293e-05,-4.26024008e-06,-1.58535313e-05,7.22588229e-05
19,0.076000,2.58994646e-06,-7.7485638e-06,1.94338081e-05,-4.26825318e-06,-1.58523508e-05,7.22540499e-05,2.5870188e-06,-7.76320485e-06,1.94320455e-05,-4.2711431e-06,-1.58510356e-05,7.22534751e-05
20,0.080000,2.52608902e-06,-7.64422111e-06,1.91767285e-05,-4.27110081e-06,-1.58473031e-05,7.22485929e-05,2.56550447e-06,-7.66100766e-06,1.91922172e-05,-4.26896213e-06,-1.58469684e-05,7.224828e-05
21,0.084000,2.56535941e-06,-7.54221264e-06,1.89317379e-05,-4.27068198e-06,-1.58436214e-05,7.22437107e-05,2.59308126e-06,-7.55988322e-06,1.89435414e-05,-4.26507859e-06,-1.58444345e-05,7.2243427e-05
22,0.088000,2.59168269e-06,-7.44231693e-06,1.86825273e-05,-4.26179895e-06,-1.58403855e-05,7.2238734e-05,2.57364582e-06,-7.47598187e-06,1.87037222e-05,-4.26737915e-06,-1.58370658e-05,7.22384939e-05
23,0.092000,2.55587815e-06,-7.35692538e-06,1.84568653e-05,-4.26831548e-06,-1.58353851e-05,7.22343175e-05,2.56643762e-06,-7.37399296e-06,1.84847559e-05,-4.26908946e-06,-1.58341954e-05,7.22341938e-05
24,0.096000,2.58326327e-06,-7.27461884e-06,1.82398053e-05,-4.2636525e-06,-1.58342245e-05,7.22305631e-05,2.57098804e-06,-7.27532642e-06,1.82492513e-05,-4.26591441e-06,-1.58342227e-05,7.22295154e-05
25,0.100000,2.54309066e-06,-7.16429804e-06,1.80070801e-05,-4.26586439e-06,-1.58294715e-05,7.22260156e-05,2.56710473e-06,-7.16265367e-06,1.8020779e-05,-4.26431461e-06,-1.58300027e-05,7.22249752e-05
26,0.104000,2.58128284e-06,-7.09838605e-06,1.77805705e-05,-4.27040641e-06,-1.58246403e-05,7.22207114e-05,2.53844837e-06,-7.07830259e-06,1.77963939e-05,-4.26916313e-06,-1.58287148e-05,7.22214609e-05
27,0.108000,2.55572922e-06,-6.98944586e-06,1.75640453e-05,-4.26241968e-06,-1.58224866e-05,7.22160403e-05,2.55179884e-06,-6.97084215e-06,1.75846599e-05,-4.27038594e-06,-1.58230887e-05,7.2216164e-05
28,0.112000,2.5250306e-06,-6.88092859e-06,1.73678091e-05,-4.26602173e-06,-1.58214916e-05,7.22119585e-05,2.54153633e-06,-6.88022374e-06,1.73623048e-05,-4.26804399e-06,-1.58166113e-05,7.22116602e-05
29,0.116000,2.58432851e-06,-6.79230561e-06,1.71357824e-05,-4.26375937e-06,-1.5813599e-05,7.2207411e-05,2.56381054e-06,-6.78320157e-06,1.71467364e-05,-4.26961014e-06,-1.58194889e-05,7.22078476e-05
30,0.120000,2.56040062e-06,-6.67919812e-06,1.69097366e-05,-4.26738279e-06,-1.58126677e-05,7.22034747e-05,2.57504416e-06,-6.70483678e-06,1.69005471e-05,-4.2636716e-06,-1.58123821e-05,7.22041514e-05
31,0.124000,-0.00695034955,0.127118647,0.0572374091,0.00238858163,0.0108853318,0.00120526925,2.56883959e-06,-6.61081958e-06,1.66813134e-05,-4.27115947e-06,-1.58127968e-05,7.21996985e-05
32,0.128000,-0.00759648066,0.125176519,0.0639156997,0.00239081681,0.0109433066,0.00120545551,2.54694123e-06,-6.51895152e-06,1.64731828e-05,-4.26765246e-06,-1.58092589e-05,7.21958495e-05
33,0.132000,-0.00777016627,0.123842187,0.0687516779,0.00239440054,0.0109656788,0.00120553747,2.58621412e-06,-6.43440308e-06,1.62575088e-05,-4.26701854e-06,-1.58061648e-05,7.21920951e-05
34,0.136000,-0.00787198171,0.123014793,0.0722972006,0.00239886343,0.0109872576,0.0012056008,2.56034923e-06,-6.35495644e-06,1.60519776e-05,-4.2685906e-06,-1.58026323e-05,7.2189272e-05
35,0.140000,-0.00794240087,0.122548714,0.0749184489,0.0024035722,0.0110082868,0.0012056753,2.5511672e-06,-6.27047666e-06,1.58476378e-05,-4.2693855e-06,-1.58019666e-05,7.21855831e-05
36,0.144000,-0.00799798779,0.122339316,0.0768770128,0.00240836293,0.0110289231,0.00120573863,2.52765449e-06,-6.16750276e-06,1.5659647e-05,-4.27036275e-06,-1.57974719e-05,7.21821052e-05
37,0.148000,-0.00804608408,0.122310974,0.0783597603,0.0024131462,0.0110491365,0.00120578334,2.51328402e-06,-6.0962293e-06,1.54524387e-05,-4.26983161e-06,-1.57972172e-05,7.21795077e-05
38,0.152000,-0.00808993261,0.122409873,0.079500556,0.00241786242,0.0110688694,0.00120581314,2.59004628e-06,-5.99859686e-06,1.52505199e-05,-4.27156147e-06,-1.57920767e-05,7.21757824e-05
39,0.156000,-0.00813182816,0.122597411,0.0803951174,0.00242249668,0.0110881943,0.00120588392,2.56416297e-06,-5.91273829e-06,1.50495689e-05,-4.27127361e-06,-1.57881132e-05,7.21714023e-05
40,0.160000,-0.00817312673,0.122845933,0.081111908,0.00242698938,0.0111070313,0.0012059249,1.9807303e-06,-5.798448e-06,1.48782183e-05,-4.28225576e-06,-1.57819177e-05,7.21683173e-05
41,0.164000,-0.00821384229,0.123135909,0.0817000419,0.00243142247,0.0111253867,0.0012059696,1.27019621e-06,-5.69573149e-06,1.46801103e-05,-4.29101556e-06,-1.57574177e-05,7.2165094e-05
42,0.168000,-0.00825414807,0.123453051,0.0821945295,0.00243570656,0.0111432318,0.00120603293,7.59739578e-07,-5.58106058e-06,1.44918513e-05,-4.29241481e-06,-1.57289269e-05,7.21620236e-05
43,0.172000,-0.00829404965,0.123787507,0.0826205388,0.00243999809,0.0111606168,0.00120605156,3.55119482e-07,-5.47339596e-06,1.43218085e-05,-4.29802913e-06,-1.56991555e-05,7.21585748e-05
44,0.176000,-0.00833342597,0.124132343,0.0829961598,0.00244411081,0.0111774821,0.00120610744,6.75074716e-08,-5.38006771e-06,1.41187566e-05,-4.29316697e-06,-1.566428e-05,7.21561009e-05
45,0.180000,-0.00837232545,0.124482185,0.0833341628,0.00244814903,0.0111938789,0.00120615214,-2.93844323e-07,-5.27856719e-06,1.39418471e-05,-4.29357897e-06,-1.56401493e-05,7.2152543e-05
46,0.184000,-0.0127491746,0.31638211,0.170698643,-0.00125727057,0.0130003458,0.0644080043,-4.53783514e-07,-5.19150035e-06,1.37596453e-05,-4.29369311e-06,-1.56076858e-05,7.21502292e-05
47,0.188000,-0.0135657713,0.313005835,0.180453181,-5.75184822e-05,0.0129681937,0.0648901835,-4.07311973e-07,-5.11409962e-06,1.35572736e-05,-4.29280044e-06,-1.55759571e-05,7.21479519e-05
48,0.192000,-0.0138239386,0.310491741,0.187521219,0.000715494156,0.0129386336,0.0651675612,-2.58937916e-07,-5.0370345e-06,1.33591375e-05,-4.27597706e-06,-1.55427697e-05,7.2144896e-05
49,0.196000,-0.0139563624,0.308723927,0.192692965,0.00114895403,0.0129104145,0.0653960481,-1.6281183e-07,-4.94724645e-06,1.31886391e-05,-4.27249461e-06,-1.55127145e-05,7.21405522e-05
50,0.200000,-0.014039848,0.307502091,0.196487144,0.00133760273,0.0128832562,0.0656070486,-1.53338533e-07,-4.89173226e-06,1.29966684e-05,-4.2655829e-06,-1.5483658e-05,7.21380493e-05
51,0.204000,-0.0141041782,0.306675911,0.199279949,0.0013486445,0.0128568402,0.0658107251,-2.70702458e-07,-4.81216557e-06,1.28252759e-05,-4.25934468e-06,-1.54525223e-05,7.21353863e-05
52,0.208000,-0.014158532,0.306135595,0.201344579,0.00123235583,0.012830954,0.0660031438,-4.32590923e-07,-4.73036471e-06,1.2670298e-05,-4.26165934e-06,-1.54185127e-05,7.21320612e-05
53,0.212000,-0.0142109925,0.305801213,0.202879846,0.00102445483,0.012805447,0.0661878735,-6.46379476e-07,-4.64542154e-06,1.24753888e-05,-4.25762209e-06,-1.53842248e-05,7.21298275e-05
54,0.216000,-0.0142626157,0.305614322,0.204029709,0.000751927495,0.0127802053,0.0663664117,-8.62613433e-07,-4.55691861e-06,1.23097861e-05,-4.25249118e-06,-1.53505989e-05,7.2126546e-05
55,0.220000,-0.0143133299,0.305532902,0.204899639,0.000433042645,0.0127551248,0.0665402114,-1.03466527e-06,-4.47489811e-06,1.21450948e-05,-4.25439339e-06,-1.53227229e-05,7.21239194e-05
56,0.224000,-0.0143636568,0.305526376,0.205565915,8.19414854e-05,0.0127301626,0.066709511,-1.27221779e-06,-4.39153064e-06,1.19869701e-05,-4.25264489e-06,-1.52934535e-05,7.21210454e-05
57,0.228000,-0.0144140311,0.305572599,0.206083611,-0.00029066205,0.0127052581,0.0668748617,-1.39283543e-06,-4.31485796e-06,1.18303378e-05,-4.24935297e-06,-1.525894e-05,7.21189208e-05
58,0.232000,-0.0144639481,0.305655032,0.206493109,-0.00067807734,0.0126803853,0.0670366064,-1.57434306e-06,-4.23443362e-06,1.16668571e-05,-4.24323389e-06,-1.52249859e-05,7.21157121e-05
59,0.236000,-0.0145131499,0.305762559,0.206823811,-0.00107456744,0.0126554705,0.0671953261,-1.59012529e-06,-4.16182775e-06,1.14925924e-05,-4.23471556e-06,-1.51902077e-05,7.21134929e-05
60,0.240000,-0.0145617481,0.305886507,0.207096875,-0.00147689879,0.012630634,0.0673507303,-1.58612465e-06,-4.09390441e-06,1.13222968e-05,-4.23143774e-06,-1.51566837e-05,7.21117976e-05
61,0.244000,-0.0177054908,0.479920894,0.322027564,-0.100702137,0.0137116984,0.144281119,-1.61897128e-06,-4.02338264e-06,1.1170192e-05,-4.22448466e-06,-1.51240565e-05,7.21088509e-05
62,0.248000,-0.0185255334,0.47699824,0.330264628,-0.0997964442,0.0140280193,0.144544318,-1.59047613e-06,-3.92580205e-06,1.10265255e-05,-4.22150288e-06,-1.50924061e-05,7.21062897e-05
63,0.252000,-0.0187712088,0.474770337,0.33618322,-0.0992443413,0.0140914917,0.144703194,-1.55744578e-06,-3.87716409e-06,1.08358445e-05,-4.20698325e-06,-1.50574479e-05,7.21027027e-05
64,0.256000,-0.0189008657,0.473176062,0.340484917,-0.0989868939,0.0141090574,0.144858599,-1.5512021e-06,-3.80868755e-06,1.06717398e-05,-4.20388687e-06,-1.50219967e-05,7.21004617e-05
65,0.260000,-0.0189922228,0.472042352,0.343615681,-0.0989422202,0.0141121754,0.145006642,-1.51762561e-06,-3.73897296e-06,1.0519243e-05,-4.19654134e-06,-1.49926873e-05,7.20976968e-05
66,0.264000,-0.0190707613,0.471242011,0.345897317,-0.0990492553,0.0141110066,0.145147189,-1.63840741e-06,-3.67298071e-06,1.03762313e-05,-4.19677644e-06,-1.49611678e-05,7.20951284e-05
67,0.268000,-0.0191445556,0.470681816,0.347563982,-0.0992660075,0.0141086932,0.145281374,-1.725733e-06,-3.60975741e-06,1.021556e-05,-4.18758646e-06,-1.49296829e-05,7.20924581e-05
68,0.272000,-0.0192170702,0.470294833,0.348784804,-0.0995597839,0.0141062355,0.145410836,-1.87084765e-06,-3.53683299e-06,1.00829366e-05,-4.18414538e-06,-1.48978061e-05,7.20902754e-05
69,0.276000,-0.0192884021,0.470031708,0.349682897,-0.0999090672,0.0141036501,0.145535722,-2.02251294e-06,-3.46661204e-06,9.93133108e-06,-4.18382433e-06,-1.48698555e-05,7.20874959e-05
70,0.280000,-0.0193587989,0.469857723,0.350346923,-0.100295365,0.0141010247,0.145657003,-2.16982562e-06,-3.37469146e-06,9.78975004e-06,-4.18301988e-06,-1.48333711e-05,7.20850367e-05
71,0.284000,-0.0194284748,0.469746232,0.35084182,-0.100708649,0.0140981255,0.145774782,-2.28661884e-06,-3.33932985e-06,9.62535432e-06,-4.17438696e-06,-1.48005765e-05,7.20825847e-05
72,0.288000,-0.0194973983,0.469679654,0.351214349,-0.101139367,0.0140950354,0.145889908,-2.26894076e-06,-3.2602411e-06,9.47304943e-06,-4.1693711e-06,-1.47623996e-05,7.20802564e-05
73,0.292000,-0.0195656046,0.46964401,0.351498336,-0.101581201,0.0140916882,0.146002457,-2.28443423e-06,-3.19604601e-06,9.32573403e-06,-4.15862314e-06,-1.4729816e-05,7.20788084e-05
74,0.296000,-0.0196331013,0.469630003,0.351718217,-0.102029711,0.0140880458,0.146112651,-2.31030799e-06,-3.13584178e-06,9.19274316e-06,-4.15499289e-06,-1.46935836e-05,7.20763855e-05
75,0.300000,-0.0196999442,0.469630659,0.351891786,-0.102481574,0.0140840737,0.146220505,-2.33994479e-06,-3.07556502e-06,9.04171338e-06,-4.14820215e-06,-1.46557886e-05,7.20742246e-05
76,0.304000,-0.022342978,0.635285378,0.461357117,-0.197367683,0.0140564553,0.22315985,-2.3590344e-06,-2.99479279e-06,8.91005129e-06,-4.14554188e-06,-1.46300263e-05,7.20713651e-05
77,0.308000,-0.0231374167,0.632569134,0.468935907,-0.196610898,0.0139944004,0.223624825,-2.39865858e-06,-2.93860421e-06,8.78107858e-06,-4.13366161e-06,-1.45921322e-05,7.20692406e-05
78,0.312000,-0.0233771745,0.63046062,0.474307477,-0.196148187,0.0139392167,0.223826736,-2.48684364e-06,-2.89430136e-06,8.62615707e-06,-4.13350335e-06,-1.45552622e-05,7.20669705e-05
79,0.316000,-0.0235055741,0.628931284,0.478168875,-0.19596307,0.013884929,0.223993137,-2.50186577e-06,-2.81217808e-06,8.49790013e-06,-4.12906684e-06,-1.45140566e-05,7.20645403e-05
80,0.320000,-0.0236018151,0.62782228,0.48094517,-0.19597654,0.0138314757,0.224143982,-2.60320849e-06,-2.7500007e-06,8.36431627e-06,-4.1180956e-06,-1.44784835e-05,7.20624957e-05
81,0.324000,-0.0236879811,0.627016485,0.482941449,-0.196132034,0.0137784556,0.224285662,-2.55964187e-06,-2.71343606e-06,8.21786853e-06,-4.10692837e-06,-1.44210326e-05,7.20596508e-05
82,0.328000,-0.0237706639,0.626428068,0.484375864,-0.196387351,0.0137257613,0.224421069,-2.72036596e-06,-2.64896153e-06,8.07520155e-06,-4.0937266e-06,-1.43536554e-05,7.20570533e-05
83,0.332000,-0.0238519013,0.625995338,0.485407025,-0.19671388,0.0136732608,0.224551544,-2.55218265e-06,-2.61825062e-06,7.93380605e-06,-4.02635669e-06,-1.31271754e-05,7.13811896e-05
84,0.336000,-0.0239322726,0.625674009,0.486148447,-0.197089612,0.0136208795,0.224678501,-2.67449605e-06,-2.65140693e-06,7.78490721e-06,-3.93082473e-06,-1.05045719e-05,6.98116564e-05
85,0.340000,-0.0240120348,0.625431955,0.486681223,-0.197498277,0.0135685112,0.224802315,-2.81376924e-06,-2.67904375e-06,7.60102512e-06,-3.82145936e-06,-7.84916756e-06,6.82252939e-05
86,0.344000,-0.0240910817,0.625246108,0.487064958,-0.197929949,0.0135161756,0.224923283,-2.94943584e-06,-2.70724672e-06,7.45962188e-06,-3.71685815e-06,-5.2062469e-06,6.66434062e-05
87,0.348000,-0.0241694693,0.625100613,0.487341642,-0.198375493,0.0134637887,0.225042105,-3.10301812e-06,-2.75535717e-06,7.29948442e-06,-3.61642788e-06,-2.6111984e-06,6.50907969e-05
88,0.352000,-0.0242494885,0.624982297,0.487541765,-0.198830187,0.0134465303,0.225137532,-3.26178588e-06,-2.78788389e-06,7.13421468e-06,-3.51228596e-06,-3.5058747e-09,6.35326651e-05
89,0.356000,-0.0243300088,0.624882936,0.487687051,-0.199289516,0.0134574436,0.225214332,-3.37405049e-06,-2.80308836e-06,7.00086957e-06,-3.40487804e-06,2.69608427e-06,6.192398e-05
90,0.360000,-0.0244090073,0.624797165,0.487793326,-0.199750811,0.013464476,0.225291386,-3.53945779e-06,-2.8336533e-06,6.84303586e-06,-3.30236981e-06,5.25704945e-06,6.03881745e-05
91,0.364000,-0.0268059913,0.778443575,0.590369463,-0.289515764,0.013258446,0.300659865,-3.68231622e-06,-2.86287741e-06,6.67885115e-06,-3.20201889e-06,7.86524106e-06,5.88300172e-05
92,0.368000,-0.0276588574,0.775924623,0.597334504,-0.288878888,0.0142845763,0.300482005,-3.84338136e-06,-2.90753951e-06,6.50993479e-06,-3.10205496e-06,1.04868968e-05,5.72623612e-05
93,0.372000,-0.0279018898,0.77394861,0.602191508,-0.28847447,0.0145909777,0.300453603,-3.9911065e-06,-2.94137226e-06,6.36979439e-06,-2.99726094e-06,1.30766848e-05,5.57126477e-05
94,0.376000,-0.0280236993,0.772511065,0.605642438,-0.288331151,0.0146267526,0.300547034,-4.14959868e-06,-2.97081397e-06,6.19996536e-06,-2.90069192e-06,1.56565748e-05,5.41696609e-05
95,0.380000,-0.0281208288,0.771457613,0.60809201,-0.288374096,0.0146090528,0.300658137,-4.28787098e-06,-2.9824489e-06,6.0712473e-06,-2.7962401e-06,1.82079602e-05,5.26415679e-05
96,0.384000,-0.0282131564,0.770677924,0.60982728,-0.28854841,0.0145872701,0.300763845,-4.44674697e-06,-3.01561568e-06,5.94086168e-06,-2.69885595e-06,2.07760786e-05,5.11053004e-05
97,0.388000,-0.0283046737,0.770093083,0.611053526,-0.288815409,0.0145704858,0.30086121,-4.60022193e-06,-3.04916807e-06,5.78545132e-06,-2.59312264e-06,2.33724204e-05,4.95514068e-05
98,0.392000,-0.0283961352,0.769647121,0.61191678,-0.289146483,0.0145592373,0.300950795,-4.75412253e-06,-3.08115455e-06,5.64566744e-06,-2.49195591e-06,2.5922327e-05,4.80254894e-05
99,0.396000,-0.0284874495,0.769299865,0.612521768,-0.289521098,0.0145523222,0.301034659,-4.90941193e-06,-3.11380177e-06,5.50483946e-06,-2.39442556e-06,2.84671605e-05,4.65039084e-05
100,0.400000,-0.0285785329,0.769023001,0.612943351,-0.289925039,0.0145483315,0.301113874,-5.06865354e-06,-3.15034799e-06,5.36265316e-06,-2.29360262e-06,3.10411524e-05,4.49617364e-05
101,0.404000,-0.0286691394,0.768795967,0.613234878,-0.290348589,0.0145465909,0.301189572,-5.24717188e-06,-3.17786589e-06,5.23471135e-06,-2.1979663e-06,3.35527329e-05,4.34557769e-05
102,0.408000,-0.0287592988,0.768604934,0.613434017,-0.290783584,0.01454644,0.301262319,-5.4078464e-06,-3.2151288e-06,5.08265975e-06,-2.09497421e-06,3.6096968e-05,4.1932708e-05
103,0.412000,-0.0288464502,0.76843977,0.613567829,-0.291224241,0.0145108644,0.301354647,-5.56928626e-06,-3.24274129e-06,4.94327742e-06,-1.99967644e-06,3.85875464e-05,4.04403472e-05
104,0.416000,-0.0289314315,0.76829344,0.613655865,-0.291667461,0.0144441947,0.301464379,-5.71882902e-06,-3.27730027e-06,4.81067582e-06,-1.90554408e-06,4.11184265e-05,3.8925511e-05
105,0.420000,-0.0290164072,0.768160462,0.613711715,-0.292110711,0.0143773379,0.30157274,-5.88619923e-06,-3.30802527e-06,4.67534483e-06,-1.80792767e-06,4.36099035e-05,3.74318697e-05
106,0.424000,-0.0315372683,0.916736722,0.715006709,-0.380880415,0.0142153343,0.377501607,-6.04416437e-06,-3.34267179e-06,4.53562643e-06,-1.70998453e-06,4.61136005e-05,3.5933419e-05
107,0.428000,-0.0323653184,0.914262235,0.7221452,-0.380193889,0.0142181348,0.377989531,-6.21974641e-06,-3.37814095e-06,4.39514315e-06,-1.60819548e-06,4.86307836e-05,3.44244654e-05
108,0.432000,-0.0326167569,0.912268162,0.727033198,-0.379715204,0.0141356578,0.378200114,-6.37934272e-06,-3.40848942e-06,4.27237546e-06,-1.51831614e-06,5.11284888e-05,3.29291506e-05
109,0.436000,-0.0327516086,0.910812795,0.730461299,-0.379514456,0.0140539911,0.378365934,-6.53769393e-06,-3.44169212e-06,4.14506712e-06,-1.41421606e-06,5.36284024e-05,3.1434367e-05
110,0.440000,-0.0328562111,0.909743667,0.732860923,-0.379508197,0.0139730144,0.37851429,-6.71487669e-06,-3.48338494e-06,4.01531179e-06,-1.32775938e-06,5.61003581e-05,2.99495914e-05
111,0.444000,-0.0329528786,0.908948421,0.734535336,-0.379638851,0.0138923889,0.378653169,-6.88561295e-06,-3.51228141e-06,3.87586624e-06,-1.22708923e-06,5.85603048e-05,2.84763264e-05
112,0.448000,-0.0330478959,0.908346832,0.735697627,-0.379864037,0.0138119031,0.378785402,-7.05515504e-06,-3.56277292e-06,3.74209048e-06,-1.13120268e-06,6.10385177e-05,2.69900083e-05
113,0.452000,-0.0331426598,0.907882988,0.736499012,-0.380154014,0.0137315774,0.378913611,-7.20794924e-06,-3.58529724e-06,3.62939431e-06,-1.03809589e-06,6.34749158e-05,2.55337327e-05
114,0.456000,-0.0332373753,0.907515347,0.737045407,-0.380488098,0.013651209,0.379038751,-7.37461869e-06,-3.61988987e-06,3.51541121e-06,-9.42763734e-07,6.59507132e-05,2.40476948e-05
115,0.460000,-0.033331871,0.907217264,0.737412691,-0.380850405,0.0135709625,0.379161119,-7.54945404e-06,-3.6534143e-06,3.38576319e-06,-8.48216018e-07,6.83799008e-05,2.25898148e-05
116,0.464000,-0.0334260762,0.906968176,0.737654448,-0.381231815,0.0134905428,0.379281521,-7.73067222e-06,-3.68662927e-06,3.2527746e-06,-7.59824616e-07,7.07727377e-05,2.11557526e-05
117,0.468000,-0.0335196704,0.906753957,0.737807989,-0.381624252,0.0134101249,0.37940073,-7.88671878e-06,-3.73777948e-06,3.10289033e-06,-6.57821147e-07,7.32624248e-05,1.96647343e-05
118,0.472000,-0.0336125866,0.906564236,0.737899303,-0.382021546,0.0133297034,0.379518151,-8.07359356e-06,-3.75305603e-06,2.99934277e-06,-5.7076852e-07,7.56688314e-05,1.82186577e-05
119,0.476000,-0.0337046683,0.906392336,0.73794806,-0.38242209,0.0132490899,0.379634827,-8.24340532e-06,-3.79145536e-06,2.87643888e-06,-4.69148404e-07,7.81032286e-05,1.67608196e-05
120,0.480000,-0.0337958597,0.906232893,0.737966955,-0.382822216,0.0131684681,0.379750609,-8.42293684e-06,-3.84313898e-06,2.75236926e-06,-3.79065739e-07,8.05233722e-05,1.53090787e-05
121,0.484000,-0.036535725,1.05467558,0.840633512,-0.471312463,0.0130929165,0.454792053,-8.5880356e-06,-3.86028933e-06,2.64322489e-06,-2.89820321e-07,8.2923325e-05,1.38679106e-05
122,0.488000,-0.0373942144,1.05224967,0.848092854,-0.470543474,0.0129774241,0.455446929,-8.76570266e-06,-3.90069454e-06,2.52545101e-06,-1.94705223e-07,8.53277161e-05,1.24289381e-05
123,0.492000,-0.0376459882,1.05020642,0.853091776,-0.469954997,0.0128812529,0.455686361,-8.92402477e-06,-3.95027701e-06,2.42063879e-06,-1.02603167e-07,8.76971317e-05,1.1008512e-05
124,0.496000,-0.0377803184,1.04872358,0.856555343,-0.469664395,0.0127861416,0.455869645,-9.11701773e-06,-3.98933753e-06,2.30495789e-06,-1.90435543e-08,9.00984451e-05,9.56463919e-06
125,0.500000,-0.0378859304,1.04763889,0.858948469,-0.469582617,0.0126916356,0.456034303,-9.2766295e-06,-4.01128409e-06,2.19181265e-06,7.94555604e-08,9.24584165e-05,8.15229305e-06
126,0.504000,-0.037982218,1.04683328,0.860592723,-0.469644487,0.0125975329,0.456188887,-9.4494153e-06,-4.06200297e-06,2.07767016e-06,1.71730889e-07,9.48167581e-05,6.73696286e-06
127,0.508000,-0.0380758494,1.046224,0.861714065,-0.469805896,0.0125036864,0.456336141,-9.64361425e-06,-4.09732547e-06,1.97146574e-06,2.58631644e-07,9.72315975e-05,5.28604414e-06
128,0.512000,-0.0381692238,1.0457536,0.862470567,-0.470034629,0.0124100279,0.456478566,-9.83267728e-06,-4.13835187e-06,1.84603482e-06,3.43565716e-07,9.95860828e-05,3.87355567e-06
129,0.516000,-0.0382630862,1.04538023,0.862971961,-0.470308065,0.0123164468,0.456617355,-1.00009584e-05,-4.15499289e-06,1.7445318e-06,4.35301388e-07,0.000101897342,2.48552351e-06
130,0.520000,-0.0383574218,1.04507458,0.863295197,-0.470611215,0.0122229783,0.456753701,-1.01626947e-05,-4.19476783e-06,1.63122456e-06,5.29999625e-07,0.000104290812,1.05191896e-06
131,0.524000,-0.0384523198,1.04481852,0.863495886,-0.470933676,0.0121295005,0.45688796,-1.03350221e-05,-4.28205112e-06,1.49966922e-06,6.20345531e-07,0.000106642256,-3.58625357e-07
132,0.528000,-0.0385469496,1.04459655,0.863610387,-0.471267223,0.0120361308,0.457021117,-1.05112558e-05,-4.28735393e-06,1.41823216e-06,7.09505343e-07,0.000109000248,-1.77323636e-06
133,0.532000,-0.0386410058,1.04439926,0.863665223,-0.471606076,0.011942666,0.457152992,-1.07160949e-05,-4.33523519e-06,1.305919e-06,7.93984384e-07,0.000111276655,-3.1441532e-06
134,0.536000,-0.0387858674,1.04421878,0.863679767,-0.471950352,0.0118492106,0.457227468,-1.0881633e-05,-4.37772496e-06,1.20779112e-06,8.80952769e-07,0.000113623144,-4.54877272e-06
135,0.540000,-0.0389716327,1.04404938,0.863665819,-0.472295523,0.0117557207,0.457271039,-1.10417222e-05,-4.40172289e-06,1.10709641e-06,9.68452468e-07,0.000115932409,-5.9343638e-06
136,0.544000,-0.0427794531,1.16491258,0.947059095,-0.540985286,0.0116628921,0.512735367,-1.12299404e-05,-4.43721956e-06,9.85799147e-07,1.06486436e-06,0.00011822566,-7.31213277e-06
137,0.548000,-0.0445695296,1.16311574,0.953153133,-0.540422142,0.0115374448,0.512840092,-1.13987935e-05,-4.46932972e-06,8.9057346e-07,1.15330852e-06,0.000120566037,-8.71714747e-06
138,0.552000,-0.0452009961,1.16145086,0.957124531,-0.539955556,0.01143202,0.512884319,-1.15903549e-05,-4.52758377e-06,7.86762826e-07,1.24309997e-06,0.000122872589,-1.01000933e-05
139,0.556000,-0.0455656461,1.16024339,0.959838569,-0.539733171,0.0113275042,0.512942195,-1.17683667e-05,-4.54975907e-06,6.93359425e-07,1.32062212e-06,0.000125164835,-1.14779095e-05
140,0.560000,-0.0458485261,1.15935731,0.961684167,-0.539681792,0.0112238498,0.513001204,-1.19506567e-05,-4.60747196e-06,5.83913788e-07,1.4126565e-06,0.000127463572,-1.28567863e-05
141,0.564000,-0.0461020097,1.15869629,0.962929547,-0.53974843,0.0111207096,0.513056576,-1.21444864e-05,-4.64299592e-06,4.65242124e-07,1.49647997e-06,0.000129736858,-1.42231602e-05
142,0.568000,-0.0463432036,1.15819204,0.963759243,-0.539893806,0.011017899,0.513107359,-1.23291338e-05,-4.65837365e-06,3.75685545e-07,1.58503371e-06,0.00013199696,-1.5581285e-05
143,0.572000,-0.0465797633,1.15779805,0.964301825,-0.54009378,0.0109154163,0.513154626,-1.2507724e-05,-4.715253e-06,2.77162144e-07,1.66559539e-06,0.000134270158,-1.69444302e-05
144,0.576000,-0.0468147248,1.15747929,0.964645147,-0.540329158,0.0108133461,0.513196886,-1.26695559e-05,-4.7558724e-06,1.77711399e-07,1.75321884e-06,0.000136535658,-1.8302926e-05
145,0.580000,-0.0470490605,1.157215,0.964851618,-0.540587425,0.0107114268,0.513236701,-1.28784013e-05,-4.79420214e-06,7.85803422e-08,1.83770715e-06,0.000138771502,-1.96486053e-05
146,0.584000,-0.0472825542,1.1569891,0.964963853,-0.540860355,0.0106097991,0.513274074,-1.30473263e-05,-4.80069866e-06,-1.19084689e-08,1.92437051e-06,0.00014104275,-2.10132039e-05
147,0.588000,-0.0475151762,1.15678966,0.965010762,-0.541141152,0.010508501,0.513309002,-1.32146633e-05,-4.87172792e-06,-1.06309699e-07,2.01090279e-06,0.000143279089,-2.23541319e-05
148,0.592000,-0.0477459989,1.15660989,0.965013385,-0.541426063,0.0104074599,0.513342798,-1.33985377e-05,-4.87863463e-06,-1.90467858e-07,2.09870836e-06,0.000145519007,-2.36980541e-05
149,0.596000,-0.0479750149,1.15644383,0.964985907,-0.541712105,0.0103067709,0.513375282,-1.35839982e-05,-4.95475024e-06,-2.95690825e-07,2.17822048e-06,0.00014774091,-2.50321191e-05
150,0.600000,-0.0482015945,1.15628731,0.964938164,-0.541998029,0.0102063492,0.513407052,-1.37640827e-05,-4.9886321e-06,-3.9932354e-07,2.27009264e-06,0.000149991654,-2.63843776e-05
151,0.604000,-0.0511442423,1.26821578,1.04303908,-0.604843915,0.01010649,0.562500298,-1.39501108e-05,-5.0256258e-06,-4.88172191e-07,2.34568756e-06,0.000152206761,-2.77175895e-05
152,0.608000,-0.0529798865,1.26691544,1.04871321,-0.604328752,0.00997528806,0.562615693,-1.41367582e-05,-5.06543893e-06,-5.94959943e-07,2.43799786e-06,0.000154453781,-2.90647549e-05
153,0.612000,-0.053665325,1.26540339,1.05227125,-0.603867769,0.00986531563,0.562639952,-1.43138041e-05,-5.10467362e-06,-6.68604571e-07,2.5181555e-06,0.000156670605,-3.0396197e-05
154,0.616000,-0.0540365316,1.26431048,1.05467212,-0.603631258,0.00975668896,0.562686384,-1.44901733e-05,-5.1431025e-06,-7.48627031e-07,2.60117122e-06,0.000158854673,-3.17075937e-05
155,0.620000,-0.0542924106,1.2635113,1.05628395,-0.603551388,0.00964909885,0.562734604,-1.46801103e-05,-5.18624211e-06,-8.36744448e-07,2.68578765e-06,0.000161018805,-3.3010223e-05
156,0.624000,-0.0545088761,1.26291549,1.05735528,-0.603579104,0.00954234879,0.562778354,-1.4867157e-05,-5.22576011e-06,-9.33674414e-07,2.76189166e-06,0.000163192584,-3.43142674e-05
157,0.628000,-0.0547135398,1.26246226,1.05805504,-0.603679836,0.00943634473,0.562816441,-1.50379501e-05,-5.26011445e-06,-1.03410184e-06,2.84379553e-06,0.000165366786,-3.56199344e-05
158,0.632000,-0.0549150445,1.26210654,1.05849993,-0.603829741,0.00933109224,0.562849283,-1.52058647e-05,-5.30332545e-06,-1.11564668e-06,2.92945651e-06,0.000167592021,-3.69559821e-05
159,0.636000,-0.055115886,1.26182008,1.0587703,-0.604012072,0.00922656525,0.562879384,-1.54095578e-05,-5.34161154e-06,-1.19821516e-06,3.0069607e-06,0.000169717227,-3.82372891e-05
160,0.640000,-0.055316586,1.2615819,1.05892038,-0.604215145,0.00912269857,0.56290561,-1.55785419e-05,-5.3815711e-06,-1.29468617e-06,3.09437587e-06,0.000171908352,-3.95507523e-05
161,0.644000,-0.0555161051,1.26137745,1.05898833,-0.604431033,0.00901966076,0.562930584,-1.57652594e-05,-5.40542351e-06,-1.36021606e-06,3.1788577e-06,0.000174084227,-4.08566666e-05
162,0.648000,-0.0557143018,1.26119661,1.05900061,-0.604654849,0.00891729165,0.562953174,-1.59486408e-05,-5.46421097e-06,-1.45055753e-06,3.2576279e-06,0.000176244823,-4.21546683e-05
163,0.652000,-0.0559105128,1.26103282,1.05897474,-0.604881942,0.00881561171,0.562975049,-1.61238422e-05,-5.50132972e-06,-1.53389249e-06,3.33440335e-06,0.000178387971,-4.34425128e-05
164,0.656000,-0.0561044328,1.26088166,1.0589236,-0.605110347,0.00871480815,0.562995493,-1.63303666e-05,-5.54023882e-06,-1.61884327e-06,3.42177168e-06,0.000180561823,-4.47516941e-05
165,0.660000,-0.0562958978,1.26073933,1.05885506,-0.605337858,0.00861472264,0.56301558,-1.64894354e-05,-5.58470992e-06,-1.7113764e-06,3.5089829e-06,0.00018272661,-4.60483388e-05
166,0.664000,-0.0582592152,1.36172044,1.13115859,-0.662912786,0.00851533934,0.606189489,-1.66863065e-05,-5.62520654e-06,-1.77787081e-06,3.5857056e-06,0.00018485052,-4.73239561e-05
167,0.668000,-0.059912473,1.36104012,1.13648379,-0.662408054,0.00838827435,0.606342077,-1.68731149e-05,-5.6782601e-06,-1.86204454e-06,3.66619588e-06,0.000186923629,-4.85736928e-05
168,0.672000,-0.0604989193,1.35966802,1.13965118,-0.661954284,0.00828227494,0.606375456,-1.70254134e-05,-5.70788188e-06,-1.93950723e-06,3.74236561e-06,0.000189075436,-4.98639492e-05
169,0.676000,-0.060782712,1.3586694,1.14176452,-0.6617046,0.00817813445,0.606420159,-1.72218461e-05,-5.74291198e-06,-2.00917157e-06,3.81785912e-06,0.000191138563,-5.1104289e-05
170,0.680000,-0.0609716922,1.35794199,1.14316738,-0.661598444,0.00807541981,0.606463015,-1.74131746e-05,-5.78789331e-06,-2.10342796e-06,3.90350942e-06,0.000193259038,-5.23791823e-05
171,0.684000,-0.0611314103,1.35740173,1.14408648,-0.661590993,0.00797407702,0.606499255,-1.75834157e-05,-5.82058146e-06,-2.19615549e-06,3.97871554e-06,0.000195391447,-5.36610496e-05
172,0.688000,-0.0612839423,1.35699129,1.14467466,-0.661650062,0.00787433702,0.606529117,-1.77606307e-05,-5.86225269e-06,-2.25474264e-06,4.05993887e-06,0.000197513931,-5.49321776e-05
173,0.692000,-0.0614356957,1.35667038,1.14503729,-0.661754429,0.00777645502,0.606553912,-1.79498165e-05,-5.90486525e-06,-2.33045057e-06,4.13580437e-06,0.000199608272,-5.61940906e-05
174,0.696000,-0.0615884885,1.3564117,1.14524555,-0.661887884,0.00767977349,0.606574655,-1.81309515e-05,-5.94735047e-06,-2.41383714e-06,4.21527693e-06,0.000201699208,-5.74492296e-05
175,0.700000,-0.0617417246,1.35619617,1.14534914,-0.66204071,0.00758453738,0.606592536,-1.83185402e-05,-5.98307361e-06,-2.49542154e-06,4.29076181e-06,0.000203771735,-5.86954993e-05
176,0.704000,-0.0618949607,1.35601079,1.14538074,-0.662205219,0.00749052316,0.606608093,-1.84853907e-05,-6.04050047e-06,-2.56806015e-06,4.37108611e-06,0.000205846954,-5.99405939e-05
177,0.708000,-0.0620472431,1.35584652,1.14536369,-0.662376523,0.00739783421,0.606621981,-1.86870056e-05,-6.06616413e-06,-2.64620894e-06,4.44553052e-06,0.000207934834,-6.12004951e-05
178,0.712000,-0.0621982254,1.35569799,1.14531422,-0.662551105,0.00730655342,0.606634855,-1.88708236e-05,-6.09184235e-06,-2.71182216e-06,4.52598215e-06,0.00020999588,-6.24359818e-05
179,0.716000,-0.06234736,1.35555935,1.14524281,-0.662727416,0.00721667707,0.606647193,-1.90529972e-05,-6.13062457e-06,-2.79559845e-06,4.60186857e-06,0.000212038605,-6.36636687e-05
180,0.720000,-0.0624944568,1.35542917,1.14515698,-0.66290307,0.00712821726,0.606658578,-1.92179014e-05,-6.17270143e-06,-2.87844773e-06,4.68113103e-06,0.000214083688,-6.48934802e-05
181,0.724000,-0.0637008548,1.44345772,1.21062446,-0.715019822,0.00704048946,0.643900216,-1.94089043e-05,-6.20991977e-06,-2.93837365e-06,4.75905199e-06,0.000216128596,-6.6122775e-05
182,0.728000,-0.0649779215,1.44351721,1.215608,-0.714481294,0.00693083089,0.644107342,-1.95864232e-05,-6.26381552e-06,-3.00750025e-06,4.82991209e-06,0.000218172776,-6.73508475e-05
183,0.732000,-0.0654130355,1.44229102,1.21837568,-0.71404624,0.00684065837,0.64415133,-1.97686095e-05,-6.30826844e-06,-3.09543111e-06,4.91090077e-06,0.000220197238,-6.85693376e-05
184,0.736000,-0.0656132847,1.44138312,1.22019982,-0.713795304,0.00675300602,0.644195795,-1.99381193e-05,-6.34636035e-06,-3.17591389e-06,4.98285726e-06,0.000222288872,-6.98252115e-05
185,0.740000,-0.0657435358,1.44072258,1.22139657,-0.7136724,0.00666742679,0.644234419,-2.01112398e-05,-6.38254778e-06,-3.23247173e-06,5.06712331e-06,0.000224287709,-7.10244058e-05
186,0.744000,-0.0658545867,1.44023299,1.22216821,-0.713638008,0.00658368226,0.644265294,-2.03025029e-05,-6.43080875e-06,-3.29721934e-06,5.14111662e-06,0.000226328688,-7.22533878e-05
187,0.748000,-0.065962404,1.43986094,1.22265089,-0.713663578,0.00650194101,0.644289613,-2.04804201e-05,-6.47259503e-06,-3.34891502e-06,5.215089e-06,0.000228380202,-7.34842179e-05
188,0.752000,-0.0660717487,1.43956959,1.22293663,-0.713729143,0.00642209128,0.644308329,-2.06805798e-05,-6.49907906e-06,-3.4379982e-06,5.28514693e-06,0.00023032265,-7.46564838e-05
189,0.756000,-0.0661828294,1.43933439,1.22308838,-0.713821054,0.00634415355,0.644322813,-2.08553811e-05,-6.55048734e-06,-3.52488678e-06,5.36567632e-06,0.000232378312,-7.5889584e-05
190,0.760000,-0.066295132,1.43913805,1.2231493,-0.713930368,0.00626810826,0.644334793,-2.10377511e-05,-6.58708041e-06,-3.59086926e-06,5.43888109e-06,0.000234339532,-7.7068049e-05
191,0.764000,-0.0664077327,1.43896902,1.22314811,-0.714050055,0.00619397033,0.644344568,-2.12198265e-05,-6.61651211e-06,-3.64035782e-06,5.51228686e-06,0.00023635017,-7.82766729e-05
192,0.768000,-0.0665197596,1.43881929,1.22310543,-0.714176357,0.00612175278,0.644352734,-2.13858602e-05,-6.66083815e-06,-3.70670523e-06,5.59286673e-06,0.000238356195,-7.94826992e-05
193,0.772000,-0.0666307956,1.4386822,1.22303462,-0.71430552,0.00605146121,0.644360244,-2.15604432e-05,-6.68044186e-06,-3.77215406e-06,5.65899063e-06,0.000240285415,-8.06425378e-05
194,0.776000,-0.0667403489,1.43855512,1.22294486,-0.714435577,0.00598313753,0.644367039,-2.17400193e-05,-6.74082366e-06,-3.84909345e-06,5.74049136e-06,0.000242293609,-8.18502522e-05
195,0.780000,-0.0668482259,1.4384352,1.22284317,-0.714565873,0.00591672584,0.644372821,-2.19119956e-05,-6.78083961e-06,-3.91407093e-06,5.81118229e-06,0.000244276715,-8.30378776e-05
196,0.784000,-0.0673438236,1.51194143,1.28005648,-0.760387897,0.00585098658,0.675373673,-2.20932507e-05,-6.82376503e-06,-3.97045642e-06,5.88300099e-06,0.000246240204,-8.42225054e-05
197,0.788000,-0.0682245493,1.51277936,1.28460491,-0.759792209,0.00576969516,0.675633788,-2.22840226e-05,-6.8788072e-06,-4.02019305e-06,5.95452138e-06,0.00024816682,-8.53807724e-05
198,0.792000,-0.0685031042,1.51174366,1.28692186,-0.759395838,0.00570556149,0.675691605,-2.24424039e-05,-6.90876323e-06,-4.09926361e-06,6.03225453e-06,0.000250195677,-8.65971961e-05
199,0.796000,-0.0686226338,1.51093864,1.28842032,-0.759159148,0.00564439315,0.675736547,-2.26489483e-05,-6.95704784e-06,-4.1675853e-06,6.10131292e-06,0.000252096215,-8.77424536e-05
200,0.800000,-0.0687000453,1.51034999,1.28939068,-0.759033084,0.00558567327,0.675772905,-2.27206201e-05,-6.94339633e-06,-4.21575669e-06,6.12959138e-06,0.000252656988,-8.81738233e-05
201,0.804000,-0.0687688366,1.50991225,1.29000425,-0.758983195,0.00552925281,0.675800443,-2.27320543e-05,-6.90231809e-06,-4.25290136e-06,6.10518191e-06,0.000252037571,-8.79762592e-05
202,0.808000,-0.0688386559,1.50957859,1.29037547,-0.758984923,0.00547513273,0.675820529,-2.27787641e-05,-6.85469695e-06,-4.26966562e-06,6.08412483e-06,0.00025125625,-8.76848571e-05
203,0.812000,-0.0689111054,1.50931609,1.29058063,-0.75902009,0.00542328879,0.675836265,-2.27996861e-05,-6.81600613e-06,-4.29438387e-06,6.06301728e-06,0.000250582321,-8.7453569e-05
204,0.816000,-0.0689861402,1.50910187,1.29067469,-0.75907892,0.00537367351,0.675847173,-2.2807988e-05,-6.77594062e-06,-4.32554498e-06,6.04465777e-06,0.000249884702,-8.72061573e-05
205,0.820000,-0.0690625384,1.50892222,1.29069233,-0.75915128,0.00532632694,0.675855994,-2.28479694e-05,-6.73557633e-06,-4.35646507e-06,6.02153068e-06,0.000249257573,-8.70011208e-05
206,0.824000,-0.0691396073,1.50876677,1.29065907,-0.75923264,0.00528121181,0.675862908,-2.28657736e-05,-6.69867677e-06,-4.38228062e-06,6.00150815e-06,0.000248633878,-8.67956478e-05
207,0.828000,-0.0692163557,1.50862682,1.29059136,-0.759320736,0.0052383123,0.675868392,-2.28830359e-05,-6.65764082e-06,-4.41316206e-06,5.98359884e-06,0.00024796449,-8.65628099e-05
208,0.832000,-0.0692922845,1.50849891,1.29050004,-0.759410441,0.00519758742,0.675873697,-2.29038724e-05,-6.61602144e-06,-4.44667512e-06,5.95786696e-06,0.000247316755,-8.63409514e-05
209,0.836000,-0.0693669915,1.5083791,1.29039264,-0.759501219,0.00515909307,0.67587781,-2.29320394e-05,-6.57571854e-06,-4.48206447e-06,5.93886125e-06,0.000246683427,-8.61326407e-05
210,0.840000,-0.0694403127,1.50826538,1.29027522,-0.759592175,0.00512276869,0.675881803,-2.29636826e-05,-6.53190591e-06,-4.51727465e-06,5.9219592e-06,0.000245973584,-8.58787535e-05
211,0.844000,-0.0691821352,1.57201052,1.34185421,-0.80117631,0.00508610625,0.702796459,-2.29814759e-05,-6.49272215e-06,-4.5619995e-06,5.90584477e-06,0.000245374889,-8.56864353e-05
212,0.848000,-0.0695713013,1.57373285,1.34603214,-0.800469756,0.00503831916,0.703180969,-2.29759062e-05,-6.43731346e-06,-4.57068836e-06,5.88349576e-06,0.000244770752,-8.54854807e-05
213,0.852000,-0.0696895048,1.57292485,1.34791815,-0.800112009,0.00500638969,0.703253448,-2.29902871e-05,-6.41774386e-06,-4.59703642e-06,5.85751513e-06,0.000244045179,-8.52207813e-05
214,0.856000,-0.0697347894,1.57222545,1.34909844,-0.799896836,0.00497754011,0.703300476,-2.30183323e-05,-6.35862125e-06,-4.62086609e-06,5.84000327e-06,0.00024331671,-8.49556163e-05
215,0.860000,-0.0697669685,1.57170606,1.34984827,-0.799774766,0.00495111011,0.703334332,-2.30271507e-05,-6.33890613e-06,-4.6442442e-06,5.82074063e-06,0.000242706228,-8.47552437e-05
216,0.864000,-0.0698010176,1.57131553,1.35030842,-0.799715519,0.00492701773,0.703358889,-2.30293444e-05,-6.30154136e-06,-4.6781638e-06,5.80047026e-06,0.000242022797,-8.45079412e-05
217,0.868000,-0.0698396862,1.57101572,1.35057223,-0.799698472,0.0049052136,0.703377128,-2.30399528e-05,-6.2620511e-06,-4.71223302e-06,5.78575282e-06,0.000241373345,-8.42818627e-05
218,0.872000,-0.0698824674,1.57077551,1.35070133,-0.799710214,0.00488558039,0.703390479,-2.30550759e-05,-6.22071366e-06,-4.74063609e-06,5.76055891e-06,0.000240703477,-8.40454304e-05
219,0.876000,-0.0699281767,1.57057858,1.35073996,-0.799740195,0.00486815907,0.703399479,-2.30513797e-05,-6.18626837e-06,-4.76740979e-06,5.73976786e-06,0.000240078734,-8.38336273e-05
220,0.880000,-0.0699754432,1.57041085,1.35071707,-0.799782574,0.0048528444,0.70340699,-2.30664336e-05,-6.15258068e-06,-4.77364574e-06,5.72345925e-06,0.000239440895,-8.36130057e-05
221,0.884000,-0.0700235516,1.57026315,1.35065186,-0.799831688,0.00483965315,0.703412354,-2.30689802e-05,-6.10027746e-06,-4.79307528e-06,5.70402062e-06,0.000238799621,-8.33888989e-05
222,0.888000,-0.0700715184,1.57012963,1.35055923,-0.799885631,0.00482852478,0.703416824,-2.3061204e-05,-6.06982894e-06,-4.82745054e-06,5.69319218e-06,0.000238229448,-8.32051446e-05
223,0.892000,-0.0701190531,1.57000637,1.35044742,-0.799941719,0.00481944717,0.703421474,-2.30754758e-05,-6.02677437e-06,-4.8599768e-06,5.67148982e-06,0.00023756249,-8.29712517e-05
224,0.896000,-0.0701656938,1.56988966,1.35032201,-0.799998164,0.00481235795,0.703424513,-2.30650894e-05,-5.99103896e-06,-4.88534533e-06,5.6491117e-06,0.000236926746,-8.27496697e-05
225,0.900000,-0.0702111721,1.56977761,1.35018861,-0.800055146,0.00480725151,0.703427196,-2.30756214e-05,-5.95155052e-06,-4.90058119e-06,5.63133199e-06,0.000236272899,-8.25195821e-05
226,0.904000,-0.0695948228,1.61445999,1.38651335,-0.829337239,0.0048009106,0.722688317,-2.30850146e-05,-5.93476125e-06,-4.92530671e-06,5.61497654e-06,0.000235637475,-8.22993024e-05
227,0.908000,-0.0697121322,1.61668813,1.38918412,-0.828786254,0.00478833774,0.723018885,-2.30831956e-05,-5.88267494e-06,-4.96272514e-06,5.59503587e-06,0.000234983396,-8.20680652e-05
228,0.912000,-0.0697254911,1.61636353,1.39009023,-0.828594267,0.00478792842,0.723079801,-2.30700043e-05,-5.84754616e-06,-4.98120789e-06,5.58259217e-06,0.000234405627,-8.18780609e-05
229,0.916000,-0.0697289929,1.61595941,1.39058828,-0.828493178,0.00479027024,0.72311008,-2.30775004e-05,-5.80892083e-06,-4.99081943e-06,5.55446331e-06,0.000233708983,-8.16253378e-05
230,0.920000,-0.0697405264,1.61563456,1.39087033,-0.828439355,0.00479445746,0.723130107,-2.3066832e-05,-5.77959281e-06,-5.00491387e-06,5.54249345e-06,0.000233063329,-8.13922525e-05
231,0.924000,-0.0697592869,1.61537778,1.39101171,-0.828417003,0.0048005865,0.723143458,-2.30578844e-05,-5.74305159e-06,-5.04424042e-06,5.522626e-06,0.00023239624,-8.11509672e-05
232,0.928000,-0.0697829276,1.61516631,1.3910557,-0.828414977,0.00480844034,0.723153293,-2.30468959e-05,-5.70578504e-06,-5.07678533e-06,5.50348841e-06,0.000231761078,-8.09241028e-05
233,0.932000,-0.0698093027,1.61498928,1.39103532,-0.828426182,0.00481804553,0.723160267,-2.30348614e-05,-5.66923973e-06,-5.09419397e-06,5.47884201e-06,0.000231133672,-8.07033211e-05
234,0.936000,-0.0698373839,1.61483359,1.39096975,-0.828445911,0.00482930569,0.723164797,-2.30448841e-05,-5.63965887e-06,-5.10537302e-06,5.46590218e-06,0.00023052156,-8.04919036e-05
235,0.940000,-0.0698661134,1.61469352,1.39087403,-0.828470886,0.00484218961,0.723169386,-2.30315381e-05,-5.60662238e-06,-5.12817405e-06,5.44886234e-06,0.000229920013,-8.02853101e-05
236,0.944000,-0.0698948354,1.61456418,1.39075744,-0.828498125,0.00485668518,0.723171651,-2.30020596e-05,-5.57354178e-06,-5.15676811e-06,5.43455144e-06,0.000229353565,-8.0097212e-05
237,0.948000,-0.0699232072,1.61444247,1.39062631,-0.828526795,0.00487267226,0.723174572,-2.30023979e-05,-5.55403221e-06,-5.17434e-06,5.41432701e-06,0.000228680918,-7.98513793e-05
238,0.952000,-0.0699510351,1.61432743,1.39048731,-0.828555942,0.00489015086,0.72317636,-2.30102887e-05,-5.50801178e-06,-5.1809393e-06,5.39754228e-06,0.000228062621,-7.96346212e-05
239,0.956000,-0.0699781328,1.61421514,1.39034128,-0.828584433,0.00490907719,0.723178506,-2.29758371e-05,-5.47407944e-06,-5.21890979e-06,5.38096401e-06,0.00022748881,-7.94405205e-05
240,0.960000,-0.0700043067,1.61410594,1.3901906,-0.828611493,0.00492932228,0.72318083,-2.29510824e-05,-5.44237446e-06,-5.24432926e-06,5.3635722e-06,0.000226889766,-7.92352803e-05
241,0.964000,-0.0697283298,1.64119899,1.41184282,-0.844383955,0.00494852429,0.735680342,-2.29562302e-05,-5.40567271e-06,-5.26382337e-06,5.34678838e-06,0.000226190794,-7.89722544e-05
242,0.968000,-0.0698717833,1.64321613,1.4134562,-0.84396863,0.00496384036,0.735894084,-2.29338912e-05,-5.37244887e-06,-5.27787688e-06,5.33065167e-06,0.000225556942,-7.87443569e-05
243,0.972000,-0.0698786303,1.64316535,1.41381443,-0.843859553,0.00498759747,0.735937178,-2.29302113e-05,-5.3545391e-06,-5.29251474e-06,5.30674197e-06,0.000224919102,-7.85193697e-05
244,0.976000,-0.0698752776,1.64294255,1.41393399,-0.843811274,0.00501330476,0.735954046,-2.29042234e-05,-5.32730519e-06,-5.31168098e-06,5.29559838e-06,0.000224324554,-7.83098585e-05
245,0.980000,-0.0698793158,1.64273739,1.41395545,-0.843785822,0.00504026096,0.735963345,-2.28792032e-05,-5.31041587e-06,-5.31739443e-06,5.27637849e-06,0.000223668627,-7.80689297e-05
246,0.984000,-0.0698892474,1.64256096,1.41391754,-0.843773544,0.00506834919,0.735969007,-2.28727476e-05,-5.2512064e-06,-5.34658147e-06,5.2510909e-06,0.000223032548,-7.78403555e-05
247,0.988000,-0.0699024796,1.64240372,1.41383791,-0.84376812,0.00509753451,0.735972345,-2.28520003e-05,-5.21618313e-06,-5.38055156e-06,5.24128927e-06,0.000222492337,-7.76621455e-05
248,0.992000,-0.069917202,1.64226282,1.41373146,-0.843767822,0.00512772426,0.735975146,-2.28352128e-05,-5.18525758e-06,-5.39011353e-06,5.22363871e-06,0.000221872499,-7.74399086e-05
249,0.996000,-0.0699325427,1.6421324,1.41360581,-0.843770087,0.00515888166,0.735977232,-2.28066747e-05,-5.15135252e-06,-5.42569842e-06,5.2104624e-06,0.00022129016,-7.72361091e-05
250,1.000000,-0.069947958,1.64200807,1.41346741,-0.84377408,0.00519104814,0.735978961,-2.27935398e-05,-5.11611415e-06,-5.43747501e-06,5.18960996e-06,0.000220681046,-7.70175393e-05
251,1.004000,-0.0699631274,1.64188886,1.41331887,-0.843777299,0.00522405934,0.735978901,-2.27536912e-05,-5.09484926e-06,-5.45563898e-06,5.17543822e-06,0.000220151182,-7.68472455e-05
252,1.008000,-0.0699779391,1.64177489,1.41316605,-0.843781173,0.00525787659,0.735979438,-2.27417877e-05,-5.06025981e-06,-5.47427362e-06,5.16078489e-06,0.000219510883,-7.66129597e-05
253,1.012000,-0.0699922815,1.64166236,1.41300845,-0.843783498,0.00529248361,0.735979915,-2.27273376e-05,-5.0279823e-06,-5.48221897e-06,5.1397592e-06,0.000218848945,-7.63665812e-05
254,1.016000,-0.0700059533,1.64155149,1.41284776,-0.843784869,0.00532796094,0.735980511,-2.27110759e-05,-5.00067154e-06,-5.50386267e-06,5.12809811e-06,0.000218283967,-7.61746123e-05
255,1.020000,-0.0700192377,1.64144194,1.41268539,-0.843785048,0.00536398962,0.735981643,-2.26835182e-05,-4.9696273e-06,-5.50448385e-06,5.10899918e-06,0.000217673427,-7.59547547e-05
256,1.024000,-0.0699397698,1.65702879,1.42482483,-0.850565493,0.00539903203,0.743721545,-2.26628799e-05,-4.95564746e-06,-5.53936752e-06,5.08967878e-06,0.000217053414,-7.57294983e-05
257,1.028000,-0.070053339,1.65856373,1.42590964,-0.850198448,0.00543093449,0.743878126,-2.26396023e-05,-4.92122854e-06,-5.5396099e-06,5.06928245e-06,0.000216399902,-7.5488555e-05
258,1.032000,-0.0700535625,1.65858459,1.4260807,-0.850095987,0.00546857994,0.743910551,-2.25911299e-05,-4.88616297e-06,-5.56528221e-06,5.05610205e-06,0.000215859865,-7.52989145e-05
259,1.036000,-0.0700457096,1.65842533,1.42607427,-0.850044906,0.00550740771,0.743921638,-2.25794483e-05,-4.85329565e-06,-5.56078476e-06,5.04261607e-06,0.000215250446,-7.50813051e-05
260,1.040000,-0.070043534,1.65826118,1.42600691,-0.850010335,0.00554679427,0.743926346,-2.25457497e-05,-4.84001612e-06,-5.57992826e-06,5.02713237e-06,0.000214655971,-7.4870426e-05
261,1.044000,-0.0700459033,1.65811014,1.42590439,-0.849982262,0.00558670191,0.743928969,-2.24977975e-05,-4.81543839e-06,-5.60510125e-06,5.01006616e-06,0.000214119558,-7.4685966e-05
262,1.048000,-0.0700507164,1.65797114,1.4257797,-0.849957645,0.00562695181,0.743930459,-2.24912837e-05,-4.76703963e-06,-5.63140111e-06,4.9950595e-06,0.000213474006,-7.4445772e-05
263,1.052000,-0.0700566545,1.65784121,1.42563903,-0.849933922,0.00566763664,0.743931115,-2.24716641e-05,-4.73358568e-06,-5.65058963e-06,4.9793648e-06,0.000212897605,-7.42429038e-05
264,1.056000,-0.0700630546,1.65771699,1.42548728,-0.849911332,0.00570868002,0.743930936,-2.24294527e-05,-4.70945042e-06,-5.66543349e-06,4.96813891e-06,0.000212383355,-7.40752657e-05
265,1.060000,-0.0700695217,1.65759718,1.42532814,-0.849889159,0.00575004658,0.743930817,-2.24050673e-05,-4.6821815e-06,-5.68424957e-06,4.95108452e-06,0.000211787497,-7.38576491e-05
266,1.064000,-0.0700758249,1.65747929,1.42516375,-0.849866271,0.0057916576,0.743930638,-2.23835814e-05,-4.65146013e-06,-5.70288466e-06,4.93288871e-06,0.000211148188,-7.36183356e-05
267,1.068000,-0.0700819343,1.65736413,1.42499554,-0.849841893,0.00583353126,0.743930995,-2.23622119e-05,-4.6368209e-06,-5.73617808e-06,4.91369383e-06,0.000210571641,-7.34164278e-05
268,1.072000,-0.0700876862,1.6572504,1.42482471,-0.849816203,0.00587557489,0.743930995,-2.2335882e-05,-4.61074524e-06,-5.7436182e-06,4.90001639e-06,0.000209997525,-7.32134358e-05
269,1.076000,-0.070093073,1.65713727,1.4246515,-0.849789321,0.00591782946,0.743930578,-2.22865892e-05,-4.58452951e-06,-5.75831655e-06,4.88664909e-06,0.000209427875,-7.30109023e-05
270,1.080000,-0.0700981542,1.65702593,1.42447758,-0.849760711,0.00596021488,0.743930399,-2.22633298e-05,-4.54139899e-06,-5.7427178e-06,4.87001034e-06,0.000208838464,-7.27991355e-05
271,1.084000,-0.0697454065,1.66224384,1.42781556,-0.848400712,0.00600095931,0.746833146,-2.22257695e-05,-4.51704682e-06,-5.75517652e-06,4.85149303e-06,0.000208303783,-7.26168728e-05
272,1.088000,-0.0696676746,1.66286933,1.42843294,-0.848109484,0.00604083389,0.746928513,-2.22021063e-05,-4.48322544e-06,-5.79180187e-06,4.83838357e-06,0.000207660109,-7.23730773e-05
273,1.092000,-0.06961371,1.66278613,1.42854249,-0.847989082,0.00608317228,0.746954918,-2.21588343e-05,-4.45954947e-06,-5.80662663e-06,4.82544328e-06,0.000207117584,-7.21848119e-05
274,1.096000,-0.0695859417,1.66261232,1.42851913,-0.847911239,0.0061259754,0.746964753,-2.21378396e-05,-4.42794317e-06,-5.82804478e-06,4.80307108e-06,0.000206489494,-7.19461168e-05
275,1.100000,-0.0695739985,1.66244256,1.42843831,-0.847847939,0.00616885955,0.746969819,-2.20939419e-05,-4.40014537e-06,-5.8410651e-06,4.79126584e-06,0.000205908276,-7.17363582e-05
276,1.104000,-0.0695690662,1.66228688,1.42832386,-0.847791195,0.00621171249,0.746973038,-2.2061502e-05,-4.37533708e-06,-5.85276666e-06,4.77430694e-06,0.000205364384,-7.15460847e-05
277,1.108000,-0.0695674121,1.66214395,1.42818666,-0.847737908,0.00625448395,0.746974349,-2.20296824e-05,-4.34884487e-06,-5.84850613e-06,4.76214882e-06,0.000204845739,-7.13698391e-05
278,1.112000,-0.0695673376,1.66200995,1.42803442,-0.847687125,0.00629716646,0.746975899,-2.19983849e-05,-4.34096455e-06,-5.86446595e-06,4.74373155e-06,0.000204236596,-7.11437388e-05
279,1.116000,-0.0695679858,1.66188133,1.4278698,-0.847637057,0.00633978099,0.746976316,-2.1946882e-05,-4.3021746e-06,-5.88962939e-06,4.73616274e-06,0.000203713542,-7.09608721e-05
280,1.120000,-0.0695690438,1.66175854,1.42769873,-0.84758687,0.00638226699,0.746976078,-2.19285266e-05,-4.2882416e-06,-5.89808633e-06,4.72084093e-06,0.000203174932,-7.0775226e-05
281,1.124000,-0.0695701763,1.6616379,1.42752147,-0.847535372,0.00642457837,0.746975839,-2.18954738e-05,-4.2648303e-06,-5.91215212e-06,4.70262512e-06,0.000202569339,-7.05506172e-05
282,1.128000,-0.0695711821,1.66151893,1.42733979,-0.847483456,0.00646674912,0.746976972,-2.18565874e-05,-4.22479161e-06,-5.92326342e-06,4.69273846e-06,0.000202046402,-7.03668484e-05
283,1.132000,-0.069572337,1.66140187,1.42715585,-0.84743005,0.00650868379,0.746977389,-2.18265195e-05,-4.21024697e-06,-5.94547146e-06,4.67897826e-06,0.000201501214,-7.01772151e-05
284,1.136000,-0.0695732832,1.66128516,1.42696893,-0.847375095,0.00655044988,0.746977329,-2.17876568e-05,-4.18218087e-06,-5.95074152e-06,4.65706944e-06,0.000200920651,-6.99619268e-05
285,1.140000,-0.0695738941,1.66116869,1.42677915,-0.847318172,0.00659196405,0.746978879,-2.17560973e-05,-4.15657814e-06,-5.95880783e-06,4.64495679e-06,0.000200316717,-6.97399082e-05
286,1.144000,-0.0685925335,1.65685904,1.42176175,-0.838812888,0.00663066423,0.744826078,-2.1714277e-05,-4.119408e-06,-5.97655389e-06,4.6312789e-06,0.00019980513,-6.95643248e-05
287,1.148000,-0.0681701228,1.65620601,1.42187119,-0.838652313,0.00667248573,0.744850218,-2.16694862e-05,-4.11019528e-06,-5.99586292e-06,4.6142568e-06,0.000199225295,-6.93484835e-05
288,1.152000,-0.0680069551,1.65583348,1.42196703,-0.83851254,0.00671328977,0.744870663,-2.16439894e-05,-4.06821891e-06,-5.97632743e-06,4.60660885e-06,0.000198660142,-6.91441455e-05
289,1.156000,-0.0679399967,1.65556121,1.42198873,-0.838393211,0.00675374782,0.744883537,-2.16114095e-05,-4.04446837e-06,-5.99768509e-06,4.58499972e-06,0.000198083348,-6.89334483e-05
290,1.160000,-0.067910403,1.65533996,1.42194605,-0.838290274,0.00679384358,0.744892359,-2.15682994e-05,-4.02015667e-06,-6.01427928e-06,4.57312899e-06,0.000197548477,-6.87420688e-05
291,1.164000,-0.0678964481,1.65515029,1.42185521,-0.838196933,0.00683365157,0.74489826,-2.15209566e-05,-3.99684768e-06,-6.02112914e-06,4.55719646e-06,0.000197005706,-6.85469859e-05
292,1.168000,-0.0678896606,1.65498471,1.42173171,-0.838110089,0.00687309541,0.744901597,-2.1490976e-05,-3.97406393e-06,-6.04145453e-06,4.5432198e-06,0.0001964892,-6.83680919e-05
293,1.172000,-0.0678861812,1.65483332,1.4215827,-0.838025868,0.00691223005,0.744903386,-2.14599095e-05,-3.94383187e-06,-6.02991986e-06,4.53161283e-06,0.000195886532,-6.81391321e-05
294,1.176000,-0.0678841993,1.6546917,1.42141604,-0.837944627,0.00695094932,0.744905651,-2.14199517e-05,-3.92185211e-06,-6.06791673e-06,4.51929054e-06,0.000195402085,-6.79773875e-05
295,1.180000,-0.0678830892,1.65455806,1.42123747,-0.837865353,0.00698928349,0.744908452,-2.13944313e-05,-3.89566685e-06,-6.07403854e-06,4.49864274e-06,0.000194813387,-6.77584685e-05
296,1.184000,-0.0678824037,1.65442979,1.42104912,-0.837784648,0.0070272903,0.7449103,-2.13405965e-05,-3.87162436e-06,-6.10219558e-06,4.4870867e-06,0.000194278458,-6.75646006e-05
297,1.188000,-0.0678818375,1.65430474,1.42085338,-0.83770287,0.00706486776,0.744911611,-2.13040366e-05,-3.84504801e-06,-6.10849247e-06,4.47142384e-06,0.000193748216,-6.73764516e-05
298,1.192000,-0.0678814203,1.65418267,1.4206537,-0.837620854,0.00710202847,0.744913578,-2.12758259e-05,-3.81977497e-06,-6.12405256e-06,4.45809656e-06,0.000193204454,-6.71792222e-05
299,1.196000,-0.0678810254,1.65406168,1.42044997,-0.837537646,0.00713879336,0.744915783,-2.12282212e-05,-3.80061965e-06,-6.12095391e-06,4.44655097e-06,0.000192736799,-6.70262089e-05
300,1.200000,-0.0678806081,1.6539402,1.42024302,-0.837452531,0.00717509864,0.744917512,-2.11862753e-05,-3.77830088e-06,-6.13748398e-06,4.43795261e-06,0.000192213338,-6.6840701e-05
301,1.204000,-0.0661781505,1.64040732,1.40683973,-0.822886467,0.00720671099,0.737350702,-2.11672832e-05,-3.76634307e-06,-6.13620477e-06,4.41664497e-06,0.000191618892,-6.66181586e-05
302,1.208000,-0.0653314367,1.63811553,1.40627408,-0.822959721,0.00724763982,0.737282515,-2.1118969e-05,-3.7474199e-06,-6.14815053e-06,4.40925851e-06,0.000191116385,-6.64426407e-05
303,1.212000,-0.0650214404,1.63726497,1.40632796,-0.822827876,0.00728350412,0.737288356,-2.10763719e-05,-3.72601835e-06,-6.17805244e-06,4.39342512e-06,0.000190597799,-6.62608436e-05
304,1.216000,-0.0648989156,1.6368072,1.40641356,-0.822669864,0.0073180981,0.737302601,-2.10387152e-05,-3.69407098e-06,-6.20057972e-06,4.37697099e-06,0.000190036895,-6.60486185e-05
305,1.220000,-0.0648466945,1.63648903,1.40643275,-0.8225227,0.0073520327,0.737314582,-2.10064973e-05,-3.65554183e-06,-6.17355954e-06,4.36104528e-06,0.000189463055,-6.58341305e-05
306,1.224000,-0.064823173,1.63624012,1.4063859,-0.822388887,0.00738545647,0.737323344,-2.09490609e-05,-3.65234996e-06,-6.19708635e-06,4.35058246e-06,0.000188904261,-6.5621367e-05
307,1.228000,-0.064812243,1.63603175,1.40628695,-0.822265327,0.00741847372,0.737329543,-2.09165519e-05,-3.6114634e-06,-6.20342962e-06,4.33403875e-06,0.000188350255,-6.541935e-05
308,1.232000,-0.0648077726,1.6358521,1.40615082,-0.822149754,0.00745095592,0.737333119,-2.0855563e-05,-3.59089381e-06,-6.20221772e-06,4.32151182e-06,0.000187887097,-6.52627423e-05
309,1.236000,-0.0648067743,1.63569057,1.40598738,-0.822039545,0.00748299714,0.73733449,-2.08049059e-05,-3.58648049e-06,-6.21714207e-06,4.30758519e-06,0.000187371988,-6.50755828e-05
310,1.240000,-0.064806968,1.63554144,1.40580428,-0.821931362,0.00751452846,0.737335503,-2.0768246e-05,-3.55010661e-06,-6.22219613e-06,4.29824331e-06,0.0001868689,-6.49008725e-05
311,1.244000,-0.0648078397,1.63540149,1.40560699,-0.821823418,0.00754559971,0.737336576,-2.07396915e-05,-3.52560505e-06,-6.24922086e-06,4.2851907e-06,0.000186308011,-6.46907574e-05
312,1.248000,-0.0648091435,1.63526762,1.40539873,-0.821715295,0.00757618435,0.737337947,-2.06970926e-05,-3.49639322e-06,-6.24936911e-06,4.26987526e-06,0.000185758399,-6.44848624e-05
313,1.252000,-0.064810656,1.63513732,1.40518272,-0.821606159,0.00760627817,0.737338841,-2.06552359e-05,-3.47762716e-06,-6.25617122e-06,4.25414328e-06,0.00018529917,-6.43296225e-05
314,1.256000,-0.0648123473,1.63500953,1.40496004,-0.821496069,0.00763586257,0.737340033,-2.06128516e-05,-3.47513424e-06,-6.2778463e-06,4.24207974e-06,0.000184789678,-6.41486113e-05
315,1.260000,-0.0648140088,1.634884,1.40473318,-0.821384192,0.00766494172,0.737341642,-2.05633987e-05,-3.43795546e-06,-6.26108022e-06,4.23702886e-06,0.000184264572,-6.39544232e-05
316,1.264000,-0.0625264943,1.60605979,1.37664461,-0.798286319,0.00768643711,0.721671462,-2.05289252e-05,-3.42209796e-06,-6.26030214e-06,4.21708546e-06,0.00018375623,-6.37772464e-05
317,1.268000,-0.0610478781,1.60072815,1.37458026,-0.798962235,0.00772924209,0.721401751,-2.0472542e-05,-3.41299074e-06,-6.27633335e-06,4.20265997e-06,0.000183251701,-6.35949109e-05
318,1.272000,-0.0605871789,1.59890044,1.37435377,-0.798965216,0.00775953243,0.721360087,-2.04290645e-05,-3.37539336e-06,-6.2760837e-06,4.18916306e-06,0.00018273732,-6.34102616e-05
319,1.276000,-0.0604116134,1.59807944,1.37446487,-0.798799396,0.00778695196,0.721366286,-2.03923173e-05,-3.35548884e-06,-6.27745294e-06,4.17838874e-06,0.00018223493,-6.32343072e-05
320,1.280000,-0.0603403598,1.597592,1.37455952,-0.798618317,0.00781330839,0.721377611,-2.03448017e-05,-3.3369331e-06,-6.28989937e-06,4.16785724e-06,0.000181716401,-6.30434224e-05
321,1.284000,-0.0603124052,1.59724569,1.37457669,-0.798453271,0.00783900172,0.721381545,-2.03188793e-05,-3.3141016e-06,-6.30361365e-06,4.1513963e-06,0.000181171141,-6.28408015e-05
322,1.288000,-0.0603011101,1.5969758,1.37452281,-0.798298836,0.00786419772,0.721386552,-2.02697665e-05,-3.29355225e-06,-6.31565854e-06,4.13717135e-06,0.000180638628,-6.26404435e-05
323,1.292000,-0.0602974743,1.596753,1.37441397,-0.798153043,0.00788885169,0.721390665,-2.02377305e-05,-3.26559075e-06,-6.33029458e-06,4.12473355e-06,0.000180050134,-6.24137247e-05
324,1.296000,-0.0602984913,1.59656167,1.37426269,-0.79801178,0.00791300554,0.72139585,-2.01845687e-05,-3.24693906e-06,-6.33392483e-06,4.11304518e-06,0.000179620401,-6.2270854e-05
325,1.300000,-0.0603013001,1.59639251,1.37408173,-0.797873795,0.00793671981,0.721399307,-2.01417697e-05,-3.22643882e-06,-6.33230729e-06,4.09778704e-06,0.000179146737,-6.21056242e-05
326,1.304000,-0.0603051484,1.59623885,1.37387908,-0.797737479,0.00795990415,0.721403658,-2.01059684e-05,-3.20846129e-06,-6.32798628e-06,4.08737878e-06,0.000178639806,-6.19178027e-05
327,1.308000,-0.0603096895,1.59609532,1.3736608,-0.797601938,0.00798260048,0.721407533,-2.00719169e-05,-3.18644379e-06,-6.35379138e-06,4.07969765e-06,0.000178119066,-6.17265323e-05
328,1.312000,-0.0603145137,1.59595895,1.37343049,-0.797465444,0.00800481066,0.721411705,-2.00066261e-05,-3.16404908e-06,-6.3697421e-06,4.06385107e-06,0.000177675465,-6.15747049e-05
329,1.316000,-0.0603196435,1.59582555,1.37319005,-0.797328353,0.00802651979,0.721416354,-1.99883616e-05,-3.14353383e-06,-6.37405128e-06,4.05039145e-06,0.000177134789,-6.13753291e-05
330,1.320000,-0.0603248738,1.59569585,1.37294269,-0.797189891,0.00804771855,0.721420586,-1.99275546e-05,-3.12517159e-06,-6.39362224e-06,4.03767217e-06,0.000176676316,-6.12137883e-05
331,1.324000,-0.0588444993,1.5575273,1.33495951,-0.771283269,0.00806216709,0.700690269,-1.98864054e-05,-3.10252335e-06,-6.39193786e-06,4.02720616e-06,0.000176192858,-6.10412753e-05
332,1.328000,-0.0571108907,1.55002546,1.33168781,-0.772572339,0.00810461957,0.700170219,-1.98414637e-05,-3.08135805e-06,-6.40964208e-06,4.01376701e-06,0.000175707639,-6.0868435e-05
333,1.332000,-0.0566877201,1.54733348,1.33104229,-0.772765219,0.00812903419,0.700078785,-1.98095477e-05,-3.06462744e-06,-6.40483358e-06,4.00313365e-06,0.000175229943,-6.0700062e-05
334,1.336000,-0.0565792471,1.5461607,1.33103073,-0.772645116,0.00814925879,0.70007211,-1.97439167e-05,-3.04829405e-06,-6.40825328e-06,3.99270994e-06,0.000174800123,-6.05559653e-05
335,1.340000,-0.0565441921,1.5455209,1.33111012,-0.772459447,0.00816791877,0.70007807,-1.97047484e-05,-3.02632134e-06,-6.41278484e-06,3.98117209e-06,0.000174243862,-6.03419066e-05
336,1.344000,-0.0565328486,1.54509628,1.33113551,-0.77226913,0.00818589982,0.700087845,-1.96552464e-05,-3.02076751e-06,-6.40953294e-06,3.96596624e-06,0.000173745851,-6.01594184e-05
337,1.348000,-0.0565319508,1.5447787,1.33108759,-0.772085786,0.00820328202,0.700097859,-1.96149849e-05,-2.98631448e-06,-6.42608165e-06,3.95676307e-06,0.000173248292,-5.9981372e-05
338,1.352000,-0.056534715,1.5445255,1.33097935,-0.771909893,0.00822017156,0.700108171,-1.95816428e-05,-2.96591634e-06,-6.43089652e-06,3.94131666e-06,0.000172742584,-5.97951439e-05
339,1.356000,-0.0565395504,1.54431391,1.33082545,-0.771739602,0.00823663734,0.700117767,-1.9545796e-05,-2.94476285e-06,-6.4378537e-06,3.92691072e-06,0.000172236498,-5.96091049e-05
340,1.360000,-0.0565457083,1.54413092,1.3306365,-0.771573186,0.00825259928,0.700128496,-1.94894128e-05,-2.92270829e-06,-6.44522561e-06,3.91275671e-06,0.000171720283,-5.94153535e-05
341,1.364000,-0.0565526411,1.54396713,1.33042204,-0.771408319,0.00826811604,0.700139165,-1.94426284e-05,-2.90247885e-06,-6.45563796e-06,3.90159084e-06,0.000171219843,-5.92289507e-05
342,1.368000,-0.0565602444,1.54381716,1.33018851,-0.771244705,0.00828319229,0.700149357,-1.94003787e-05,-2.88038291e-06,-6.44946249e-06,3.88676017e-06,0.000170699874,-5.90331692e-05
343,1.372000,-0.0565681607,1.54367518,1.3299402,-0.771080494,0.00829780754,0.700159848,-1.93392734e-05,-2.88065348e-06,-6.47551769e-06,3.88009039e-06,0.000170281681,-5.8890575e-05
344,1.376000,-0.0565763637,1.54353905,1.32968044,-0.770915151,0.00831199624,0.700170517,-1.93053929e-05,-2.84623593e-06,-6.47809929e-06,3.87088812e-06,0.000169810621,-5.87213435e-05
345,1.380000,-0.0565846525,1.54340744,1.32941234,-0.770747542,0.00832572952,0.700181782,-1.92565785e-05,-2.84124553e-06,-6.49452932e-06,3.85693284e-06,0.000169344159,-5.85504058e-05
346,1.384000,-0.0555758774,1.49949336,1.2828505,-0.740867734,0.00833352376,0.675165474,-1.92238294e-05,-2.80599443e-06,-6.4765054e-06,3.84043142e-06,0.000168828003,-5.83607034e-05
347,1.388000,-0.0536587946,1.49080145,1.27851439,-0.742638886,0.00837305654,0.674494267,-1.91698509e-05,-2.80638164e-06,-6.49733829e-06,3.82898133e-06,0.00016841157,-5.82175235e-05
348,1.392000,-0.0531527884,1.48756826,1.27746022,-0.743054986,0.00839201827,0.674291134,-1.91251129e-05,-2.78773086e-06,-6.49179765e-06,3.82153303e-06,0.000167941049,-5.80466331e-05
349,1.396000,-0.0530790687,1.48613715,1.27720606,-0.742996573,0.00840563327,0.674283683,-1.90873579e-05,-2.76970331e-06,-6.51944265e-06,3.81290101e-06,0.000167487291,-5.78894542e-05
350,1.400000,-0.0530712083,1.48539519,1.277179,-0.742812037,0.0084174443,0.674296498,-1.90342362e-05,-2.74755143e-06,-6.52382641e-06,3.79840071e-06,0.000167027276,-5.77245482e-05
351,1.404000,-0.0530775711,1.48492599,1.2771486,-0.742600322,0.00842838269,0.67431438,-1.89938582e-05,-2.73366118e-06,-6.52885046e-06,3.79048834e-06,0.000166552549,-5.7551104e-05
352,1.408000,-0.0530864596,1.48458672,1.27706587,-0.742387474,0.00843875296,0.674333155,-1.89592447e-05,-2.71396129e-06,-6.52143535e-06,3.77209176e-06,0.000166088052,-5.73855177e-05
353,1.412000,-0.0530957691,1.48431957,1.2769289,-0.742177963,0.00844869483,0.674352884,-1.8900093e-05,-2.69728253e-06,-6.52877861e-06,3.76704861e-06,0.000165622492,-5.72174613e-05
354,1.416000,-0.0531052575,1.48409784,1.27674747,-0.741970778,0.00845823158,0.67437309,-1.88719787e-05,-2.66584175e-06,-6.51336768e-06,3.75367449e-06,0.000165159407,-5.70531629e-05
355,1.420000,-0.0531149842,1.48390591,1.27653158,-0.741764426,0.00846734922,0.67439276,-1.88294798e-05,-2.65901826e-06,-6.53580901e-06,3.73972853e-06,0.000164639467,-5.68547512e-05
356,1.424000,-0.0531249531,1.48373461,1.27628934,-0.741557121,0.00847604405,0.674413323,-1.87727001e-05,-2.64284245e-06,-6.54657697e-06,3.7288678e-06,0.000164227633,-5.67157258e-05
357,1.428000,-0.0531351492,1.48357821,1.2760272,-0.741347969,0.00848436076,0.674433947,-1.87474252e-05,-2.62169397e-06,-6.55328495e-06,3.71778901e-06,0.00016373086,-5.65311166e-05
358,1.432000,-0.053145431,1.48343027,1.27574861,-0.741135836,0.00849228352,0.674454689,-1.86814414e-05,-2.60284264e-06,-6.5490226e-06,3.70376847e-06,0.000163240256,-5.63449576e-05
359,1.436000,-0.0531558245,1.48328876,1.27545834,-0.740920901,0.0084997844,0.674476147,-1.86376801e-05,-2.5700333e-06,-6.55402937e-06,3.69430563e-06,0.000162785698,-5.61817105e-05
360,1.440000,-0.0531662256,1.4831506,1.27515781,-0.740702271,0.00850695465,0.674498141,-1.86024899e-05,-2.56559588e-06,-6.5697086e-06,3.68752876e-06,0.000162257405,-5.59760265e-05
361,1.444000,-0.0523028821,1.43399632,1.21983433,-0.703338325,0.00828113966,0.644218683,-1.85581557e-05,-2.54655265e-06,-6.56208476e-06,3.66804852e-06,0.000161791366,-5.58077481e-05
362,1.448000,-0.0502217896,1.42435694,1.21501207,-0.705521703,0.00854407158,0.643327057,-1.85072749e-05,-2.53406006e-06,-6.56612747e-06,3.65810774e-06,0.000161408359,-5.56806044e-05
363,1.452000,-0.0495859198,1.42049778,1.2138201,-0.706062973,0.00855814572,0.643043101,-1.84721775e-05,-2.51546771e-06,-6.57645705e-06,3.6480983e-06,0.000160962998,-5.55195074e-05
364,1.456000,-0.0494958423,1.41866267,1.21347487,-0.706013203,0.00856613088,0.643041313,-1.84200253e-05,-2.49509617e-06,-6.57351529e-06,3.63855088e-06,0.000160507727,-5.53529862e-05
365,1.460000,-0.0494857579,1.41768992,1.21344316,-0.705790341,0.00857207272,0.643064737,-1.83829125e-05,-2.48027618e-06,-6.59062971e-06,3.62381979e-06,0.000160022682,-5.51730773e-05
366,1.464000,-0.0494929105,1.41707897,1.21343291,-0.70552659,0.00857706927,0.643094897,-1.83251941e-05,-2.46582727e-06,-6.58747513e-06,3.61525781e-06,0.00015962543,-5.5036493e-05
367,1.468000,-0.0495036393,1.41664302,1.2133671,-0.705258548,0.00858153496,0.643125296,-1.82952062e-05,-2.450289e-06,-6.59817488e-06,3.60513081e-06,0.000159184128,-5.48800817e-05
368,1.472000,-0.0495149493,1.41630769,1.21323943,-0.704994977,0.00858565141,0.643157303,-1.82351141e-05,-2.43078603e-06,-6.59861689e-06,3.59422893e-06,0.000158736482,-5.47169984e-05
369,1.476000,-0.0495264977,1.41603601,1.21305907,-0.704736352,0.00858932827,0.643189192,-1.82017338e-05,-2.3972118e-06,-6.59394345e-06,3.5845726e-06,0.000158295748,-5.45575858e-05
370,1.480000,-0.0495382994,1.41580689,1.21283603,-0.704480708,0.00859266985,0.643220544,-1.81741379e-05,-2.39344945e-06,-6.60331261e-06,3.56899818e-06,0.000157845818,-5.43968745e-05
371,1.484000,-0.0495504066,1.41560745,1.21258056,-0.704227686,0.00859567989,0.643252194,-1.80912557e-05,-2.38451275e-06,-6.58885119e-06,3.56497344e-06,0.00015746498,-5.42678317e-05
372,1.488000,-0.0495627336,1.415429,1.21230125,-0.703975499,0.00859836023,0.643284738,-1.80769675e-05,-2.36563415e-06,-6.61109516e-06,3.55011025e-06,0.000156964205,-5.4081589e-05
373,1.492000,-0.0495752394,1.41526437,1.21200299,-0.703722596,0.00860069878,0.643316805,-1.80212719e-05,-2.33086826e-06,-6.60763772e-06,3.54055692e-06,0.000156517926,-5.39163302e-05
374,1.496000,-0.0495879576,1.41510904,1.21168888,-0.703468442,0.00860270392,0.643349111,-1.7966513e-05,-2.33859737e-06,-6.59723673e-06,3.53017958e-06,0.000156138616,-5.37923588e-05
375,1.500000,-0.0496007018,1.4149605,1.21136415,-0.703214049,0.00860436261,0.643381238,-1.79373601e-05,-2.32009006e-06,-6.60219985e-06,3.51769813e-06,0.000155650981,-5.36082807e-05
376,1.504000,-0.0488156453,1.36117053,1.14743483,-0.656789184,0.00803295523,0.607875764,-1.78927294e-05,-2.29884677e-06,-6.60711248e-06,3.5120047e-06,0.000155188565,-5.34372666e-05
377,1.508000,-0.0466550812,1.35088253,1.14249718,-0.659388602,0.00863198563,0.606710374,-1.78435093e-05,-2.2842155e-06,-6.61343984e-06,3.49915058e-06,0.000154775684,-5.32917984e-05
378,1.512000,-0.0459156558,1.34644628,1.14128876,-0.660011232,0.008641541,0.606388509,-1.78116679e-05,-2.26305724e-06,-6.62496814e-06,3.48496383e-06,0.000154250636,-5.30834222e-05
379,1.516000,-0.0457843542,1.34418058,1.1409328,-0.65997386,0.00864484254,0.606394529,-1.77526053e-05,-2.2443553e-06,-6.64359413e-06,3.46839875e-06,0.000153816261,-5.29286772e-05
380,1.520000,-0.0457562022,1.34292996,1.140944,-0.659729183,0.00864602719,0.606426597,-1.77254278e-05,-2.22705603e-06,-6.62630509e-06,3.46259435e-06,0.000153356523,-5.27594748e-05
381,1.524000,-0.0457538441,1.34213603,1.14099193,-0.659436703,0.00864627399,0.606465042,-1.76565845e-05,-2.21683013e-06,-6.64745312e-06,3.44923933e-06,0.000152945446,-5.26099138e-05
382,1.528000,-0.0457600728,1.34157455,1.1409775,-0.659139931,0.00864599645,0.606505096,-1.76164849e-05,-2.1967428e-06,-6.6333987e-06,3.44361774e-06,0.00015251404,-5.24542411e-05
383,1.532000,-0.0457705967,1.34114718,1.14088333,-0.658846438,0.00864539016,0.606544495,-1.75723162e-05,-2.18685568e-06,-6.635114e-06,3.4264342e-06,0.000152098743,-5.23057279e-05
384,1.536000,-0.0457829684,1.34080839,1.14072323,-0.658561289,0.00864442531,0.606585264,-1.75389196e-05,-2.16803255e-06,-6.62997309e-06,3.42075782e-06,0.000151689339,-5.21601032e-05
385,1.540000,-0.0457964167,1.34053004,1.14050996,-0.658281565,0.00864320993,0.606625319,-1.74884844e-05,-2.15700652e-06,-6.64739673e-06,3.41287705e-06,0.000151321728,-5.2037205e-05
386,1.544000,-0.0458104759,1.34029484,1.14025712,-0.658006072,0.00864163227,0.606665909,-1.74598681e-05,-2.13632234e-06,-6.65995231e-06,3.40363158e-06,0.000150863008,-5.18673696e-05
387,1.548000,-0.0458250605,1.34009004,1.13997352,-0.657731831,0.00863982644,0.606705546,-1.74116503e-05,-2.12157443e-06,-6.65773223e-06,3.39457188e-06,0.000150441192,-5.17144654e-05
388,1.552000,-0.0458400771,1.33990622,1.13966513,-0.657458365,0.00863771327,0.606745124,-1.73690169e-05,-2.10452072e-06,-6.66450478e-06,3.37331562e-06,0.000150018808,-5.15650936e-05
389,1.556000,-0.0458552316,1.33973718,1.13933837,-0.657184958,0.00863538124,0.606784999,-1.73144781e-05,-2.08897677e-06,-6.66129972e-06,3.37332312e-06,0.000149599946,-5.14123312e-05
390,1.560000,-0.0458705835,1.33957803,1.13899672,-0.656910121,0.00863265619,0.60682565,-1.72773016e-05,-2.07821085e-06,-6.66920141e-06,3.36680068e-06,0.000149237938,-5.12941115e-05
391,1.564000,-0.045181416,1.2809037,1.06622076,-0.60101676,0.00815328024,0.56588161,-1.72417349e-05,-2.06032291e-06,-6.68303892e-06,3.35302661e-06,0.000148768639,-5.11162216e-05
392,1.568000,-0.0430033058,1.26994836,1.06132412,-0.6036309,0.00865254551,0.564792514,-1.71832089e-05,-2.04701701e-06,-6.66983124e-06,3.3430083e-06,0.000148408464,-5.09965539e-05
393,1.572000,-0.0421911031,1.26487923,1.06020784,-0.60431397,0.00865833834,0.564445078,-1.71429092e-05,-2.03218428e-06,-6.68615075e-06,3.33137314e-06,0.000147994608,-5.08487537e-05
394,1.576000,-0.0420236215,1.26210225,1.05989516,-0.604283512,0.00865798816,0.56445998,-1.71016618e-05,-2.01199009e-06,-6.68804341e-06,3.31910655e-06,0.000147531973,-5.06757497e-05
395,1.580000,-0.0419736542,1.2605058,1.05999851,-0.604025364,0.00865548477,0.564498186,-1.70633975e-05,-1.99452506e-06,-6.68192069e-06,3.30979083e-06,0.000147099068,-5.05140124e-05
396,1.584000,-0.041958835,1.25947058,1.0601393,-0.603707433,0.0086520873,0.564546108,-1.70360381e-05,-1.98207044e-06,-6.66219239e-06,3.29319641e-06,0.000146689796,-5.03719566e-05
397,1.588000,-0.0419591591,1.25873578,1.06020069,-0.603385925,0.00864823163,0.564594328,-1.69845553e-05,-1.9540123e-06,-6.66760116e-06,3.29349041e-06,0.000146266873,-5.02161201e-05
398,1.592000,-0.0419664085,1.25818372,1.06016576,-0.603071332,0.00864402577,0.564641058,-1.69523773e-05,-1.95416055e-06,-6.67160975e-06,3.27888074e-06,0.000145849379,-5.00630595e-05
399,1.596000,-0.0419776626,1.25775278,1.06004655,-0.602766156,0.00863953307,0.564688802,-1.69158866e-05,-1.93613641e-06,-6.68172379e-06,3.26663644e-06,0.000145378552,-4.98816989e-05
400,1.600000,-0.0419916175,1.25740671,1.05985928,-0.602466702,0.00863479078,0.564737082,-1.6869164e-05,-1.90396145e-06,-6.67648965e-06,3.25690803e-06,0.000144941776,-4.97199508e-05
401,1.604000,-0.0420072153,1.25712073,1.05961907,-0.602172852,0.00862982124,0.56478405,-1.6812015e-05,-1.90414312e-06,-6.67309041e-06,3.24337657e-06,0.000144498437,-4.95502936e-05
402,1.608000,-0.0420236513,1.2568779,1.05933821,-0.601882219,0.00862460025,0.564831436,-1.67496073e-05,-1.89276466e-06,-6.68435723e-06,3.23792938e-06,0.000144159072,-4.94377382e-05
403,1.612000,-0.0420407206,1.25666738,1.05902755,-0.601593018,0.00861913338,0.564877927,-1.671473e-05,-1.87451656e-06,-6.69799783e-06,3.22558913e-06,0.000143718789,-4.92750005e-05
404,1.616000,-0.042058181,1.25647986,1.05869353,-0.601305008,0.00861346535,0.5649243,-1.66790032e-05,-1.8583969e-06,-6.68087705e-06,3.2139219e-06,0.000143324025,-4.91331957e-05
405,1.620000,-0.0420758352,1.2563076,1.05834043,-0.601016521,0.00860758126,0.564971387,-1.66275659e-05,-1.83145062e-06,-6.69734391e-06,3.20993649e-06,0.000142921694,-4.89868435e-05
406,1.624000,-0.0415284745,1.19108963,0.975436389,-0.535213947,0.00837530382,0.518133104,-1.65837446e-05,-1.83051725e-06,-6.69469455e-06,3.19820606e-06,0.000142513964,-4.8837388e-05
407,1.628000,-0.039360024,1.17894959,0.970657587,-0.537705779,0.00862248614,0.517237961,-1.65434158e-05,-1.81918654e-06,-6.70526788e-06,3.18894854e-06,0.000142124481,-4.86993194e-05
408,1.632000,-0.0385018364,1.17292678,0.969756961,-0.538448811,0.00862561911,0.516862094,-1.65018337e-05,-1.78958931e-06,-6.70688769e-06,3.17650415e-06,0.000141752826,-4.85734927e-05
409,1.636000,-0.0383199453,1.16940141,0.969587445,-0.538463891,0.00862273481,0.516846538,-1.64744852e-05,-1.77536208e-06,-6.68795019e-06,3.16654905e-06,0.00014131215,-4.84084885e-05
410,1.640000,-0.0382557623,1.16728866,0.969872952,-0.5382002,0.00861763489,0.516879916,-1.64164412e-05,-1.76378171e-06,-6.69849305e-06,3.15999614e-06,0.00014097133,-4.82952491e-05
411,1.644000,-0.0382296219,1.16588271,0.970173419,-0.537844241,0.00861158129,0.516943276,-1.63758614e-05,-1.74742627e-06,-6.71273483e-06,3.14393742e-06,0.000140577555,-4.8154714e-05
412,1.648000,-0.0382218622,1.16487682,0.970361352,-0.537477434,0.00860508531,0.517013073,-1.63365512e-05,-1.74597858e-06,-6.72312672e-06,3.14211479e-06,0.000140184522,-4.80139352e-05
413,1.652000,-0.0382241346,1.16412437,0.970422745,-0.537122667,0.00859824941,0.517081499,-1.63046025e-05,-1.73234935e-06,-6.71537782e-06,3.12666316e-06,0.000139793265,-4.7874455e-05
414,1.656000,-0.0382336341,1.16354644,0.970375896,-0.536790609,0.00859126449,0.517141759,-1.62641736e-05,-1.71864622e-06,-6.7214396e-06,3.12357997e-06,0.000139381576,-4.77194262e-05
415,1.660000,-0.0382466987,1.16309273,0.970240533,-0.53646934,0.00858400017,0.517200649,-1.62026281e-05,-1.70819567e-06,-6.72094484e-06,3.11251301e-06,0.000139060896,-4.76192981e-05
416,1.664000,-0.0382626913,1.16272998,0.970037758,-0.536158919,0.00857656915,0.517254472,-1.61644348e-05,-1.69142186e-06,-6.71276484e-06,3.10369023e-06,0.000138620133,-4.74529406e-05
417,1.668000,-0.038280189,1.16243279,0.969781756,-0.535853863,0.0085689472,0.517307818,-1.61281569e-05,-1.68121937e-06,-6.69617793e-06,3.0971637e-06,0.000138250733,-4.73230575e-05
418,1.672000,-0.0382987894,1.16218233,0.969483435,-0.535552561,0.00856111385,0.517360985,-1.60848722e-05,-1.65252004e-06,-6.69770361e-06,3.08736958e-06,0.000137820432,-4.71619787e-05
419,1.676000,-0.0383180752,1.1619674,0.969154239,-0.535252333,0.00855310354,0.517413795,-1.60426243e-05,-1.6414665e-06,-6.6925204e-06,3.07760456e-06,0.000137425624,-4.701953e-05
420,1.680000,-0.0383377634,1.1617769,0.968798876,-0.534952879,0.00854493678,0.517465949,-1.59973388e-05,-1.64412609e-06,-6.69923747e-06,3.06473157e-06,0.000137042472,-4.68807666e-05
421,1.684000,-0.0375689343,1.07362902,0.854120255,-0.443030238,0.00606861152,0.455367774,-1.59601568e-05,-1.62722017e-06,-6.72721762e-06,3.05941285e-06,0.000136629213,-4.67272439e-05
422,1.688000,-0.0347676538,1.05753636,0.848458111,-0.448628843,0.00856205449,0.452363253,-1.59143383e-05,-1.59182741e-06,-6.72149599e-06,3.04221112e-06,0.000136232557,-4.65830672e-05
423,1.692000,-0.0335696712,1.04913986,0.847453177,-0.449762285,0.00856588129,0.451842487,-1.58805396e-05,-1.58697685e-06,-6.71976886e-06,3.03043657e-06,0.000135757859,-4.63932811e-05
424,1.696000,-0.0332592241,1.04405999,0.847412825,-0.450000644,0.00856248662,0.451720327,-1.58288422e-05,-1.59399428e-06,-6.73047225e-06,3.02259377e-06,0.000135396884,-4.62657117e-05
425,1.700000,-0.0331453234,1.04092216,0.847936273,-0.449781597,0.0085562868,0.451744795,-1.57883951e-05,-1.56542524e-06,-6.73174327e-06,3.01307728e-06,0.000135047769,-4.61491654e-05
426,1.704000,-0.033092171,1.03882706,0.848516881,-0.44941473,0.00854893122,0.451815635,-1.57490031e-05,-1.55347811e-06,-6.7477913e-06,3.00816396e-06,0.00013466306,-4.60082993e-05
427,1.708000,-0.0330695175,1.03733432,0.848956585,-0.449023485,0.00854109135,0.451896101,-1.57299601e-05,-1.53368569e-06,-6.73976274e-06,3.00016336e-06,0.000134298476,-4.58805189e-05
428,1.712000,-0.0330636986,1.03623044,0.849224269,-0.448644638,0.0085329134,0.451976478,-1.56692167e-05,-1.5114756e-06,-6.72152964e-06,2.99055273e-06,0.000133914553,-4.57360693e-05
429,1.716000,-0.033068005,1.03539622,0.849338233,-0.448283941,0.00852457341,0.452052236,-1.56346778e-05,-1.51594713e-06,-6.72619217e-06,2.97866131e-06,0.000133526541,-4.55958543e-05
430,1.720000,-0.0330788232,1.03475702,0.849327922,-0.447942287,0.00851605088,0.452125251,-1.55935068e-05,-1.49995594e-06,-6.72845817e-06,2.968432e-06,0.000133173555,-4.54750916e-05
431,1.724000,-0.0330938399,1.03425968,0.849219263,-0.4476147,0.0085073458,0.452195585,-1.55478228e-05,-1.48941695e-06,-6.74612556e-06,2.96539906e-06,0.000132833549,-4.53611974e-05
432,1.728000,-0.0331117734,1.0338676,0.849034905,-0.447297573,0.00849849917,0.452262253,-1.55017642e-05,-1.47755418e-06,-6.74225521e-06,2.95738482e-06,0.000132510759,-4.52521126e-05
433,1.732000,-0.0331316777,1.03355396,0.848792434,-0.446988076,0.00848950259,0.452326685,-1.54715963e-05,-1.47850278e-06,-6.74375678e-06,2.95140467e-06,0.000132091649,-4.50958432e-05
434,1.736000,-0.0331529044,1.03329885,0.848505616,-0.446683347,0.00848036632,0.452389777,-1.5430538e-05,-1.46958746e-06,-6.7658566e-06,2.94229858e-06,0.000131724359,-4.49649415e-05
435,1.740000,-0.0331753157,1.03308821,0.848184705,-0.446384192,0.00847112574,0.45244956,-1.53701294e-05,-1.45502963e-06,-6.75532237e-06,2.93515905e-06,0.000131403009,-4.48572246e-05
436,1.744000,-0.0321020223,0.950645685,0.740585148,-0.363280952,0.00776629988,0.392139643,-1.53421843e-05,-1.44004071e-06,-6.7523797e-06,2.92241953e-06,0.000131035486,-4.47277198e-05
437,1.748000,-0.0293519795,0.935001135,0.735311985,-0.366921097,0.0084783854,0.39072603,-1.53146375e-05,-1.42706517e-06,-6.74927469e-06,2.90931348e-06,0.000130599423,-4.45579208e-05
438,1.752000,-0.0281095877,0.926516414,0.734535277,-0.368040055,0.0084798513,0.390206099,-1.52841458e-05,-1.41180385e-06,-6.76461786e-06,2.89891727e-06,0.000130258559,-4.44446196e-05
439,1.756000,-0.0277421083,0.921166897,0.734531045,-0.36830309,0.00847512577,0.390092254,-1.52292032e-05,-1.39779854e-06,-6.77461594e-06,2.89613354e-06,0.000129939726,-4.43373829e-05
440,1.760000,-0.0275675412,0.917804956,0.735145807,-0.368084729,0.00846807193,0.390124738,-1.51703352e-05,-1.38565724e-06,-6.77979824e-06,2.88754472e-06,0.000129567503,-4.42018754e-05
441,1.764000,-0.0274782442,0.915514946,0.735798061,-0.367722422,0.00846004207,0.39019978,-1.5142753e-05,-1.37400252e-06,-6.75635283e-06,2.87896046e-06,0.000129182255,-4.40605581e-05
442,1.768000,-0.0274346583,0.913865507,0.736298323,-0.367337465,0.00845157076,0.390284359,-1.51215982e-05,-1.36158451e-06,-6.75762521e-06,2.86866361e-06,0.000128731772,-4.38833886e-05
443,1.772000,-0.0274172705,0.912641704,0.736618757,-0.366965294,0.00844287034,0.390368164,-1.5062149e-05,-1.35045002e-06,-6.76940135e-06,2.8632162e-06,0.000128415864,-4.37778726e-05
444,1.776000,-0.0274156015,0.911717951,0.736777365,-0.366611332,0.00843397435,0.390447676,-1.50257765e-05,-1.3361298e-06,-6.74769899e-06,2.84832549e-06,0.000127974025,-4.36043956e-05
445,1.780000,-0.027423691,0.911012769,0.736804485,-0.366275936,0.00842497591,0.390524298,-1.49826328e-05,-1.32698437e-06,-6.73981913e-06,2.8403183e-06,0.000127636173,-4.34859394e-05
446,1.784000,-0.0274380147,0.910471201,0.736728251,-0.365955681,0.00841582846,0.390597075,-1.49456819e-05,-1.31736374e-06,-6.726229e-06,2.82962992e-06,0.000127235864,-4.33324458e-05
447,1.788000,-0.0274563786,0.910050929,0.736570537,-0.365646422,0.00840658601,0.390666723,-1.49012394e-05,-1.27317185e-06,-6.7196861e-06,2.81880284e-06,0.000126862418,-4.31967892e-05
448,1.792000,-0.0274773426,0.909722507,0.736350656,-0.365345597,0.00839722063,0.390734404,-1.48884437e-05,-1.29128739e-06,-6.74787088e-06,2.80891845e-06,0.000126491519,-4.3063872e-05
449,1.796000,-0.0275000539,0.909461558,0.736081779,-0.365050495,0.00838775467,0.39079994,-1.48334802e-05,-1.27487351e-06,-6.75304318e-06,2.80081804e-06,0.00012614431,-4.29372085e-05
450,1.800000,-0.0275238231,0.909252346,0.735775769,-0.364758968,0.00837819744,0.390864074,-1.47960736e-05,-1.26164332e-06,-6.74156763e-06,2.79597816e-06,0.000125798426,-4.28132043e-05
451,1.804000,-0.0261384547,0.819401681,0.618260443,-0.277160287,0.00691684708,0.326442957,-1.47477658e-05,-1.25397219e-06,-6.75108322e-06,2.79267806e-06,0.000125438979,-4.26806037e-05
452,1.808000,-0.0230892785,0.801903665,0.612764418,-0.282083154,0.00838187244,0.324265271,-1.47130195e-05,-1.24149665e-06,-6.74282683e-06,2.77555569e-06,0.000125104445,-4.25669277e-05
453,1.812000,-0.0216452871,0.792088211,0.611995876,-0.283385754,0.00838347431,0.323713332,-1.46738148e-05,-1.23005725e-06,-6.7633473e-06,2.7681217e-06,0.000124741797,-4.2433825e-05
454,1.816000,-0.0211764444,0.785750091,0.612075508,-0.283846974,0.00837913621,0.323499739,-1.46117081e-05,-1.21182188e-06,-6.75488627e-06,2.76103333e-06,0.00012439031,-4.23055535e-05
455,1.820000,-0.020941291,0.781685293,0.612845898,-0.283680797,0.00837226678,0.323524177,-1.45789109e-05,-1.20450159e-06,-6.75194633e-06,2.75551292e-06,0.00012408504,-4.22083358e-05
456,1.824000,-0.020815488,0.7788921,0.613683343,-0.283337563,0.00836447813,0.323599994,-1.45503154e-05,-1.19248875e-06,-6.76918353e-06,2.75234675e-06,0.000123768201,-4.21004152e-05
457,1.828000,-0.0207499228,0.77687192,0.614357352,-0.282960415,0.00835628156,0.323686987,-1.45169379e-05,-1.16374099e-06,-6.74294688e-06,2.7361275e-06,0.000123374484,-4.19518401e-05
458,1.832000,-0.020719327,0.775372326,0.614828825,-0.282594234,0.0083478922,0.323774099,-1.44897049e-05,-1.16931028e-06,-6.75879937e-06,2.72540342e-06,0.000123029327,-4.18306263e-05
459,1.836000,-0.0207098406,0.774244428,0.615115285,-0.282248348,0.008339311,0.323857725,-1.44564729e-05,-1.12055113e-06,-6.75964975e-06,2.72190118e-06,0.00012264117,-4.16853909e-05
460,1.840000,-0.0207134876,0.773389459,0.615248442,-0.281922698,0.00833065435,0.323936433,-1.44015212e-05,-1.14287877e-06,-6.76841455e-06,2.71046679e-06,0.000122349418,-4.1589341e-05
461,1.844000,-0.0207255315,0.772739232,0.615260243,-0.281614363,0.00832186826,0.324011803,-1.43634197e-05,-1.13044644e-06,-6.76216314e-06,2.70887017e-06,0.000121995901,-4.14608658e-05
462,1.848000,-0.0207429305,0.772244394,0.615177214,-0.281319499,0.00831304397,0.324084491,-1.43307116e-05,-1.11617146e-06,-6.78334936e-06,2.69630823e-06,0.000121662379,-4.13447997e-05
463,1.852000,-0.0207638685,0.771866977,0.615020275,-0.28103435,0.00830412097,0.32415396,-1.42849913e-05,-1.10334486e-06,-6.78542847e-06,2.69647558e-06,0.000121337958,-4.12346089e-05
464,1.856000,-0.0207870472,0.771578312,0.614805341,-0.280756116,0.00829509366,0.324221492,-1.42437402e-05,-1.09455596e-06,-6.77898288e-06,2.68239774e-06,0.000121029676,-4.11286455e-05
465,1.860000,-0.0208117012,0.771356821,0.61454618,-0.280482888,0.00828596391,0.324287862,-1.42025583e-05,-1.08617246e-06,-6.77473281e-06,2.67346832e-06,0.000120710407,-4.10220237e-05
466,1.864000,-0.0194256995,0.674843669,0.487836152,-0.188728943,0.00598136894,0.257427126,-1.41806331e-05,-1.07427672e-06,-6.77078015e-06,2.66964275e-06,0.000120341858,-4.08829947e-05
467,1.868000,-0.0162982717,0.65574187,0.482201934,-0.195114523,0.0082887616,0.254373014,-1.41334813e-05,-1.05999948e-06,-6.766566e-06,2.6619955e-06,0.000119996344,-4.075787e-05
468,1.872000,-0.0147854127,0.644719422,0.481422722,-0.196618959,0.00829104614,0.253778726,-1.41101918e-05,-1.04754986e-06,-6.7670926e-06,2.64768983e-06,0.000119579185,-4.05934843e-05
469,1.876000,-0.0142829046,0.637482166,0.481584966,-0.197284773,0.00828759465,0.253477275,-1.40849861e-05,-1.03333309e-06,-6.78465267e-06,2.63601441e-06,0.00011921407,-4.04593593e-05
470,1.880000,-0.0140330177,0.632762909,0.482487917,-0.197195292,0.00828163978,0.253489375,-1.40312268e-05,-1.02287481e-06,-6.77494472e-06,2.62750746e-06,0.000118852557,-4.0322393e-05
471,1.884000,-0.013897609,0.62950027,0.483498067,-0.19689101,0.00827473123,0.253561437,-1.39646081e-05,-1.01211367e-06,-6.78319202e-06,2.61905416e-06,0.000118535143,-4.02095102e-05
472,1.888000,-0.013825709,0.627136648,0.484343648,-0.196540058,0.00826745387,0.253648639,-1.39473595e-05,-9.9275826e-07,-6.78529386e-06,2.6082871e-06,0.000118131677,-4.00558165e-05
473,1.892000,-0.0137909167,0.625380814,0.484968573,-0.196194768,0.00826003216,0.253737003,-1.39076183e-05,-9.86525947e-07,-6.7685578e-06,2.60045249e-06,0.000117815645,-3.99435958e-05
474,1.896000,-0.0137787564,0.62406379,0.485390723,-0.195871741,0.0082524186,0.253821522,-1.38629321e-05,-9.77932586e-07,-6.76603759e-06,2.59547596e-06,0.000117508003,-3.98383345e-05
475,1.900000,-0.0137808174,0.623071015,0.485640734,-0.19556959,0.00824476685,0.253900886,-1.38301539e-05,-9.6721169e-07,-6.76955142e-06,2.5884533e-06,0.000117191586,-3.97267177e-05
476,1.904000,-0.0137919225,0.622324705,0.48575449,-0.195285603,0.00823703874,0.25397718,-1.37938205e-05,-9.56644271e-07,-6.77518165e-06,2.5817294e-06,0.000116893731,-3.96239266e-05
477,1.908000,-0.0138089657,0.621765494,0.485760361,-0.195016995,0.00822924171,0.254049987,-1.37573479e-05,-9.45546162e-07,-6.7734918e-06,2.57629199e-06,0.000116547519,-3.94981907e-05
478,1.912000,-0.0138298199,0.621348679,0.485681415,-0.19475849,0.00822138134,0.254120827,-1.37211591e-05,-9.35244998e-07,-6.78583092e-06,2.57079182e-06,0.000116211209,-3.9374976e-05
479,1.916000,-0.0138532324,0.62104094,0.485537738,-0.194509536,0.00821345672,0.254188567,-1.3671588e-05,-9.28176178e-07,-6.75917636e-06,2.56584894e-06,0.000115957591,-3.92973743e-05
480,1.920000,-0.0138782747,0.620816588,0.485342324,-0.194266275,0.00820547994,0.25425303,-1.36483477e-05,-9.19911599e-07,-6.76183436e-06,2.55179498e-06,0.000115620533,-3.91760914e-05
481,1.924000,-0.0127989855,0.518032193,0.349343479,-0.0993896723,0.00576467253,0.185836658,-1.36082581e-05,-9.04460421e-07,-6.78165361e-06,2.54591373e-06,0.00011531201,-3.90701898e-05
482,1.928000,-0.00978035294,0.497569472,0.343221813,-0.106485531,0.00821012445,0.182563603,-1.35811169e-05,-8.89169769e-07,-6.76240779e-06,2.53177473e-06,0.000114928989,-3.89218221e-05
483,1.932000,-0.00831390917,0.48559922,0.342333496,-0.108262211,0.0082137296,0.181888267,-1.35319178e-05,-8.81060032e-07,-6.77685648e-06,2.52715722e-06,0.000114648057,-3.88280532e-05
484,1.936000,-0.0078461729,0.477663457,0.342501998,-0.109155253,0.00821174402,0.181497276,-1.34839993e-05,-8.7507965e-07,-6.77263915e-06,2.51843198e-06,0.000114344257,-3.8723796e-05
485,1.940000,-0.00764035201,0.47241807,0.343428224,-0.109188691,0.00820712559,0.181487963,-1.34590991e-05,-8.60608452e-07,-6.77863636e-06,2.51453207e-06,0.000113970542,-3.85834937e-05
486,1.944000,-0.00753183616,0.468799144,0.344548345,-0.10895583,0.00820165966,0.181551382,-1.34174079e-05,-8.47577667e-07,-6.76213176e-06,2.50197445e-06,0.000113647235,-3.84693667e-05
487,1.948000,-0.00747608067,0.466183186,0.345528305,-0.108654782,0.00819585286,0.181634381,-1.33832455e-05,-8.4214571e-07,-6.76916989e-06,2.50402582e-06,0.000113376991,-3.83819934e-05
488,1.952000,-0.00745083811,0.464246273,0.346286803,-0.108351827,0.0081898449,0.18172124,-1.33451458e-05,-8.26710675e-07,-6.77171101e-06,2.49040636e-06,0.000113049304,-3.82622929e-05
489,1.956000,-0.00744425552,0.462799907,0.346833676,-0.108067274,0.00818374567,0.181804582,-1.33057829e-05,-8.21809863e-07,-6.7706178e-06,2.48878951e-06,0.000112735019,-3.8151331e-05
490,1.960000,-0.00744949607,0.461719275,0.347200185,-0.107803822,0.00817756169,0.18188414,-1.32885243e-05,-8.0687505e-07,-6.76475656e-06,2.47435855e-06,0.000112356502,-3.80062011e-05
491,1.964000,-0.00746245682,0.460915297,0.347419679,-0.107558921,0.00817134418,0.181959435,-1.32379882e-05,-8.01347596e-07,-6.76291529e-06,2.46889067e-06,0.000112119575,-3.79398261e-05
492,1.968000,-0.00748054683,0.460323632,0.347522736,-0.107329905,0.00816506892,0.182031885,-1.32140958e-05,-7.89409341e-07,-6.77410253e-06,2.4655119e-06,0.000111790927,-3.78192963e-05
493,1.972000,-0.00750208646,0.459895015,0.347534776,-0.107112035,0.0081587648,0.182101324,-1.31757561e-05,-7.7674008e-07,-6.78484867e-06,2.45925639e-06,0.000111454436,-3.76951321e-05
494,1.976000,-0.00752588315,0.45959112,0.347474873,-0.106902882,0.00815243181,0.182168007,-1.3136404e-05,-7.66620815e-07,-6.75393494e-06,2.44857893e-06,0.000111132205,-3.75800591e-05
495,1.980000,-0.00755117461,0.459382713,0.347358942,-0.106700346,0.00814605039,0.182231724,-1.31265333e-05,-7.55787369e-07,-6.76429636e-06,2.43532122e-06,0.000110718385,-3.74129122e-05
496,1.984000,-0.00702751661,0.351240456,0.202739447,-0.010375455,0.00575189851,0.11321564,-1.30738863e-05,-7.44636282e-07,-6.76364016e-06,2.42828537e-06,0.000110438574,-3.73174662e-05
497,1.988000,-0.00421302905,0.329328865,0.19490312,-0.0165442079,0.00815448258,0.110192299,-1.30414392e-05,-7.28059831e-07,-6.7737551e-06,2.41528869e-06,0.000110052897,-3.71647984e-05
498,1.992000,-0.00288696028,0.316785932,0.193780869,-0.0186194777,0.00815973151,0.109435111,-1.30017352e-05,-7.1978161e-07,-6.78169681e-06,2.41261296e-06,0.000109751352,-3.70577218e-05
499,1.996000,-0.00274148956,0.308462203,0.193909287,-0.0197813362,0.00815974269,0.108926028,-1.2947934e-05,-7.1363911e-07,-6.7519959e-06,2.40909208e-06,0.000109480439,-3.69679437e-05
500,2.000000,-0.0027997517,0.302898645,0.194749236,-0.0199902505,0.00815685187,0.108882993,-1.28992178e-05,-7.07590971e-07,-6.7416313e-06,2.39686278e-06,0.000109143206,-3.68408218e-05
501,2.004000,-0.00283274334,0.29909566,0.195906162,-0.0198637694,0.00815316197,0.108930007,-1.28793463e-05,-6.97665428e-07,-6.73476825e-06,2.3856087e-06,0.000108789704,-3.67075845e-05
502,2.008000,-0.00284915278,0.296366453,0.196969584,-0.0196395218,0.00814916659,0.109005779,-1.28383454e-05,-6.87756938e-07,-6.73378599e-06,2.38160555e-06,0.000108517102,-3.66161257e-05
503,2.012000,-0.00285759103,0.294360727,0.197830409,-0.0193998367,0.00814498588,0.109088436,-1.28174997e-05,-6.79488494e-07,-6.7348883e-06,2.37395079e-06,0.00010821133,-3.65059022e-05
504,2.016000,-0.00286318362,0.292873859,0.198483422,-0.0191728324,0.00814068876,0.109167755,-1.27954127e-05,-6.6503253e-07,-6.74350758e-06,2.36550022e-06,0.000107868131,-3.63801009e-05
505,2.020000,-0.00286815222,0.291774094,0.198955208,-0.0189636052,0.0081363935,0.109243691,-1.27313178e-05,-6.57272722e-07,-6.75427054e-06,2.36408141e-06,0.000107621716,-3.62987776e-05
506,2.024000,-0.00287350453,0.290968955,0.199278563,-0.0187723637,0.00813203771,0.109317243,-1.26972573e-05,-6.47987463e-07,-6.75155889e-06,2.35736957e-06,0.000107393585,-3.62313549e-05
507,2.028000,-0.00287956279,0.290389895,0.199483454,-0.0185963809,0.00812766328,0.109388441,-1.26714485e-05,-6.41102361e-07,-6.76630316e-06,2.35531456e-06,0.000107142019,-3.61508974e-05
508,2.032000,-0.00288636796,0.289983571,0.199593723,-0.0184325874,0.00812322274,0.109454028,-1.26327541e-05,-6.2762274e-07,-6.7727392e-06,2.34866661e-06,0.000106860258,-3.60556223e-05
509,2.036000,-0.00289380038,0.289713174,0.199631706,-0.0182780027,0.00811878406,0.109516844,-1.26205941e-05,-6.09578592e-07,-6.77687376e-06,2.33142032e-06,0.000106439271,-3.5883666e-05
510,2.040000,-0.00290162629,0.289545119,0.199610785,-0.0181299448,0.00811433513,0.109578505,-1.25661581e-05,-6.03737135e-07,-6.75858701e-06,2.33155924e-06,0.00010622132,-3.58203106e-05
511,2.044000,-0.00519816345,0.199808985,0.0969352722,-0.0086883828,0.00577230379,0.0185618587,-1.25424531e-05,-5.9724789e-07,-6.75671345e-06,2.33017545e-06,0.000105921325,-3.57157587e-05
512,2.048000,-0.00199647574,0.174683988,0.0844283476,-0.00851602107,0.0057878308,0.0180489942,-1.24989001e-05,-5.89394176e-07,-6.7353908e-06,2.31640433e-06,0.00010563375,-3.56149358e-05
513,2.052000,-0.00136450306,0.160468191,0.0811066553,-0.00842874497,0.00579589885,0.0175475515,-1.24706785e-05,-5.83430392e-07,-6.73622617e-06,2.30905016e-06,0.000105330721,-3.55071679e-05
514,2.056000,-0.00167110981,0.150803775,0.0793858394,-0.00924728066,0.0065447283,0.0164053738,-1.24262606e-05,-5.76809498e-07,-6.72373835e-06,2.30679234e-06,0.000105044783,-3.54084623e-05
515,2.060000,-0.00173832057,0.144960493,0.0800449327,-0.00933828205,0.00662777852,0.0163145401,-1.23969185e-05,-5.6808608e-07,-6.72340684e-06,2.29849684e-06,0.000104739578,-3.52995849e-05
516,2.064000,-0.00175621407,0.141144574,0.0814280957,-0.0093402341,0.00663011381,0.0163229071,-1.23778636e-05,-5.53367045e-07,-6.73109753e-06,2.28811996e-06,0.000104390681,-3.51675517e-05
517,2.068000,-0.00176055194,0.138492987,0.0828366205,-0.00931600481,0.00660818489,0.01636241,-1.23392665e-05,-5.40964265e-07,-6.74556804e-06,2.2855404e-06,0.000104101317,-3.50673108e-05
518,2.072000,-0.0017601545,0.136597261,0.0840665102,-0.00928672403,0.00658129901,0.01641047,-1.22951224e-05,-5.31723572e-07,-6.74852436e-06,2.27493911e-06,0.000103841528,-3.49787006e-05
519,2.076000,-0.00175854331,0.135234416,0.0850831494,-0.00925910473,0.00655550463,0.016458109,-1.2265401e-05,-5.17135504e-07,-6.74674266e-06,2.27023634e-06,0.000103539947,-3.4869292e-05
520,2.080000,-0.00175681803,0.134267002,0.0859063715,-0.0092356354,0.00653304579,0.0165048577,-1.22511738e-05,-5.06424612e-07,-6.74223702e-06,2.2546692e-06,0.000103200524,-3.47439236e-05
521,2.084000,-0.00175551302,0.133599386,0.0865677446,-0.00921535492,0.00651325472,0.0165485404,-1.22074789e-05,-5.03528781e-07,-6.72400029e-06,2.25086751e-06,0.00010294433,-3.46582856e-05
522,2.088000,-0.0017545803,0.133163095,0.0870997012,-0.00919821858,0.00649608439,0.0165888444,-1.21761805e-05,-4.96005896e-07,-6.72663873e-06,2.24171163e-06,0.000102617298,-3.45336703e-05
523,2.092000,-0.00175391603,0.13290374,0.0875269398,-0.00918393582,0.00648120092,0.0166272148,-1.2143737e-05,-4.82722498e-07,-6.7404867e-06,2.23724192e-06,0.000102270118,-3.4400633e-05
524,2.096000,-0.00175354583,0.132781073,0.0878718644,-0.00917176902,0.00646811072,0.0166633688,-1.21145349e-05,-4.70803116e-07,-6.73160503e-06,2.2316035e-06,0.000101958365,-3.42851054e-05
525,2.100000,-0.00175348576,0.132763922,0.0881517082,-0.00916095078,0.00645610783,0.0166980214,-1.20793629e-05,-4.63287051e-07,-6.72394526e-06,2.2208028e-06,0.000101676625,-3.41829909e-05
526,2.104000,-0.00153768854,0.0563911051,0.014967843,0.000160356052,0.000512475148,0.0011613369,-1.20318946e-05,-4.54261681e-07,-6.7354913e-06,2.21456753e-06,0.00010138753,-3.40807819e-05
527,2.108000,-0.00142128498,0.0298264846,0.00676366966,1.9419007e-05,0.000518089393,0.00116180629,-1.20052027e-05,-4.43065574e-07,-6.7311048e-06,2.20042398e-06,0.000101060003,-3.39557591e-05
528,2.112000,-0.00157745008,0.0132377353,0.00431003422,-0.0017683506,0.00205746247,-0.000392297283,-1.19778524e-05,-4.32312618e-07,-6.72328088e-06,2.19900835e-06,0.000100751073,-3.38415375e-05
529,2.116000,-0.00165205309,0.00444341358,0.00299275853,-0.00224738941,0.00254155882,-0.000837596133,-1.19363067e-05,-4.20173137e-07,-6.72843998e-06,2.18957712e-06,0.000100442114,-3.37271413e-05
530,2.120000,-0.00165600493,0.00124217337,0.00309388153,-0.00228075683,0.00259650731,-0.000897513703,-1.19025808e-05,-4.12231657e-07,-6.73785416e-06,2.19048275e-06,0.000100175719,-3.3635104e-05
531,2.124000,-0.00165482739,-3.10046598e-05,0.00330358092,-0.00224349741,0.00257987855,-0.000892981887,-1.18499847e-05,-4.06074832e-07,-6.72535316e-06,2.1825158e-06,9.99725526e-05,-3.35770019e-05
532,2.128000,-0.00165309198,-0.000542174093,0.00344782602,-0.00220394507,0.00255547534,-0.000881676562,-1.18497155e-05,-3.99270903e-07,-6.72839542e-06,2.17351067e-06,9.96343078e-05,-3.3445529e-05
533,2.132000,-0.00165132724,-0.000727101695,0.00353426952,-0.00217065308,0.00253338437,-0.000872714445,-1.17941836e-05,-3.90556806e-07,-6.74404146e-06,2.17336446e-06,9.94268921e-05,-3.33836579e-05
534,2.136000,-0.00164969172,-0.000764924102,0.00358812045,-0.00214198697,0.00251373975,-0.000865793787,-1.17669233e-05,-3.78747245e-07,-6.75374622e-06,2.1654696e-06,9.916001e-05,-3.3291919e-05
535,2.140000,-0.0016481299,-0.000733576249,0.00362552423,-0.0021157572,0.00249542552,-0.000859988853,-1.17579566e-05,-3.64478865e-07,-6.73609838e-06,2.15547288e-06,9.8843695e-05,-3.31741285e-05
536,2.144000,-0.00164656027,-0.00067037018,0.00365495682,-0.00209086854,0.00247790013,-0.000854854472,-1.17276568e-05,-3.59523483e-07,-6.73951672e-06,2.15651153e-06,9.85915758e-05,-3.30911425e-05
537,2.148000,-0.00164499646,-0.000592758413,0.00368000101,-0.0020668041,0.00246086856,-0.000850031152,-1.16758802e-05,-3.54347094e-07,-6.72162605e-06,2.14289457e-06,9.83542122e-05,-3.30107396e-05
538,2.152000,-0.00164340727,-0.000509390607,0.00370193552,-0.00204370543,0.00244437112,-0.000845427625,-1.16470846e-05,-3.44559567e-07,-6.72139049e-06,2.13874637e-06,9.80678233e-05,-3.29061186e-05
539,2.156000,-0.00164184172,-0.000422984827,0.00372384954,-0.00202074647,0.00242797891,-0.000840770081,-1.16094634e-05,-3.39055987e-07,-6.72296574e-06,2.13139629e-06,9.78099124e-05,-3.28200695e-05
540,2.160000,-0.00164020073,-0.00033647893,0.00374406576,-0.00199833326,0.00241192454,-0.000836335123,-1.15744651e-05,-3.29188651e-07,-6.71909447e-06,2.12971349e-06,9.75532239e-05,-3.27334237e-05
541,2.164000,-0.00158264034,-0.00189359835,0.00191943767,-0.00181455445,0.00232611201,-0.00107345171,-1.15573184e-05,-3.20125764e-07,-6.73424483e-06,2.11844736e-06,9.72206326e-05,-3.26075315e-05
542,2.168000,-0.00158437039,-0.0020535579,0.00158174708,-0.00185437966,0.00236103637,-0.00111287134,-1.15220528e-05,-3.06884658e-07,-6.73670274e-06,2.11046131e-06,9.6947886e-05,-3.2511125e-05
543,2.172000,-0.00158325175,-0.00200600643,0.00149857439,-0.00185046392,0.00235948712,-0.00112112099,-1.149544e-05,-2.96071903e-07,-6.71428188e-06,2.10535813e-06,9.66808439e-05,-3.24188513e-05
544,2.176000,-0.00158133474,-0.00193795608,0.00147596467,-0.00183677021,0.00234987703,-0.00112236012,-1.14437662e-05,-2.97123506e-07,-6.71459247e-06,2.10106396e-06,9.64736901e-05,-3.23566419e-05
545,2.180000,-0.00157923508,-0.00187673338,0.00146907056,-0.00182076078,0.00233838661,-0.00112192426,-1.14234344e-05,-2.85935357e-07,-6.73924751e-06,2.09474797e-06,9.6193311e-05,-3.22561282e-05
546,2.184000,-0.00157707545,-0.00182322843,0.00146669103,-0.00180450408,0.00232666265,-0.00112102972,-1.13976275e-05,-2.75445245e-07,-6.71784028e-06,2.08879442e-06,9.59066238e-05,-3.2150816e-05
547,2.188000,-0.00157490198,-0.00177402236,0.00146613829,-0.00178820686,0.00231490447,-0.00112001831,-1.13610431e-05,-2.69368002e-07,-6.72398301e-06,2.08569736e-06,9.56456643e-05,-3.20622676e-05
548,2.192000,-0.00157263712,-0.00172846601,0.00146448798,-0.00177220628,0.00230331975,-0.00111905299,-1.13358001e-05,-2.54654424e-07,-6.73480145e-06,2.07393327e-06,9.53615017e-05,-3.1960215e-05
549,2.196000,-0.00157043315,-0.00168386381,0.00146419927,-0.00175642641,0.00229186937,-0.0011179992,-1.13122915e-05,-2.46584705e-07,-6.73163095e-06,2.07296284e-06,9.50874455e-05,-3.18655475e-05
550,2.200000,-0.00156816142,-0.00164136791,0.00146277808,-0.00174108939,0.00228066742,-0.00111697242,-1.12830139e-05,-2.37848553e-07,-6.69978363e-06,2.05396327e-06,9.47657172e-05,-3.1742773e-05
551,2.204000,-0.00156592985,-0.00159915176,0.00146275247,-0.00172574399,0.00226947549,-0.00111589022,-1.12301159e-05,-2.35154857e-07,-6.71743419e-06,2.05454899e-06,9.45318752e-05,-3.16629303e-05
552,2.208000,-0.00156361912,-0.00155863736,0.00146178482,-0.00171070825,0.00225846632,-0.00111488625,-1.12147663e-05,-2.2230688e-07,-6.71928183e-06,2.05501919e-06,9.42467232e-05,-3.15620528e-05
553,2.212000,-0.00156133191,-0.00151884404,0.00146048982,-0.00169604737,0.00224766554,-0.0011138157,-1.11728186e-05,-2.1158553e-07,-6.70583495e-06,2.03713171e-06,9.39408637e-05,-3.14408571e-05
554,2.216000,-0.00155903457,-0.00148001616,0.00145922694,-0.00168171478,0.00223706267,-0.00111276656,-1.11414192e-05,-2.05508968e-07,-6.71002954e-06,2.03717468e-06,9.36698343e-05,-3.1343141e-05
555,2.220000,-0.00155671046,-0.00144197675,0.00145774707,-0.00166751025,0.00222654571,-0.0011117463,-1.11222598e-05,-1.95774419e-07,-6.71324688e-06,2.02928186e-06,9.33880801e-05,-3.12440607e-05
556,2.224000,-0.00155436888,-0.00140449603,0.00145598827,-0.00165338768,0.00221608276,-0.00111070229,-1.10696574e-05,-1.84711553e-07,-6.72342094e-06,2.02816659e-06,9.31098548e-05,-3.11408512e-05
557,2.228000,-0.00155202078,-0.00136807328,0.00145419873,-0.00163983274,0.00220594066,-0.00110969413,-1.10550136e-05,-1.75369905e-07,-6.72298393e-06,2.00788259e-06,9.2811104e-05,-3.10280448e-05
558,2.232000,-0.00154969352,-0.00133211748,0.00145263365,-0.00162641006,0.00219587493,-0.00110861287,-1.10112551e-05,-1.6745048e-07,-6.69975361e-06,2.00658724e-06,9.25815984e-05,-3.09518691e-05
559,2.236000,-0.00154731586,-0.00129737903,0.0014504469,-0.00161317177,0.00218592491,-0.00110755977,-1.09915018e-05,-1.61579692e-07,-6.70674035e-06,2.00029262e-06,9.22425679e-05,-3.08165181e-05
560,2.240000,-0.00154491782,-0.00126307516,0.00144868484,-0.0016000066,0.00217601843,-0.00110654859,-1.0957825e-05,-1.49208063e-07,-6.72394526e-06,1.99625151e-06,9.20249731e-05,-3.07519913e-05
561,2.244000,-0.00154252595,-0.00122975663,0.00144641241,-0.00158723956,0.00216635363,-0.00110549596,-1.09179337e-05,-1.39607891e-07,-6.72499164e-06,1.99127544e-06,9.17871002e-05,-3.06679212e-05
562,2.248000,-0.00154013745,-0.00119720644,0.00144386478,-0.00157480594,0.00215687556,-0.00110445358,-1.08890472e-05,-1.29528189e-07,-6.71917905e-06,1.98636872e-06,9.15532219e-05,-3.05901231e-05
563,2.252000,-0.0015377457,-0.0011646864,0.00144201564,-0.00156239467,0.00214742823,-0.00110339862,-1.087492e-05,-1.27014346e-07,-6.70984173e-06,1.97892791e-06,9.13211989e-05,-3.05170051e-05
564,2.256000,-0.00153528654,-0.00113344158,0.001439007,-0.00155028887,0.00213815295,-0.00110240583,-1.0848531e-05,-1.18642447e-07,-6.70185136e-06,1.97407235e-06,9.10321469e-05,-3.04069017e-05
565,2.260000,-0.00153285288,-0.00110233156,0.00143606914,-0.0015384485,0.00212902855,-0.00110140862,-1.08130262e-05,-1.1439397e-07,-6.69787869e-06,1.9732895e-06,9.08333677e-05,-3.0345549e-05
566,2.264000,-0.00153044739,-0.00107049709,0.00143412501,-0.0015266398,0.00211993139,-0.00110031385,-1.07834458e-05,-1.11012923e-07,-6.67726181e-06,1.97005784e-06,9.06046625e-05,-3.02687622e-05
567,2.268000,-0.00152800698,-0.0010394532,0.00143112335,-0.0015152609,0.00211107545,-0.00109924981,-1.07563374e-05,-1.06696916e-07,-6.69068822e-06,1.95729308e-06,9.03543769e-05,-3.01832515e-05
568,2.272000,-0.00152556947,-0.00100774865,0.00142808817,-0.0015039104,0.00210222043,-0.00109814573,-1.0712758e-05,-9.32352577e-08,-6.70406598e-06,1.95220673e-06,9.01057501e-05,-3.00944776e-05
569,2.276000,-0.00152308156,-0.000976528972,0.00142511306,-0.00149274478,0.00209350209,-0.0010971555,-1.06859879e-05,-8.36357685e-08,-6.71442331e-06,1.947074e-06,8.98611761e-05,-3.00095799e-05
570,2.280000,-0.00152059365,-0.0009458001,0.00142194703,-0.00148174725,0.00208488083,-0.00109613477,-1.06676089e-05,-7.16111117e-08,-6.70125746e-06,1.94251402e-06,8.95551348e-05,-2.98922914e-05
571,2.284000,-0.00151811016,-0.000915534096,0.00141835585,-0.00147102959,0.0020764221,-0.00109511078,-1.062306e-05,-6.88855835e-08,-6.68905022e-06,1.93523306e-06,8.93670003e-05,-2.98379982e-05
572,2.288000,-0.00151561189,-0.00088611152,0.00141477538,-0.00146064069,0.00206814776,-0.00109409913,-1.06128655e-05,-5.97938197e-08,-6.69531437e-06,1.93006349e-06,8.91108139e-05,-2.97486677e-05
573,2.292000,-0.00151312619,-0.000857127714,0.00141137186,-0.00145024201,0.00205986924,-0.00109303114,-1.05667314e-05,-5.17416083e-08,-6.69687461e-06,1.92726134e-06,8.88622162e-05,-2.9660132e-05
574,2.296000,-0.00151062536,-0.000828439021,0.00140810572,-0.00143992808,0.00205163984,-0.00109195733,-1.05448044e-05,-4.62471235e-08,-6.68230268e-06,1.91843969e-06,8.86183989e-05,-2.95749651e-05
575,2.300000,-0.00150804571,-0.000800995622,0.00140357716,-0.00142997503,0.00204363232,-0.00109103671,-1.05193576e-05,-3.87597083e-08,-6.66823962e-06,1.90830656e-06,8.83245084e-05,-2.94639231e-05
576,2.304000,-0.00150553626,-0.000773681211,0.00140012614,-0.00142008532,0.00203567394,-0.00108999875,-1.04766896e-05,-3.28436727e-08,-6.65937387e-06,1.90401477e-06,8.81370215e-05,-2.94103975e-05
577,2.308000,-0.00150304066,-0.000746603706,0.00139722228,-0.00141024077,0.00202773069,-0.00108888373,-1.04610681e-05,-2.90347089e-08,-6.66903088e-06,1.90308708e-06,8.78832943e-05,-2.93196954e-05
578,2.312000,-0.00150052516,-0.000720238546,0.00139388046,-0.00140065048,0.00201992015,-0.0010877715,-1.04249093e-05,-1.97453573e-08,-6.67242284e-06,1.89926311e-06,8.76339254e-05,-2.92327459e-05
579,2.316000,-0.00149796146,-0.000695175957,0.00138905947,-0.0013914546,0.00201235176,-0.00108673889,-1.04116862e-05,-7.30187821e-09,-6.68517623e-06,1.88268245e-06,8.73198296e-05,-2.911294e-05
580,2.320000,-0.00149543164,-0.000669829198,0.00138576399,-0.00138207944,0.00200470001,-0.00108566298,-1.0368487e-05,2.22780727e-09,-6.70526879e-06,1.88427862e-06,8.71197772e-05,-2.90491171e-05
581,2.324000,-0.00149289682,-0.000644856016,0.00138289528,-0.00137279509,0.00199710322,-0.00108459196,-1.03382927e-05,1.52697339e-08,-6.70574855e-06,1.88099159e-06,8.68876523e-05,-2.89687159e-05
582,2.328000,-0.00149030739,-0.000621434767,0.00137839909,-0.00136404368,0.00198981189,-0.00108360127,-1.03188568e-05,2.38769644e-08,-6.70040572e-06,1.87093246e-06,8.6623375e-05,-2.88738738e-05
583,2.332000,-0.00148773508,-0.00059836905,0.001373515,-0.00135539123,0.00198256178,-0.00108253886,-1.03057846e-05,3.21388143e-08,-6.70920963e-06,1.86278714e-06,8.63709502e-05,-2.87861476e-05
584,2.336000,-0.00148521131,-0.000575080281,0.00137019693,-0.00134669524,0.00197532703,-0.00108143128,-1.02692438e-05,4.17667252e-08,-6.69652081e-06,1.85510999e-06,8.61059671e-05,-2.86867726e-05
585,2.340000,-0.00148266449,-0.000552352984,0.00136707816,-0.00133811287,0.00196814025,-0.00108030345,-1.02428839e-05,4.71206931e-08,-6.67502854e-06,1.8516123e-06,8.58221902e-05,-2.85767092e-05
586,2.344000,0.0147081781,-0.00097805541,-0.00496644899,0.000536618754,-0.0010579417,-0.00116652437,-1.02058593e-05,5.2506266e-08,-6.68260009e-06,1.84513863e-06,8.55517283e-05,-2.84761445e-05
587,2.348000,0.023727987,0.000301659107,-0.00662512518,0.00158664584,-0.00195599161,-0.00025175605,-1.01598471e-05,5.71678811e-08,-6.68708481e-06,1.84104135e-06,8.53357342e-05,-2.840259e-05
588,2.352000,0.0297764372,0.00121522695,-0.00696184114,0.00220771693,-0.00250395224,0.00031754747,-1.01398809e-05,8.60125056e-08,-6.67382938e-06,1.83221721e-06,8.50217184e-05,-2.82786095e-05
589,2.356000,0.0339649096,0.00165492482,-0.00699107163,0.00224219263,-0.00256161112,0.000378670171,-1.01038868e-05,7.51458629e-08,-6.68226266e-06,1.82676922e-06,8.47535121e-05,-2.81800858e-05
590,2.360000,0.0369669124,0.00181881338,-0.00704708509,0.00225813687,-0.00259238156,0.000409703702,-1.00910383e-05,9.00224677e-08,-6.68080656e-06,1.81325163e-06,8.44707101e-05,-2.80722707e-05
591,2.364000,0.0392293334,0.00187305082,-0.00710610114,0.00226720795,-0.00261049694,0.00042581372,-1.00589823e-05,9.50224148e-08,-6.66458754e-06,1.81053224e-06,8.42044901e-05,-2.79717478e-05
592,2.368000,0.0410280116,0.00188067928,-0.00716568902,0.00227257609,-0.00262143207,0.00043332018,-1.00195457e-05,1.01739488e-07,-6.66994765e-06,1.81158771e-06,8.39630593e-05,-2.78841762e-05
593,2.372000,0.0425329767,0.00186722446,-0.0072266534,0.00227562338,-0.00262792339,0.000435477123,-9.99450731e-06,1.08968379e-07,-6.68884195e-06,1.79827805e-06,8.37478292e-05,-2.78116022e-05
594,2.376000,0.0438490063,0.00184448063,-0.00728901476,0.0022770334,-0.00263161678,0.000434436835,-9.95962182e-06,1.21592848e-07,-6.68889652e-06,1.79918675e-06,8.35040773e-05,-2.772689e-05
595,2.380000,0.0450407341,0.00181865785,-0.00735181943,0.00227747113,-0.00263359956,0.000431384891,-9.93380854e-06,1.28082547e-07,-6.67687709e-06,1.79399683e-06,8.32566293e-05,-2.76372066e-05
596,2.384000,0.0461481139,0.00179199968,-0.00741471723,0.00227737986,-0.0026345714,0.000427274033,-9.90271928e-06,1.44481419e-07,-6.65745665e-06,1.7873208e-06,8.30434292e-05,-2.7565733e-05
597,2.388000,0.047195904,0.00176423509,-0.00747779943,0.00227676705,-0.00263479026,0.000422322191,-9.88659485e-06,1.34334186e-07,-6.67246195e-06,1.77638162e-06,8.28233315e-05,-2.74901922e-05
598,2.392000,0.0481994525,0.00173551589,-0.0075413771,0.00227570534,-0.00263445405,0.000416811556,-9.86616578e-06,1.43958232e-07,-6.66215556e-06,1.77505171e-06,8.2560342e-05,-2.73939222e-05
599,2.396000,0.0491683744,0.00170630496,-0.00760385022,0.0022746101,-0.00263397442,0.000411250629,-9.84738199e-06,1.54017926e-07,-6.67871109e-06,1.76866649e-06,8.23417358e-05,-2.73208516e-05
600,2.400000,0.0501087941,0.00167625491,-0.00766572729,0.00227311254,-0.00263307919,0.000405290164,-9.80559344e-06,1.57599743e-07,-6.65528842e-06,1.77094989e-06,8.21807771e-05,-2.72757388e-05
601,2.404000,0.00626583863,0.0135818049,-0.00496762618,-0.00146498904,-0.000922078965,0.00115096197,-9.77767104e-06,1.56817805e-07,-6.67246877e-06,1.76155754e-06,8.20200221e-05,-2.72327088e-05
602,2.408000,-0.00166035281,0.0203533303,0.00109634921,0.000308606774,8.88491049e-05,0.00115877204,-9.75945932e-06,1.69568921e-07,-6.68073653e-06,1.7600928e-06,8.17734472e-05,-2.71435365e-05
603,2.412000,-0.00189963682,0.0203184318,-0.000801973045,0.000596452504,8.14992236e-05,0.00115878228,-9.72619546e-06,1.82408257e-07,-6.67199356e-06,1.75107846e-06,8.15522362e-05,-2.70682685e-05
604,2.416000,-0.00192470686,0.0207701717,-0.00181129947,0.000590667129,9.58465098e-05,0.00115891732,-9.7038328e-06,1.88591684e-07,-6.67516588e-06,1.74713227e-06,8.12826111e-05,-2.69647262e-05
605,2.420000,-0.00193921407,0.0212723576,-0.002156578,0.000587284565,0.000102376071,0.00115897693,-9.66731932e-06,1.90856554e-07,-6.67881386e-06,1.74706724e-06,8.11276768e-05,-2.69257944e-05
606,2.424000,-0.00195180625,0.0216366798,-0.0023134239,0.000586330891,0.000107211061,0.00115902163,-9.66058906e-06,2.03487161e-07,-6.67184759e-06,1.73725084e-06,8.08478944e-05,-2.68204294e-05
607,2.428000,-0.00196384545,0.0218956955,-0.00240894035,0.00058664754,0.000111605943,0.00115904957,-9.62585727e-06,2.05345032e-07,-6.67264248e-06,1.73083731e-06,8.06833341e-05,-2.677255e-05
608,2.432000,-0.00197569095,0.0220941082,-0.00248076394,0.000587712973,0.000115860574,0.00115908403,-9.59094723e-06,2.12655095e-07,-6.67764971e-06,1.72958516e-06,8.04615338e-05,-2.66966235e-05
609,2.436000,-0.00198741397,0.0222598389,-0.00254289433,0.000589009374,0.000120085373,0.00115912221,-9.58301734e-06,2.21641358e-07,-6.6612256e-06,1.71605609e-06,8.02474096e-05,-2.66280458e-05
610,2.440000,-0.00199906575,0.0224083979,-0.00260029361,0.000590480864,0.000124294369,0.00115915202,-9.54681309e-06,2.26554448e-07,-6.6646212e-06,1.72110367e-06,8.00315174e-05,-2.65525905e-05
611,2.444000,-0.00201068353,0.0225477498,-0.00265463442,0.000592090189,0.000128476328,0.00115919579,-9.51552647e-06,2.34426352e-07,-6.65906828e-06,1.71380498e-06,7.98105029e-05,-2.64765258e-05
612,2.448000,-0.00202223659,0.0226813946,-0.00270806998,0.000593587756,0.000132731249,0.00115922466,-9.49463902e-06,2.35549123e-07,-6.6580501e-06,1.70908504e-06,7.95418819e-05,-2.63735565e-05
613,2.452000,-0.00203375798,0.0228115376,-0.00276039913,0.000595144928,0.000136961433,0.00115925726,-9.45653301e-06,2.43691829e-07,-6.66750157e-06,1.70878582e-06,7.93849904e-05,-2.63332749e-05
614,2.456000,-0.0020452349,0.0229395479,-0.00281192362,0.000596679747,0.000141195953,0.00115928985,-9.43522991e-06,2.55188979e-07,-6.64938125e-06,1.69996565e-06,7.91546336e-05,-2.62523336e-05
615,2.460000,-0.00205666292,0.0230655,-0.00286294892,0.00059825927,0.000145421887,0.00115933176,-9.4187435e-06,2.59982471e-07,-6.63756191e-06,1.69510997e-06,7.89236437e-05,-2.61700407e-05
616,2.464000,-0.00771080423,0.0494218096,-0.0239727497,0.0241806209,-0.000921165687,0.00115052424,-9.38678022e-06,2.60470642e-07,-6.62738512e-06,1.6881844e-06,7.87134486e-05,-2.60996549e-05
617,2.468000,-0.00834062509,0.0529377535,-0.0633659288,0.0662653595,-0.000591089542,0.0011531394,-9.3670651e-06,2.70860255e-07,-6.64445906e-06,1.68257736e-06,7.84932126e-05,-2.6023803e-05
618,2.472000,-0.00870511774,0.0529241115,-0.0890801549,0.0877307057,-0.000486111036,0.00115399808,-9.34169475e-06,2.77160325e-07,-6.64533945e-06,1.68411134e-06,7.82690549e-05,-2.59456447e-05
619,2.476000,-0.00911493413,0.0528967567,-0.104989104,0.09852577,-0.000451138127,0.0011542961,-9.33134106e-06,2.86278464e-07,-6.63722585e-06,1.66850884e-06,7.79766342e-05,-2.58325363e-05
620,2.480000,-0.00954063237,0.0528632812,-0.115461439,0.105018772,-0.000436053611,0.00115446374,-9.29997896e-06,2.92323875e-07,-6.6217799e-06,1.66602524e-06,7.7775665e-05,-2.5762658e-05
621,2.484000,-0.00996236783,0.0528268106,-0.122586533,0.10937386,-0.00042736929,0.00115457177,-9.26880057e-06,2.9728335e-07,-6.63522906e-06,1.66100176e-06,7.75148801e-05,-2.56591247e-05
622,2.488000,-0.0103711933,0.0527884327,-0.127541989,0.112481244,-0.000421036006,0.00115465,-9.23176322e-06,3.07885102e-07,-6.64341133e-06,1.65609367e-06,7.72847852e-05,-2.55772211e-05
623,2.492000,-0.0107828993,0.0537147895,-0.129423201,0.112915955,-0.000425789447,0.00115462393,-9.20258935e-06,3.1584068e-07,-6.64807976e-06,1.65160736e-06,7.70926563e-05,-2.55149407e-05
624,2.496000,-0.0111774933,0.0547009148,-0.130402505,0.11294356,-0.000430424523,0.00115458854,-9.19042304e-06,3.2958792e-07,-6.63019046e-06,1.63935465e-06,7.67872552e-05,-2.53891867e-05
625,2.500000,-0.01155244,0.0555464849,-0.131103635,0.113051616,-0.000432902278,0.00115457922,-9.15418786e-06,3.34060132e-07,-6.64108165e-06,1.6359927e-06,7.65368459e-05,-2.52944992e-05
626,2.504000,-0.0119107757,0.0562842637,-0.131629959,0.113205336,-0.000434060756,0.00115460344,-9.12736868e-06,3.40145334e-07,-6.63626497e-06,1.62631738e-06,7.62944474e-05,-2.52036916e-05
627,2.508000,-0.0122551061,0.0569406152,-0.132044792,0.113386631,-0.000434486108,0.00115459599,-9.10496783e-06,3.53418272e-07,-6.64596473e-06,1.62185438e-06,7.60371986e-05,-2.51054134e-05
628,2.512000,-0.0125876255,0.0575385541,-0.132385194,0.11358247,-0.000434317277,0.00115460344,-9.09253504e-06,3.55491238e-07,-6.6440557e-06,1.61389698e-06,7.5824224e-05,-2.50345238e-05
629,2.516000,-0.0129099246,0.0580900609,-0.132677704,0.11378675,-0.000433949695,0.00115461648,-9.05642264e-06,3.64404286e-07,-6.63033052e-06,1.60774255e-06,7.55660221e-05,-2.49330715e-05
630,2.520000,-0.01322327,0.0586109795,-0.132935852,0.113994986,-0.000433337962,0.00115463603,-9.01853582e-06,3.71562692e-07,-6.60785372e-06,1.60846776e-06,7.53332279e-05,-2.48459073e-05
631,2.524000,-0.00990951713,0.0524477959,-0.221511304,0.263427705,-0.000225374708,2.79201195e-05,-8.99364386e-06,3.70313728e-07,-6.60129444e-06,1.60858929e-06,7.51326588e-05,-2.47774315e-05
632,2.528000,-0.00928994827,0.0612937734,-0.242039263,0.287027597,-0.00116586231,0.00114859547,-8.97576138e-06,3.79086714e-07,-6.60105798e-06,1.59639978e-06,7.48418752e-05,-2.46632917e-05
633,2.532000,-0.00839443039,0.0738130137,-0.244248301,0.288780004,-0.00106031972,0.00114942994,-8.94519781e-06,3.86184638e-07,-6.59485522e-06,1.59093122e-06,7.46799778e-05,-2.46120471e-05
634,2.536000,-0.00780372135,0.0828768611,-0.24652493,0.289215744,-0.00104521238,0.0011495389,-8.91593299e-06,3.90294417e-07,-6.6076459e-06,1.58623209e-06,7.45087891e-05,-2.45624178e-05
635,2.540000,-0.0075421799,0.0894616023,-0.248991355,0.289274991,-0.00104274123,0.00114958361,-8.88988143e-06,3.96669975e-07,-6.59479701e-06,1.58725049e-06,7.43360288e-05,-2.45094834e-05
636,2.544000,-0.00748926867,0.0944571868,-0.251199007,0.289230824,-0.00104453939,0.00114959478,-8.86658017e-06,3.99557848e-07,-6.60461228e-06,1.57983436e-06,7.41342301e-05,-2.44387393e-05
637,2.548000,-0.00756445248,0.0983386338,-0.253051013,0.289179385,-0.00104770903,0.00114957802,-8.8456809e-06,4.13222324e-07,-6.61062722e-06,1.58094213e-06,7.39515235e-05,-2.43816012e-05
638,2.552000,-0.00771601964,0.101398438,-0.254564524,0.289149523,-0.00105092349,0.00114959478,-8.8367442e-06,4.29179408e-07,-6.61955983e-06,1.57296358e-06,7.376555e-05,-2.43213581e-05
639,2.556000,-0.00791162904,0.103832237,-0.255790114,0.289146721,-0.00105394528,0.0011495892,-8.80453445e-06,4.24381142e-07,-6.62200546e-06,1.56926455e-06,7.35798385e-05,-2.42589904e-05
640,2.560000,-0.00813137647,0.105783165,-0.256780565,0.289169163,-0.00105654856,0.00114959385,-8.77937873e-06,4.29272404e-07,-6.59379066e-06,1.56355327e-06,7.33955021e-05,-2.42008336e-05
641,2.564000,-0.00836312678,0.1073571,-0.257583529,0.289213181,-0.00105884997,0.0011496041,-8.75161004e-06,4.29031843e-07,-6.59790021e-06,1.56308715e-06,7.32023691e-05,-2.41354792e-05
642,2.568000,-0.00859963521,0.108635366,-0.258237302,0.289272487,-0.00106081774,0.00114961807,-8.72833243e-06,4.35749371e-07,-6.59923307e-06,1.55572229e-06,7.30155734e-05,-2.40749414e-05
643,2.572000,-0.00883662794,0.109681144,-0.258773834,0.289344221,-0.0010625401,0.00114962552,-8.70157146e-06,4.42034661e-07,-6.59181978e-06,1.55354155e-06,7.28214873e-05,-2.40092268e-05
644,2.576000,-0.00907162018,0.110543579,-0.259217918,0.289426297,-0.00106403593,0.00114964694,-8.68003735e-06,4.47081902e-07,-6.6003181e-06,1.54759221e-06,7.26347498e-05,-2.39488963e-05
645,2.580000,-0.00930318143,0.111261562,-0.259589076,0.289516568,-0.00106531009,0.00114965905,-8.670444e-06,4.55082613e-07,-6.58914314e-06,1.54013867e-06,7.24605125e-05,-2.38975899e-05
646,2.584000,-0.00521236565,0.0930067301,-0.349893212,0.453096956,0.000567869749,-0.00115444092,-8.65729726e-06,4.62461685e-07,-6.59015814e-06,1.53245321e-06,7.21916294e-05,-2.37889162e-05
647,2.588000,-0.00472490769,0.11319685,-0.346631289,0.460235685,-0.00164393079,0.00114497496,-8.6174141e-06,4.68934559e-07,-6.59418401e-06,1.53368933e-06,7.20582975e-05,-2.37555396e-05
648,2.592000,-0.00434133969,0.125986606,-0.346901953,0.462492138,-0.0015403725,0.00114571629,-8.59279044e-06,4.75081265e-07,-6.59363059e-06,1.53160966e-06,7.18644005e-05,-2.36890501e-05
649,2.596000,-0.0039939112,0.135166213,-0.34722206,0.463798434,-0.00148233457,0.00114616565,-8.58006388e-06,4.7799017e-07,-6.58805766e-06,1.52234657e-06,7.16698269e-05,-2.36246906e-05
650,2.600000,-0.00398466457,0.141267642,-0.348672688,0.464059532,-0.00147456187,0.00114624109,-8.55169947e-06,4.86154363e-07,-6.58124281e-06,1.52211442e-06,7.14776324e-05,-2.35580701e-05
651,2.604000,-0.00401418842,0.145608217,-0.350330293,0.464031428,-0.00147534627,0.00114626065,-8.52539779e-06,4.92611548e-07,-6.59701482e-06,1.51824759e-06,7.12856709e-05,-2.3495304e-05
652,2.608000,-0.00405344833,0.148848683,-0.351833701,0.46392706,-0.00147872488,0.00114627462,-8.5018055e-06,4.98587724e-07,-6.60571641e-06,1.51596987e-06,7.1076196e-05,-2.34205854e-05
653,2.612000,-0.00410111854,0.151332706,-0.353095949,0.463817388,-0.00148263318,0.00114627089,-8.47117099e-06,5.04841069e-07,-6.57326427e-06,1.50684752e-06,7.08897278e-05,-2.33579649e-05
654,2.616000,-0.00414907793,0.1532619,-0.354126573,0.46372658,-0.00148625346,0.00114627974,-8.45064824e-06,5.07641516e-07,-6.57097462e-06,1.49669631e-06,7.06813953e-05,-2.32852199e-05
655,2.620000,-0.00419615628,0.154770643,-0.354958057,0.463660449,-0.00148958922,0.00114629883,-8.42372356e-06,5.13151917e-07,-6.57784676e-06,1.49821426e-06,7.04982886e-05,-2.32268103e-05
656,2.624000,-0.00424215244,0.15595673,-0.355625659,0.463614583,-0.00149247446,0.00114632258,-8.4219464e-06,5.22902155e-07,-6.56516659e-06,1.4939942e-06,7.02379039e-05,-2.31252598e-05
657,2.628000,-0.00429283176,0.156892836,-0.356160611,0.463583827,-0.00149493106,0.00114634167,-8.38005599e-06,5.23051767e-07,-6.57655664e-06,1.48598338e-06,7.01346362e-05,-2.31062968e-05
658,2.632000,-0.00434391247,0.157632768,-0.356592476,0.463567555,-0.00149721978,0.00114638638,-8.38053802e-06,5.36655079e-07,-6.58569979e-06,1.48044808e-06,6.98570075e-05,-2.29941015e-05
659,2.636000,-0.00439428678,0.158219486,-0.356941402,0.463559508,-0.00149917486,0.00114641339,-8.35353876e-06,5.55922156e-07,-6.57401779e-06,1.47948936e-06,6.96635252e-05,-2.29289235e-05
660,2.640000,-0.00444390811,0.158684969,-0.357226312,0.463558704,-0.00150089513,0.00114642875,-8.31243051e-06,5.51859898e-07,-6.56809834e-06,1.47154913e-06,6.94353876e-05,-2.28396602e-05
661,2.644000,-0.0038742465,0.152717248,-0.415802062,0.593274117,0.000106695574,-0.0011584626,-8.28483826e-06,5.54905341e-07,-6.57667306e-06,1.46999639e-06,6.92092217e-05,-2.27534947e-05
662,2.648000,-0.00371484924,0.16984567,-0.410734564,0.600488245,-0.00211124285,0.00114167924,-8.26549785e-06,5.6139902e-07,-6.55993426e-06,1.46566424e-06,6.89587105e-05,-2.2654247e-05
663,2.652000,-0.00353081967,0.179919541,-0.409951508,0.602789879,-0.00201728148,0.00114235154,-8.23770097e-06,5.63922299e-07,-6.57361261e-06,1.45592708e-06,6.88005821e-05,-2.26057018e-05
664,2.656000,-0.0034179776,0.186925873,-0.409403861,0.603834391,-0.00199438818,0.00114254467,-8.21270896e-06,5.76731509e-07,-6.57140663e-06,1.44955209e-06,6.85463383e-05,-2.25060485e-05
665,2.660000,-0.00339974253,0.19129777,-0.41019097,0.604041576,-0.00198978232,0.0011426165,-8.19063098e-06,5.83403789e-07,-6.58815588e-06,1.44566525e-06,6.83669277e-05,-2.24448577e-05
666,2.664000,-0.00339567661,0.194285378,-0.41128242,0.603969157,-0.00199229643,0.00114262698,-8.16959619e-06,5.93630602e-07,-6.5711447e-06,1.44125011e-06,6.81026286e-05,-2.23394873e-05
667,2.668000,-0.00339603587,0.196453124,-0.412318051,0.603817642,-0.00199707015,0.00114264293,-8.13892257e-06,5.95337497e-07,-6.57164674e-06,1.43856585e-06,6.78969518e-05,-2.22659673e-05
668,2.672000,-0.00339746405,0.198078766,-0.413199484,0.603656888,-0.00200231443,0.00114265562,-8.11323207e-06,6.02908131e-07,-6.56549855e-06,1.42707722e-06,6.77280113e-05,-2.22095459e-05
669,2.676000,-0.00339882681,0.199315682,-0.413919508,0.603508234,-0.00200731819,0.00114268169,-8.10119673e-06,6.14055352e-07,-6.5696845e-06,1.42242254e-06,6.74390685e-05,-2.20904549e-05
670,2.680000,-0.00339977909,0.200261727,-0.414497107,0.60337615,-0.00201208191,0.00114271301,-8.07365359e-06,6.19114644e-07,-6.5621357e-06,1.41743317e-06,6.72334136e-05,-2.20160218e-05
671,2.684000,-0.00340027013,0.200986192,-0.41495657,0.603258967,-0.00201652665,0.00114272779,-8.05320269e-06,6.21773438e-07,-6.55658596e-06,1.40974998e-06,6.70297741e-05,-2.19462509e-05
672,2.688000,-0.00340040633,0.201539189,-0.41532138,0.603154898,-0.00202060048,0.00114276621,-8.03404691e-06,6.27627287e-07,-6.57507735e-06,1.40584177e-06,6.68184148e-05,-2.18664172e-05
673,2.692000,-0.00340019842,0.201958925,-0.415610731,0.603061795,-0.0020245323,0.0011427945,-8.01414717e-06,6.3924017e-07,-6.56514703e-06,1.40400687e-06,6.65951738e-05,-2.17829311e-05
674,2.696000,-0.00339976186,0.202274486,-0.415840387,0.602976382,-0.00202810438,0.00114283641,-7.98847486e-06,6.45863793e-07,-6.58291674e-06,1.3986504e-06,6.63907849e-05,-2.17068336e-05
675,2.700000,-0.00339911366,0.202508688,-0.416022956,0.602897108,-0.00203154422,0.00114285864,-7.953563e-06,6.51098276e-07,-6.5842778e-06,1.39714109e-06,6.62609964e-05,-2.16742174e-05
676,2.704000,-0.00331482897,0.197007447,-0.450403333,0.675173938,-0.00270925788,0.00113743963,-7.91599905e-06,6.67771246e-07,-6.58495674e-06,1.39413828e-06,6.61295198e-05,-2.16363042e-05
677,2.708000,-0.003203033,0.2055839,-0.447488308,0.677507341,-0.00263430155,0.00113831111,-7.90344438e-06,6.61321906e-07,-6.5641334e-06,1.38792393e-06,6.59145444e-05,-2.15594046e-05
678,2.712000,-0.00306416396,0.210833699,-0.446144551,0.678837419,-0.00259350333,0.00113868469,-7.87603585e-06,6.60942533e-07,-6.55234726e-06,1.38718599e-06,6.58007048e-05,-2.1531283e-05
679,2.716000,-0.00303838751,0.213840649,-0.446201771,0.679099917,-0.00258957944,0.00113875919,-7.8537023e-06,6.60125806e-07,-6.53636744e-06,1.3845945e-06,6.56534248e-05,-2.14889515e-05
680,2.720000,-0.00302799861,0.215734303,-0.446729064,0.679053068,-0.00259348378,0.00113880786,-7.83422183e-06,6.63494689e-07,-6.53537154e-06,1.38484529e-06,6.54929026e-05,-2.14364954e-05
681,2.724000,-0.00302265584,0.217034563,-0.447320938,0.67890954,-0.00259982515,0.00113882031,-7.82147436e-06,6.70921963e-07,-6.55476242e-06,1.38394375e-06,6.53348106e-05,-2.13902276e-05
682,2.728000,-0.00301874406,0.217971593,-0.447851479,0.678743839,-0.00260685245,0.0011388358,-7.80673327e-06,6.79492018e-07,-6.54494352e-06,1.37015672e-06,6.51153168e-05,-2.13083767e-05
683,2.732000,-0.00301506883,0.218663588,-0.448291212,0.678581119,-0.00261384202,0.00113885605,-7.78054164e-06,6.84039719e-07,-6.54524592e-06,1.36936444e-06,6.49682624e-05,-2.12651994e-05
684,2.736000,-0.00301120477,0.219176695,-0.448645651,0.678427875,-0.00262064021,0.00113887712,-7.76502748e-06,6.91406626e-07,-6.55575468e-06,1.36638812e-06,6.47975103e-05,-2.12074738e-05
685,2.740000,-0.00300711812,0.21955581,-0.448926836,0.678284347,-0.0026270675,0.00113890786,-7.74369164e-06,6.97710448e-07,-6.55247231e-06,1.36278436e-06,6.46537083e-05,-2.1168551e-05
686,2.744000,-0.00300278305,0.219831854,-0.449148059,0.678148985,-0.00263333647,0.0011389344,-7.72717522e-06,7.03603746e-07,-6.5593249e-06,1.35900939e-06,6.44777538e-05,-2.1107764e-05
687,2.748000,-0.00299825659,0.220027536,-0.449321926,0.678020895,-0.0026392967,0.00113895559,-7.71476334e-06,7.12624114e-07,-6.55185295e-06,1.35483174e-06,6.43200619e-05,-2.1058213e-05
688,2.752000,-0.00299355504,0.220161617,-0.449457765,0.677898943,-0.00264520315,0.00113899563,-7.68939481e-06,7.09458959e-07,-6.54817313e-06,1.35133689e-06,6.41561928e-05,-2.10058879e-05
689,2.756000,-0.00298871263,0.22024636,-0.449564338,0.677781165,-0.00265097199,0.00113903265,-7.67049278e-06,7.17297894e-07,-6.54157884e-06,1.35141636e-06,6.39872815e-05,-2.09482041e-05
690,2.760000,-0.00298377965,0.220293224,-0.449647099,0.677666426,-0.00265665282,0.00113906153,-7.63713706e-06,7.20057301e-07,-6.5491331e-06,1.35088442e-06,6.38665442e-05,-2.09188966e-05
691,2.764000,-0.00309806224,0.218435168,-0.449698418,0.667312384,-0.00253346376,0.0011401237,-7.62455602e-06,7.26272219e-07,-6.55408712e-06,1.34861591e-06,6.37076737e-05,-2.08699021e-05
692,2.768000,-0.00314967311,0.216718882,-0.452062547,0.666162848,-0.00256222044,0.00113995513,-7.60037801e-06,7.31837758e-07,-6.55507074e-06,1.33900789e-06,6.35045581e-05,-2.07969679e-05
693,2.772000,-0.00316657848,0.216191113,-0.453020692,0.66566813,-0.00257566525,0.0011399535,-7.58740907e-06,7.39587904e-07,-6.54161795e-06,1.33402648e-06,6.3311003e-05,-2.07252378e-05
694,2.776000,-0.00317216734,0.216063365,-0.453446597,0.665418565,-0.00258306228,0.00113998167,-7.56145982e-06,7.44172667e-07,-6.5525046e-06,1.32853188e-06,6.31566945e-05,-2.06776404e-05
695,2.780000,-0.00317355362,0.216056287,-0.453662038,0.665260732,-0.00258818199,0.00114002777,-7.55066321e-06,7.48757088e-07,-6.54407631e-06,1.32961361e-06,6.2970641e-05,-2.06139848e-05
696,2.784000,-0.0031733783,0.21607396,-0.453787625,0.665138245,-0.00259229494,0.00114006712,-7.51434527e-06,7.52944061e-07,-6.52777771e-06,1.32167474e-06,6.27999834e-05,-2.05556753e-05
697,2.788000,-0.00317258248,0.216083646,-0.453871489,0.665031195,-0.00259602675,0.00114011648,-7.49891024e-06,7.5468563e-07,-6.5403533e-06,1.32160687e-06,6.26286055e-05,-2.04979715e-05
698,2.792000,-0.00317155197,0.216079131,-0.453930825,0.664930046,-0.00259950338,0.00114016444,-7.47679587e-06,7.60739567e-07,-6.53670304e-06,1.31642207e-06,6.24501263e-05,-2.04339012e-05
699,2.796000,-0.00317037757,0.216058522,-0.453976214,0.664831698,-0.00260288478,0.00114019681,-7.44147428e-06,7.67308393e-07,-6.55416716e-06,1.31223919e-06,6.23447704e-05,-2.04129628e-05
700,2.800000,-0.00316915195,0.216025248,-0.454011351,0.664734721,-0.00260625221,0.00114026503,-7.42901739e-06,7.76850811e-07,-6.54143787e-06,1.30970295e-06,6.21572108e-05,-2.03442596e-05
701,2.804000,-0.00316787977,0.215982035,-0.454038382,0.664638042,-0.00260957261,0.00114030321,-7.42199745e-06,7.82828124e-07,-6.5487734e-06,1.30543015e-06,6.191391e-05,-2.02483097e-05
702,2.808000,-0.0031665815,0.215930119,-0.454060495,0.664542496,-0.00261286274,0.00114036724,-7.4022746e-06,7.87282715e-07,-6.52684321e-06,1.29326531e-06,6.1699262e-05,-2.01627299e-05
703,2.812000,-0.0031652872,0.215872273,-0.454077899,0.664446115,-0.00261608604,0.00114041148,-7.37559139e-06,7.88526449e-07,-6.52150811e-06,1.29602063e-06,6.15283207e-05,-2.01055573e-05
704,2.816000,-0.0031639738,0.215809092,-0.454092562,0.664350271,-0.00261928001,0.00114045595,-7.36092989e-06,7.95705432e-07,-6.53519919e-06,1.28712804e-06,6.13177617e-05,-2.00235045e-05
705,2.820000,-0.00316266622,0.215742543,-0.454104483,0.664253891,-0.00262247096,0.00114051183,-7.34220157e-06,8.04521846e-07,-6.52481867e-06,1.28194779e-06,6.11202922e-05,-1.99501301e-05
706,2.824000,-0.00315942802,0.226969987,-0.407612026,0.565847576,-0.00174642378,0.00114766555,-7.32676381e-06,8.08475647e-07,-6.52490871e-06,1.27820374e-06,6.09174967e-05,-1.98736598e-05
707,2.828000,-0.00325863203,0.218586683,-0.411882818,0.56318891,-0.00182137464,0.00114678359,-7.30205602e-06,8.17835485e-07,-6.52082099e-06,1.27281885e-06,6.07286784e-05,-1.9803676e-05
708,2.832000,-0.00344130723,0.213784635,-0.414076298,0.561258316,-0.00188430597,0.00114642782,-7.2736284e-06,8.20894343e-07,-6.53030975e-06,1.26822454e-06,6.05542737e-05,-1.97388908e-05
709,2.836000,-0.00347036729,0.211273998,-0.414654672,0.560699642,-0.0018974205,0.00114640058,-7.27327551e-06,8.34135562e-07,-6.5356694e-06,1.25854069e-06,6.03240114e-05,-1.96503734e-05
710,2.840000,-0.00347913476,0.20984666,-0.414530635,0.560531676,-0.00190097617,0.00114644459,-7.24615438e-06,8.37464768e-07,-6.52858307e-06,1.25434462e-06,6.01231441e-05,-1.95743232e-05
711,2.844000,-0.00348157808,0.208913997,-0.414227694,0.560489774,-0.00190118351,0.00114649977,-7.21130209e-06,8.47935553e-07,-6.52270728e-06,1.24932978e-06,5.99128434e-05,-1.94904951e-05
712,2.848000,-0.00348208984,0.208243728,-0.413917422,0.560480952,-0.00190044031,0.00114655611,-7.18623232e-06,8.47314254e-07,-6.51927576e-06,1.24691542e-06,5.97323196e-05,-1.94264467e-05
713,2.852000,-0.00348217785,0.207732707,-0.413649857,0.560474694,-0.00189952936,0.00114661129,-7.16655541e-06,8.54239829e-07,-6.52743302e-06,1.24332269e-06,5.95406709e-05,-1.9354944e-05
714,2.856000,-0.00348232314,0.207330987,-0.413433194,0.560462534,-0.00189874065,0.00114668254,-7.14678345e-06,8.60502041e-07,-6.52077688e-06,1.23907569e-06,5.93656441e-05,-1.92942298e-05
715,2.860000,-0.00348266773,0.207008928,-0.413262755,0.560440719,-0.00189804751,0.00114672608,-7.12623978e-06,8.6365003e-07,-6.51875189e-06,1.23476855e-06,5.91931894e-05,-1.92317966e-05
716,2.864000,-0.00348320417,0.206747249,-0.413132191,0.560411751,-0.00189745903,0.00114677963,-7.10158656e-06,8.70305598e-07,-6.50458833e-06,1.22421284e-06,5.89611227e-05,-1.91396302e-05
717,2.868000,-0.00348394457,0.206533208,-0.413032711,0.560376406,-0.00189700443,0.001146839,-7.08477455e-06,8.74905027e-07,-6.50230731e-06,1.22305835e-06,5.8756752e-05,-1.90610608e-05
718,2.872000,-0.00348483981,0.206355959,-0.412958562,0.560335338,-0.00189661968,0.00114689092,-7.04775357e-06,8.82446443e-07,-6.51877872e-06,1.21876451e-06,5.85704656e-05,-1.899362e-05
719,2.876000,-0.00348584866,0.206207097,-0.412904263,0.560288608,-0.00189635425,0.00114695262,-7.03969499e-06,8.88519025e-07,-6.50009588e-06,1.20999232e-06,5.83697656e-05,-1.89168677e-05
720,2.880000,-0.00348696858,0.206081837,-0.41286546,0.560238481,-0.00189614273,0.0011470241,-7.00800774e-06,8.89140892e-07,-6.49940648e-06,1.21391224e-06,5.82585853e-05,-1.88903559e-05
721,2.884000,-0.00285626296,0.225103751,-0.324106395,0.388750374,-0.00175885111,0.0011482588,-6.99351767e-06,8.9600212e-07,-6.50104084e-06,1.21181552e-06,5.80073865e-05,-1.87853366e-05
722,2.888000,-0.0030033947,0.208667248,-0.328225195,0.38513568,-0.00186990749,0.00114696054,-6.96955522e-06,9.15832061e-07,-6.49034018e-06,1.20189213e-06,5.78935396e-05,-1.87577934e-05
723,2.892000,-0.00326166581,0.19877395,-0.329414725,0.382707,-0.00196040678,0.00114641339,-6.94204527e-06,9.07006552e-07,-6.52415883e-06,1.20468201e-06,5.77825231e-05,-1.87289625e-05
724,2.896000,-0.00329072215,0.19293952,-0.328697383,0.382274359,-0.00197445089,0.00114632701,-6.92836602e-06,9.15100031e-07,-6.52307426e-06,1.19594836e-06,5.75938939e-05,-1.86590751e-05
725,2.900000,-0.00329040294,0.18921718,-0.327257365,0.382366121,-0.00197548768,0.0011463142,-6.90555044e-06,9.18378078e-07,-6.50290303e-06,1.19702008e-06,5.74633159e-05,-1.86200687e-05
726,2.904000,-0.00328225922,0.186601356,-0.325821191,0.382592231,-0.00197276822,0.00114631187,-6.89834678e-06,9.20905336e-07,-6.5034983e-06,1.18942569e-06,5.7316749e-05,-1.85725748e-05
727,2.908000,-0.00327258534,0.184659392,-0.324590504,0.382822365,-0.00196957821,0.00114633003,-6.88681666e-06,9.29531325e-07,-6.49496087e-06,1.18476714e-06,5.7115245e-05,-1.84960172e-05
728,2.912000,-0.00326342206,0.183177322,-0.323594093,0.383020639,-0.00196685712,0.00114634703,-6.85013947e-06,9.27386509e-07,-6.4966448e-06,1.18422508e-06,5.70474076e-05,-1.84938181e-05
729,2.916000,-0.00325522781,0.182032719,-0.322807461,0.383181185,-0.0019648415,0.00114637986,-6.83477538e-06,9.30869874e-07,-6.48951209e-06,1.18338471e-06,5.69045369e-05,-1.84468481e-05
730,2.920000,-0.00324802753,0.181145236,-0.322194576,0.383306742,-0.00196351623,0.00114639662,-6.81357233e-06,9.35623461e-07,-6.51142e-06,1.18513822e-06,5.67924144e-05,-1.8415747e-05
731,2.924000,-0.00324167404,0.18045491,-0.321723074,0.383403599,-0.00196274696,0.0011464376,-6.79419145e-06,9.40501991e-07,-6.50063384e-06,1.17965374e-06,5.66486415e-05,-1.83687225e-05
732,2.928000,-0.00323600229,0.179919541,-0.32136327,0.383476079,-0.00196246919,0.00114645949,-6.79453615e-06,9.61390128e-07,-6.49980984e-06,1.17810157e-06,5.64925504e-05,-1.8320743e-05
733,2.932000,-0.00323092099,0.179505348,-0.321091503,0.383529693,-0.00196258421,0.00114647509,-6.77785101e-06,9.50059757e-07,-6.49084313e-06,1.16648926e-06,5.63222311e-05,-1.82577533e-05
734,2.936000,-0.00322624343,0.179186016,-0.32088995,0.383568257,-0.00196308689,0.00114648906,-6.75137017e-06,9.49460286e-07,-6.49223648e-06,1.16896126e-06,5.61891575e-05,-1.82196272e-05
735,2.940000,-0.00322193396,0.178940892,-0.320743531,0.383594394,-0.00196380541,0.00114651304,-6.7361625e-06,9.56534905e-07,-6.4952369e-06,1.16603667e-06,5.60672997e-05,-1.81858195e-05
736,2.944000,-0.000665341504,0.20275557,-0.0745239556,0.000748056918,-0.000527635682,0.0011582413,-6.71666021e-06,9.63991283e-07,-6.51052824e-06,1.16086323e-06,5.58975298e-05,-1.81238629e-05
737,2.948000,-0.00125074922,0.1399232,-0.067590639,-0.00137016131,0.00164195814,-0.00114931108,-6.69428573e-06,9.67798655e-07,-6.49713138e-06,1.16399428e-06,5.57870262e-05,-1.80975912e-05
738,2.952000,-0.001383272,0.100160517,-0.0525717139,-0.0011708024,0.00162039872,-0.0011491375,-6.67202767e-06,9.65353365e-07,-6.47267052e-06,1.16047579e-06,5.56732957e-05,-1.80634943e-05
739,2.956000,-0.00143071078,0.0722580105,-0.0378755964,-0.00113499211,0.00162877096,-0.00114861375,-6.66355527e-06,9.86560394e-07,-6.48284004e-06,1.14927411e-06,5.54876715e-05,-1.79988619e-05
740,2.960000,-0.00142191851,0.0518145971,-0.0252353922,-0.00118825119,0.00164832466,-0.00114806101,-6.64793561e-06,9.75281068e-07,-6.47029447e-06,1.15087187e-06,5.53626596e-05,-1.79627459e-05
741,2.964000,-0.00138789276,0.0365161337,-0.0147880986,-0.00127628213,0.00167063298,-0.00114759069,-6.62419461e-06,9.75060061e-07,-6.4711403e-06,1.14633224e-06,5.5258166e-05,-1.79366107e-05
742,2.968000,-0.00136978109,0.0242425837,-0.00757863838,-0.00128768152,0.00166382012,-0.001147451,-6.60817341e-06,9.8447947e-07,-6.46048238e-06,1.14467957e-06,5.50878431e-05,-1.78788505e-05
743,2.972000,-0.00134446123,0.014378218,-0.00436740322,-0.00121607911,0.00162633427,-0.00113670505,-6.5984309e-06,9.84533017e-07,-6.47668139e-06,1.14519821e-06,5.49687575e-05,-1.78462597e-05
744,2.976000,-0.00127235276,0.0105179809,-0.00113780843,-0.000361126848,0.000974203518,-0.000507901656,-6.57865803e-06,1.00974523e-06,-6.48707282e-06,1.13822705e-06,5.47980671e-05,-1.77831189e-05
745,2.980000,-0.00125819934,0.00864943489,0.000472922809,-1.88350677e-05,0.000733107794,-0.000284187146,-6.56997372e-06,1.00392526e-06,-6.48902551e-06,1.13866304e-06,5.46640695e-05,-1.77424663e-05
746,2.984000,-0.00124942337,0.00770960748,0.001233052,0.000137391035,0.000622670632,-0.000182143238,-6.52810286e-06,1.00275565e-06,-6.46833996e-06,1.13754436e-06,5.45297153e-05,-1.76990598e-05
747,2.988000,-0.001243026,0.00722135883,0.00158439297,0.000204754062,0.000574506412,-0.00013843755,-6.52292192e-06,1.01920909e-06,-6.46384069e-06,1.13008593e-06,5.43901042e-05,-1.76580834e-05
748,2.992000,-0.00123782619,0.00695186481,0.00173845189,0.000229103025,0.000556434679,-0.000122670666,-6.51266009e-06,1.00909506e-06,-6.46182025e-06,1.12603288e-06,5.42359485e-05,-1.76041813e-05
749,2.996000,-0.00123321975,0.00678894203,0.00179716293,0.000232880004,0.000552741461,-0.000120257842,-6.48591231e-06,1.00990997e-06,-6.47666639e-06,1.12879241e-06,5.40971014e-05,-1.75601017e-05
750,3.000000,-0.00122890132,0.0066771307,0.00180981564,0.000226642471,0.000556042884,-0.000124324462,-6.47677416e-06,1.03280718e-06,-6.48102741e-06,1.12050827e-06,5.3931486e-05,-1.7500277e-05
751,3.004000,-0.00383622875,0.0436615348,-0.0434299335,0.0841804296,-0.00192296808,0.00114479801,-6.45940463e-06,1.0269008e-06,-6.46929675e-06,1.12218356e-06,5.37971246e-05,-1.74558372e-05
752,3.008000,-0.00302662048,0.049825035,-0.0836556479,0.125158489,-0.00160514517,0.00114735262,-6.44237525e-06,1.03005436e-06,-6.46708122e-06,1.11477254e-06,5.3590913e-05,-1.73744156e-05
753,3.012000,-0.00143709057,0.0586721189,0.0299117249,-0.172846675,0.0795551017,-0.0650819615,-6.40918006e-06,1.04561946e-06,-6.47283196e-06,1.1057773e-06,5.34690516e-05,-1.73343542e-05
754,3.016000,-0.00333100231,-0.05724537,-0.0939941704,0.0459685102,0.0128942095,-0.0102718398,-6.39926157e-06,1.05551135e-06,-6.47380875e-06,1.10618089e-06,5.32962149e-05,-1.72723521e-05
755,3.020000,-0.00292114448,-0.0504823178,-0.0828729719,0.039508421,0.00830043014,-0.00618885644,-6.40485041e-06,1.04979654e-06,-6.46666786e-06,1.09830989e-06,5.30812613e-05,-1.71872871e-05
756,3.024000,-0.00287337834,-0.0502533093,-0.0822369009,0.041074641,0.0076862704,-0.00570124621,-6.38684378e-06,1.05438232e-06,-6.46366971e-06,1.09276289e-06,5.29091594e-05,-1.71219563e-05
757,3.028000,-0.00280713267,-0.0496425778,-0.0815250874,0.0407318659,0.00776370708,-0.00569993909,-6.35525703e-06,1.05449601e-06,-6.46692115e-06,1.09142718e-06,5.27366392e-05,-1.70552339e-05
758,3.032000,-0.00276974123,-0.0497778431,-0.0816304088,0.0409599468,0.00867167488,-0.00623388542,-6.32112506e-06,1.06009918e-06,-6.46693979e-06,1.08946438e-06,5.26244294e-05,-1.70251715e-05
759,3.036000,-0.00283332681,-0.0500123948,-0.0817703456,0.041441001,0.00754714478,-0.00521792192,-6.31793455e-06,1.06773734e-06,-6.45566388e-06,1.08097163e-06,5.23941126e-05,-1.692757e-05
760,3.040000,-0.00276912656,-0.0496774986,-0.08123146,0.0405769497,0.00915241428,-0.00630346499,-6.29813439e-06,1.06988875e-06,-6.4660594e-06,1.07443032e-06,5.2221716e-05,-1.68629904e-05
761,3.044000,-0.00272525009,-0.0489486679,-0.0803173631,0.0397421569,0.00915197097,-0.00618390925,-6.26180326e-06,1.07692699e-06,-6.46085982e-06,1.07526841e-06,5.20620597e-05,-1.68046499e-05
762,3.048000,-0.00264909747,-0.04941101,-0.0809382796,0.0405509844,0.00885447394,-0.0058149104,-6.26173687e-06,1.08463746e-06,-6.47520255e-06,1.07309688e-06,5.18637717e-05,-1.67252165e-05
763,3.052000,-0.00280561391,-0.0491751805,-0.0805653632,0.0405305736,0.00775793381,-0.00490184454,-6.22255084e-06,1.08873769e-06,-6.47628212e-06,1.06813866e-06,5.17557346e-05,-1.66959489e-05
764,3.056000,-0.00281715626,-0.048341319,-0.0790761486,0.0387687199,0.00755970646,-0.00449568313,-6.21672552e-06,1.09739756e-06,-6.47018396e-06,1.0624077e-06,5.15478278e-05,-1.66145946e-05
765,3.060000,-0.00282031856,-0.0490807258,-0.0806062147,0.0411598012,0.00799961574,-0.00503367186,-6.21595154e-06,1.10203132e-06,-6.46001217e-06,1.05518041e-06,5.1357536e-05,-1.65413185e-05
766,3.064000,-0.00159031164,-0.0147639625,-0.0263333917,0.00950133801,0.00426923949,-0.00101856724,-6.15992667e-06,1.10279336e-06,-6.46403805e-06,1.05532558e-06,5.12642582e-05,-1.65166639e-05
767,3.068000,-0.001528717,-0.0148567772,-0.0263333619,0.0102097057,0.00363248587,-0.00045816577,-6.15638191e-06,1.11112115e-06,-6.48230116e-06,1.04958167e-06,5.10858808e-05,-1.64508128e-05
768,3.072000,-0.00152324303,-0.0142554054,-0.0251976922,0.00975348987,0.0034194137,-0.000313758617,-6.14808459e-06,1.14760405e-06,-6.46576018e-06,1.04651144e-06,5.08544763e-05,-1.63517343e-05
769,3.076000,-0.00149546145,-0.0144044738,-0.025158383,0.0100934468,0.00295036053,0.000152663095,-6.12484519e-06,1.1440967e-06,-6.47568459e-06,1.04193464e-06,5.06846955e-05,-1.62895558e-05
770,3.080000,-0.00143973634,-0.0139021836,-0.0244706944,0.00974925421,0.0035552308,-0.000335867517,-6.10944062e-06,1.13165061e-06,-6.49392405e-06,1.03975435e-06,5.05166245e-05,-1.62263623e-05
771,3.084000,-0.00144530344,-0.0139247067,-0.024430085,0.00983931683,0.0039873193,-0.000670633512,-6.07970787e-06,1.15244609e-06,-6.47394018e-06,1.03255616e-06,5.03918054e-05,-1.61859934e-05
772,3.088000,-0.00140037015,-0.0135785816,-0.0239517894,0.0097654555,0.00288843131,0.000253240112,-6.0744469e-06,1.14272598e-06,-6.45155342e-06,1.02459546e-06,5.01786344e-05,-1.60985437e-05
773,3.092000,-0.00137564423,-0.0130436784,-0.023104541,0.00886561908,0.0030204202,0.000193590531,-6.0538423e-06,1.14174884e-06,-6.45551199e-06,1.01980754e-06,5.00104143e-05,-1.60379241e-05
774,3.096000,-0.00134086167,-0.01279971,-0.0225986559,0.00852967054,0.00381634571,-0.000412684865,-6.02192449e-06,1.14465763e-06,-6.46681247e-06,1.02078354e-06,4.98955378e-05,-1.60010277e-05
775,3.100000,-0.00147110946,-0.0124758612,-0.0219541527,0.00851116329,0.00166424969,0.00129343919,-6.01502188e-06,1.14985926e-06,-6.44971033e-06,1.01257251e-06,4.97312794e-05,-1.59406973e-05
776,3.104000,-0.00127881591,-0.0126964636,-0.0223976783,0.00876819156,0.00344201596,-8.36497638e-05,-6.0003058e-06,1.15452337e-06,-6.4596461e-06,1.01262776e-06,4.95793574e-05,-1.58881448e-05
777,3.108000,-0.00138162379,-0.0119581288,-0.0211267956,0.00781728514,0.0021013231,0.00103226281,-5.97749113e-06,1.16046533e-06,-6.43182238e-06,1.01057276e-06,4.94593223e-05,-1.5851514e-05
778,3.112000,-0.0013483573,-0.011641277,-0.0208440311,0.00787943415,0.0023530391,0.000750812935,-5.97028247e-06,1.15847672e-06,-6.44399734e-06,1.0082731e-06,4.93485059e-05,-1.58197254e-05
779,3.116000,-0.00125384761,-0.0115248514,-0.0206330698,0.00800361671,0.00328782666,3.44563741e-05,-5.93604091e-06,1.16139745e-06,-6.43030444e-06,1.00785803e-06,4.92348845e-05,-1.5786638e-05
780,3.120000,-0.00124317501,-0.0112841744,-0.0202001072,0.00732801482,0.00291752559,0.000400007935,-5.91094022e-06,1.16027888e-06,-6.43073281e-06,1.00609395e-06,4.91534374e-05,-1.5766198e-05
781,3.124000,-0.00129329204,-0.00956530403,-0.0174987279,0.00539626554,0.00210563233,0.00104700937,-5.91076241e-06,1.16588592e-06,-6.43741078e-06,9.99502731e-07,4.90046477e-05,-1.57176582e-05
782,3.128000,-0.00125240081,-0.00961188041,-0.0174082741,0.00548641756,0.00229268568,0.000969779678,-5.8973601e-06,1.17378534e-06,-6.44783586e-06,9.9575152e-07,4.89037047e-05,-1.56919341e-05
783,3.132000,-0.00117302709,-0.00957394112,-0.0174802225,0.00565054547,0.00318008754,0.000233785482,-5.8681776e-06,1.194368e-06,-6.46807894e-06,9.96413746e-07,4.88214864e-05,-1.56711612e-05
784,3.136000,-0.00114457938,-0.0095000919,-0.0174477417,0.00605866406,0.00359292026,-0.000136549817,-5.86877286e-06,1.2033131e-06,-6.46085437e-06,9.90126409e-07,4.86408571e-05,-1.56027927e-05
785,3.140000,-0.00129856437,-0.00894524436,-0.0165466983,0.00513366517,0.00196231902,0.00111983297,-5.84506324e-06,1.19899016e-06,-6.4570163e-06,9.93333174e-07,4.85876808e-05,-1.56029946e-05
786,3.144000,-0.00126319996,-0.00903131161,-0.0167258345,0.0056301197,0.00230105082,0.000805075048,-5.83422207e-06,1.18997787e-06,-6.42802979e-06,9.94312586e-07,4.84372395e-05,-1.55510479e-05
787,3.148000,-0.00115020596,-0.00873742998,-0.0163289662,0.00485487655,0.00334906206,0.000106719439,-5.80947835e-06,1.2028936e-06,-6.42674695e-06,9.92176979e-07,4.83579752e-05,-1.55319685e-05
788,3.152000,-0.0013112016,-0.00864573382,-0.0160830244,0.00504001323,0.00143869221,0.00152472011,-5.81022277e-06,1.20812797e-06,-6.42947816e-06,9.86558689e-07,4.81767929e-05,-1.54628142e-05
789,3.156000,-0.00115413801,-0.00863960292,-0.0161262602,0.00466494448,0.00309197721,0.000270375283,-5.80053711e-06,1.2008004e-06,-6.4267374e-06,9.82029974e-07,4.80216877e-05,-1.54107147e-05
790,3.160000,-0.00135722547,-0.00839293934,-0.0155265257,0.00481888559,0.00118675129,0.00169893866,-5.77256378e-06,1.21283097e-06,-6.43621024e-06,9.86326882e-07,4.79534501e-05,-1.53996025e-05
791,3.164000,-0.00126420939,-0.00811190531,-0.015461849,0.00477342773,0.00129881222,0.00156417256,-5.74869955e-06,1.20070627e-06,-6.43553494e-06,9.82289635e-07,4.78850452e-05,-1.53890396e-05
792,3.168000,-0.00116825243,-0.00745074358,-0.0144018102,0.003240983,0.00223863032,0.00100627798,-5.74245314e-06,1.22433255e-06,-6.4327387e-06,9.74510272e-07,4.77099238e-05,-1.53223336e-05
793,3.172000,-0.00119934767,-0.00795585383,-0.0150474329,0.00466214679,0.00207108236,0.00104646361,-5.71506598e-06,1.22189931e-06,-6.42434316e-06,9.81901394e-07,4.76407331e-05,-1.53099827e-05
794,3.176000,-0.00114056189,-0.00787191186,-0.0149612818,0.0043803947,0.00282595214,0.000530475168,-5.7139614e-06,1.21261849e-06,-6.41805082e-06,9.7122745e-07,4.7470523e-05,-1.52477978e-05
795,3.180000,-0.00115054892,-0.00735059101,-0.0139302686,0.0031710593,0.00203180965,0.00122002955,-5.6895401e-06,1.21343123e-06,-6.41517863e-06,9.73949454e-07,4.73859254e-05,-1.52259781e-05
796,3.184000,-0.00128524168,-0.00737798493,-0.0142847961,0.00370772649,0.000969491899,0.00190610439,-5.68816313e-06,1.21959238e-06,-6.42137593e-06,9.60689363e-07,4.72159591e-05,-1.51637178e-05
797,3.188000,-0.00116227393,-0.00726690888,-0.0139567107,0.00358016789,0.00220509991,0.000993088586,-5.66942253e-06,1.23495568e-06,-6.42618215e-06,9.64891342e-07,4.71464919e-05,-1.51539798e-05
798,3.192000,-0.00109691662,-0.00679566711,-0.0133541021,0.00298768934,0.00271857204,0.000595936319,-5.64507309e-06,1.24121129e-06,-6.41830684e-06,9.67600272e-07,4.70342566e-05,-1.51201302e-05
799,3.196000,-0.00111473654,-0.00658973027,-0.0130178789,0.00281714089,0.00184243917,0.00131722365,-5.64147012e-06,1.23098414e-06,-6.42704617e-06,9.65038225e-07,4.6884772e-05,-1.5069857e-05
800,3.200000,-0.00111144001,-0.00687206723,-0.0135064125,0.00322420336,0.00202625035,0.00112195127,-5.62638252e-06,1.23667348e-06,-6.42349869e-06,9.52070707e-07,4.67663194e-05,-1.50316346e-05
801,3.204000,-0.00118303404,-0.00688238256,-0.0136186341,0.00380434655,0.00206671236,0.000981719932,-5.61900742e-06,1.24029032e-06,-6.41403858e-06,9.5338055e-07,4.66438614e-05,-1.49927137e-05
802,3.208000,-0.00101412868,-0.00671796687,-0.0132945655,0.00348312501,0.00359055726,-0.000133111607,-5.5880173e-06,1.2398682e-06,-6.39960945e-06,9.53528797e-07,4.65747435e-05,-1.498041e-05
803,3.212000,-0.00115726038,-0.00680097193,-0.0130278338,0.00313119777,0.00150034996,0.00156050734,-5.59019918e-06,1.24573626e-06,-6.40081407e-06,9.46812236e-07,4.6405934e-05,-1.49171701e-05
804,3.216000,-0.00106748811,-0.00624395721,-0.0123960134,0.00294853933,0.00200795103,0.00114100031,-5.56743771e-06,1.25638576e-06,-6.42101668e-06,9.44509225e-07,4.62874814e-05,-1.48817935e-05
805,3.220000,-0.00110371981,-0.00601786654,-0.0119690225,0.00276779849,0.00188856199,0.00118297269,-5.54755525e-06,1.26704469e-06,-6.42148507e-06,9.48727461e-07,4.62073112e-05,-1.48619038e-05
806,3.224000,-0.00106732198,-0.00618779752,-0.0120879933,0.00281653181,0.00120345037,0.00184246106,-5.54492362e-06,1.2584652e-06,-6.42535724e-06,9.42256008e-07,4.60479241e-05,-1.48048866e-05
807,3.228000,-0.00107692217,-0.00610144483,-0.0118570291,0.00272444263,0.00127939624,0.00172101904,-5.52853544e-06,1.27834778e-06,-6.40981716e-06,9.35142168e-07,4.58912946e-05,-1.47448927e-05
808,3.232000,-0.00106736424,-0.00558328163,-0.0110755982,0.0022789482,0.00182501436,0.00126363849,-5.50507866e-06,1.27553301e-06,-6.40753979e-06,9.32477292e-07,4.57840761e-05,-1.47078808e-05
809,3.236000,-0.00104127009,-0.00600028783,-0.0115601551,0.00288046896,0.00140304724,0.00161661697,-5.49770584e-06,1.28509407e-06,-6.42135228e-06,9.31396471e-07,4.56034977e-05,-1.46382972e-05
810,3.240000,-0.000964743143,-0.00560962269,-0.0108939428,0.00200968049,0.00165366009,0.00153064996,-5.47237914e-06,1.29259115e-06,-6.4221922e-06,9.2538761e-07,4.54693072e-05,-1.45915019e-05
811,3.244000,-0.00103977625,-0.00536875334,-0.0106928647,0.00269440189,0.0010892842,0.00178660033,-5.45222747e-06,1.27813428e-06,-6.41210909e-06,9.22244567e-07,4.53648208e-05,-1.45559798e-05
812,3.248000,-0.000954284566,-0.0056770891,-0.0110402871,0.00310110115,0.00191476592,0.00112848054,-5.45467265e-06,1.28313388e-06,-6.40452345e-06,9.22330742e-07,4.5159537e-05,-1.44717906e-05
813,3.252000,-0.00104333623,-0.00507106073,-0.0101110265,0.0023275502,0.000978627708,0.00183162198,-5.41361351e-06,1.29887007e-06,-6.39015025e-06,9.20089803e-07,4.50872394e-05,-1.44555434e-05
814,3.256000,-0.00103949441,-0.00499049341,-0.00994768925,0.00238194782,0.000180520816,0.00246960553,-5.4185175e-06,1.30572005e-06,-6.40292592e-06,9.13873862e-07,4.48996288e-05,-1.43821198e-05
815,3.260000,-0.0010473216,-0.00481098797,-0.00950552709,0.00182672031,7.26659782e-05,0.00260610948,-5.40127212e-06,1.29711759e-06,-6.41387351e-06,9.05612183e-07,4.47562343e-05,-1.43298776e-05
816,3.264000,-0.000939345686,-0.00517861731,-0.00999638066,0.00264909863,0.00113228359,0.00176593487,-5.36997595e-06,1.3131729e-06,-6.40293001e-06,9.03841396e-07,4.46450358e-05,-1.42906956e-05
817,3.268000,-0.000978073571,-0.00436319411,-0.00889569055,0.00160187203,0.000928756082,0.00186041824,-5.37160577e-06,1.30612409e-06,-6.39804966e-06,9.03920125e-07,4.44370417e-05,-1.42051986e-05
818,3.272000,-0.000970747496,-0.00523735071,-0.0100199869,0.00315205008,0.00036210008,0.00226580654,-5.33897219e-06,1.33663502e-06,-6.40284998e-06,9.01805663e-07,4.43491845e-05,-1.41779647e-05
819,3.276000,-0.00101785723,-0.00487760641,-0.00955091696,0.00307908561,-8.70800577e-05,0.00252461992,-5.3222293e-06,1.31457705e-06,-6.40880398e-06,8.92424453e-07,4.41537741e-05,-1.40998254e-05
820,3.280000,-0.000836583204,-0.00502942316,-0.00979715586,0.00288216956,0.00102559081,0.00174123654,-5.30711668e-06,1.3337376e-06,-6.38553956e-06,8.94260722e-07,4.40570257e-05,-1.40718239e-05
821,3.284000,-0.000910480681,-0.00473245,-0.00907028932,0.00229356252,0.000270748511,0.00239222334,-5.30047464e-06,1.33613275e-06,-6.41963152e-06,8.90996148e-07,4.38708885e-05,-1.39975264e-05
822,3.288000,-0.000926203909,-0.00478578545,-0.0093604736,0.00316003058,0.000628751935,0.00191127858,-5.2867058e-06,1.33280787e-06,-6.40944745e-06,8.80562993e-07,4.36941118e-05,-1.39258127e-05
823,3.292000,-0.00104244868,-0.0047643194,-0.00889650919,0.00254237931,-0.0011139526,0.00339171756,-5.25560563e-06,1.33295828e-06,-6.39461541e-06,8.82382096e-07,4.3610049e-05,-1.39023814e-05
824,3.296000,-0.000984366983,-0.00474760728,-0.00887337793,0.00249264389,-0.000934948213,0.00322728837,-5.25940277e-06,1.35072844e-06,-6.39257814e-06,8.78134642e-07,4.34000685e-05,-1.38140949e-05
825,3.300000,-0.000895577483,-0.00433155103,-0.0083923731,0.00217600912,-0.000224097632,0.00263377815,-5.23561448e-06,1.35363075e-06,-6.39621248e-06,8.72795113e-07,4.32487359e-05,-1.3757237e-05
826,3.304000,-0.00119677163,-0.005705446,-0.0123962061,-0.000591968652,0.00432439242,-0.00123033742,-5.20422054e-06,1.35705614e-06,-6.38158053e-06,8.69112455e-07,4.31648514e-05,-1.37344969e-05
827,3.308000,-0.00125711737,-0.00598141411,-0.013253985,-0.000905305613,0.00572105544,-0.00229680235,-5.20893582e-06,1.34575089e-06,-6.37448647e-06,8.63597961e-07,4.29601059e-05,-1.36518092e-05
828,3.312000,-0.00141200237,-0.00598166743,-0.0133175161,-0.00126742409,0.00426608277,-0.00111752609,-5.19301284e-06,1.36402991e-06,-6.37980793e-06,8.63842104e-07,4.2869764e-05,-1.36270755e-05
829,3.316000,-0.00135699799,-0.0060362299,-0.0136071835,-0.00108014513,0.00576593215,-0.00229364447,-5.15889906e-06,1.38655241e-06,-6.38885058e-06,8.6276134e-07,4.27355626e-05,-1.35756745e-05
830,3.320000,-0.00140857953,-0.00583615806,-0.0132478289,-0.0014602188,0.00496588834,-0.00157757895,-5.16336468e-06,1.3786987e-06,-6.40041935e-06,8.57338307e-07,4.25311373e-05,-1.34898119e-05
831,3.324000,-0.00133988191,-0.00571461627,-0.0129711991,-0.00215389859,0.00486447755,-0.00129664736,-5.14496878e-06,1.36970687e-06,-6.4085516e-06,8.5354776e-07,4.2405416e-05,-1.34479606e-05
832,3.328000,-0.00139323587,-0.00605202932,-0.0135423662,-0.00061361352,0.00458804099,-0.00124630844,-5.12410497e-06,1.38934388e-06,-6.4067267e-06,8.48681566e-07,4.23145539e-05,-1.34243683e-05
833,3.332000,-0.00124766841,-0.00604018942,-0.0133048976,-0.00183042209,0.00498028146,-0.00374322198,-5.12266615e-06,1.39353938e-06,-6.39514428e-06,8.453909e-07,4.21657169e-05,-1.33674685e-05
834,3.336000,-0.00121804606,-0.00572694512,-0.0128490552,-0.00227541407,0.00492889248,-0.00355791347,-5.09522033e-06,1.41420469e-06,-6.38356005e-06,8.39651591e-07,4.20239085e-05,-1.33120684e-05
835,3.340000,-0.00123642851,-0.00600395259,-0.0131791532,-0.00133422122,0.00474093063,-0.00333710178,-5.09497659e-06,1.40061798e-06,-6.37682979e-06,8.39775453e-07,4.18347408e-05,-1.32360592e-05
836,3.344000,-0.00120215304,-0.00595642254,-0.0132281166,-0.00151832146,0.005587494,-0.00386817823,-5.07048935e-06,1.40411441e-06,-6.3837324e-06,8.28565874e-07,4.17037445e-05,-1.31911856e-05
837,3.348000,-0.00129406166,-0.00555468956,-0.0126514491,-0.00151618384,0.00431231689,-0.0028638239,-5.04729906e-06,1.39374492e-06,-6.36894401e-06,8.31666398e-07,4.15603063e-05,-1.31360157e-05
838,3.352000,-0.00122487918,-0.00576617429,-0.012904902,-0.00140492723,0.00537289772,-0.00353531307,-5.03266347e-06,1.40522616e-06,-6.37816947e-06,8.26974087e-07,4.1478761e-05,-1.31167944e-05
839,3.356000,-0.00137709733,-0.00554566691,-0.0126183433,-0.00136676687,0.00418277131,-0.00262958882,-5.00106944e-06,1.39498013e-06,-6.38235724e-06,8.33036779e-07,4.1364834e-05,-1.30791695e-05
840,3.360000,-0.00136515289,-0.00520775747,-0.0117899338,-0.0028136489,0.00354166795,-0.00179891847,-4.9884834e-06,1.39792201e-06,-6.37100902e-06,8.2834822e-07,4.13120069e-05,-1.30733724e-05
841,3.364000,-0.00146150286,-0.00618425524,-0.0149476733,-0.00482976856,0.00836743042,-0.00546390424,-4.99403041e-06,1.40492966e-06,-6.38359597e-06,8.22629318e-07,4.11600267e-05,-1.30166845e-05
842,3.368000,-0.00164999859,-0.00626603933,-0.0159191862,-0.00543055683,0.00893278234,-0.005884076,-4.97768815e-06,1.41858413e-06,-6.3723005e-06,8.2706714e-07,4.11220572e-05,-1.30206236e-05
843,3.372000,-0.00180074049,-0.00769759621,-0.0180825368,-0.00446367916,0.00866816193,-0.00545251742,-4.95169434e-06,1.42138026e-06,-6.38926258e-06,8.21013202e-07,4.1043877e-05,-1.29991222e-05
844,3.376000,-0.001811628,-0.00697662449,-0.0174555592,-0.00499973632,0.00932974741,-0.00594284479,-4.93160223e-06,1.42638385e-06,-6.37406947e-06,8.23965649e-07,4.09673157e-05,-1.29826476e-05
845,3.380000,-0.00171390199,-0.00675441744,-0.017118847,-0.00561204366,0.0102048777,-0.00634743832,-4.93817606e-06,1.41358157e-06,-6.37923995e-06,8.19293177e-07,4.08162887e-05,-1.29266964e-05
846,3.384000,-0.00166863611,-0.00707378937,-0.0173263848,-0.00553257717,0.00990595017,-0.00577663444,-4.92360005e-06,1.41505234e-06,-6.36669802e-06,8.17902787e-07,4.07439147e-05,-1.29130885e-05
847,3.388000,-0.00179180945,-0.00705251284,-0.0172408279,-0.00499021402,0.0094571542,-0.0054009473,-4.90359525e-06,1.41719977e-06,-6.36461118e-06,8.1578645e-07,4.06422187e-05,-1.28787597e-05
848,3.392000,-0.001717443,-0.00664173067,-0.0164596699,-0.00584243285,0.00945155509,-0.00513825146,-4.89081458e-06,1.41808778e-06,-6.36365439e-06,8.14925443e-07,4.05891806e-05,-1.28738384e-05
849,3.396000,-0.00167843606,-0.00708286976,-0.0171997752,-0.00385195948,0.00911165401,-0.00491101388,-4.89358126e-06,1.42286228e-06,-6.35792912e-06,8.13268628e-07,4.04525235e-05,-1.28253214e-05
850,3.400000,-0.00168142933,-0.00631517544,-0.0159088876,-0.00578425173,0.0083010681,-0.00639439467,-4.87435e-06,1.43699299e-06,-6.36300501e-06,8.03542491e-07,4.03761223e-05,-1.28086376e-05
851,3.404000,-0.00153411238,-0.00612058491,-0.0157880709,-0.00523054041,0.00929271895,-0.00696836878,-4.85841838e-06,1.43995999e-06,-6.350077e-06,8.08610082e-07,4.03377562e-05,-1.28135234e-05
852,3.408000,-0.00163371267,-0.00616006227,-0.0153894527,-0.00563487224,0.00825795718,-0.00585789001,-4.85498094e-06,1.44149658e-06,-6.35359265e-06,8.08088828e-07,4.0216386e-05,-1.27713702e-05
853,3.412000,-0.00163857231,-0.00626553269,-0.0154863317,-0.00489680888,0.00809278898,-0.00566164637,-4.84791963e-06,1.44717262e-06,-6.3695702e-06,8.09148901e-07,4.01172038e-05,-1.27418652e-05
854,3.416000,-0.00163792155,-0.00614674203,-0.0152392872,-0.00478197075,0.00717034563,-0.00472098915,-4.82981568e-06,1.45468391e-06,-6.3616726e-06,8.00377734e-07,4.00220306e-05,-1.27132635e-05
855,3.420000,-0.00165406801,-0.00613239221,-0.0150763206,-0.00457736198,0.00732566742,-0.0047130296,-4.81250663e-06,1.47392859e-06,-6.38257598e-06,7.99753252e-07,3.99120945e-05,-1.26758314e-05
856,3.424000,-0.00182964827,-0.00676107127,-0.0179353505,-0.00797477923,0.0112327579,-0.00752799353,-4.78989932e-06,1.46093964e-06,-6.3872958e-06,8.02180296e-07,3.98853117e-05,-1.26845562e-05
857,3.428000,-0.00203695754,-0.00714444695,-0.019364411,-0.00870500412,0.0124170203,-0.00832533929,-4.77647427e-06,1.44896114e-06,-6.38135998e-06,7.97335304e-07,3.98094053e-05,-1.26689101e-05
858,3.432000,-0.00211994653,-0.00791433454,-0.0206603874,-0.00837911852,0.0128954444,-0.00845490396,-4.77843651e-06,1.48351182e-06,-6.3589614e-06,7.93768891e-07,3.9651437e-05,-1.26074337e-05
859,3.436000,-0.00214916142,-0.00766342692,-0.0203157403,-0.00930025056,0.0129037825,-0.00810236111,-4.7626695e-06,1.4827657e-06,-6.3710022e-06,7.95498806e-07,3.95736206e-05,-1.25907954e-05
860,3.440000,-0.00227383734,-0.00814570766,-0.021454988,-0.00629253499,0.0114207864,-0.00747090764,-4.74373337e-06,1.46710045e-06,-6.37745461e-06,7.99689587e-07,3.9517814e-05,-1.25799506e-05
861,3.444000,-0.00215065572,-0.0078481324,-0.0206148345,-0.00847457349,0.0122282803,-0.0095202364,-4.74623539e-06,1.46016953e-06,-6.35778861e-06,7.88718239e-07,3.93924565e-05,-1.25395136e-05
862,3.448000,-0.00203359127,-0.00797601789,-0.0205652378,-0.00832300261,0.0132946707,-0.00996689405,-4.72687543e-06,1.4734569e-06,-6.37683388e-06,7.88439252e-07,3.92884976e-05,-1.25051629e-05
863,3.452000,-0.00200738665,-0.00731263682,-0.0196092017,-0.00893282332,0.0132214865,-0.00964990817,-4.70643681e-06,1.47929541e-06,-6.38364963e-06,7.88324257e-07,3.91884423e-05,-1.24732023e-05
864,3.456000,-0.00202954351,-0.00735674705,-0.0193544142,-0.00863326155,0.0121635348,-0.00846565329,-4.70275245e-06,1.49665755e-06,-6.35563902e-06,7.84575434e-07,3.91402027e-05,-1.24715971e-05
865,3.460000,-0.00211675907,-0.00763825653,-0.0195365138,-0.00786811672,0.0117607443,-0.00794951338,-4.70868054e-06,1.46940852e-06,-6.35880724e-06,7.80253458e-07,3.89981396e-05,-1.24196395e-05
866,3.464000,-0.00198021438,-0.00701620476,-0.0186414421,-0.00823198352,0.012061364,-0.00790566485,-4.68506369e-06,1.48011293e-06,-6.35895503e-06,7.82677375e-07,3.89454217e-05,-1.24127182e-05
867,3.468000,-0.00199241424,-0.00704124197,-0.0185960103,-0.00786506571,0.0115854917,-0.00734740263,-4.67024392e-06,1.48838149e-06,-6.35442984e-06,7.79827928e-07,3.87911823e-05,-1.23525397e-05
868,3.472000,-0.00194447744,-0.00679789763,-0.0181093663,-0.00784775708,0.011600893,-0.00707946485,-4.64111054e-06,1.48946719e-06,-6.36989125e-06,7.82531231e-07,3.87701984e-05,-1.23648088e-05
869,3.476000,-0.00218369253,-0.00741981016,-0.0189092048,-0.00528773852,0.00864485838,-0.00525229052,-4.6520413e-06,1.49377547e-06,-6.35812239e-06,7.73756256e-07,3.85922758e-05,-1.22907377e-05
870,3.480000,-0.0018351688,-0.00713617727,-0.018230889,-0.0072189644,0.0115210311,-0.00895381719,-4.63057404e-06,1.51593952e-06,-6.36087225e-06,7.76904528e-07,3.84883642e-05,-1.22584779e-05
871,3.484000,-0.00228114193,-0.00713373534,-0.020181559,-0.0111484025,0.0137675013,-0.0105826501,-4.61620903e-06,1.48764912e-06,-6.36729692e-06,7.74720206e-07,3.84237501e-05,-1.22428337e-05
872,3.488000,-0.00233095186,-0.00841695815,-0.0226550698,-0.0110733677,0.0155094825,-0.0114947837,-4.62067101e-06,1.48942934e-06,-6.34866183e-06,7.68764153e-07,3.8265538e-05,-1.21806515e-05
873,3.492000,-0.00235671015,-0.00864091236,-0.0235032402,-0.0107971719,0.0164470244,-0.0120211998,-4.6031696e-06,1.49102004e-06,-6.34146454e-06,7.60366561e-07,3.81204954e-05,-1.21209168e-05
874,3.496000,-0.0024596299,-0.00878383406,-0.0233765393,-0.0117475288,0.0152351623,-0.0105358269,-4.58892237e-06,1.49065409e-06,-6.34373282e-06,7.61349042e-07,3.80511228e-05,-1.21041166e-05
875,3.500000,-0.00239006523,-0.00853764452,-0.0232522711,-0.0112986602,0.0166699886,-0.0114164818,-4.58752447e-06,1.51105053e-06,-6.35205561e-06,7.57863234e-07,3.78861441e-05,-1.20352806e-05
876,3.504000,-0.00264120568,-0.00934416801,-0.0247182082,-0.0074684741,0.0129260421,-0.0092175249,-4.57362603e-06,1.53577196e-06,-6.33784111e-06,7.52758126e-07,3.7751488e-05,-1.198268e-05
877,3.508000,-0.00231454708,-0.00861227885,-0.0230392776,-0.0110109802,0.0160012897,-0.0125067281,-4.54555766e-06,1.52305859e-06,-6.34547723e-06,7.48034836e-07,3.76550925e-05,-1.19527704e-05
878,3.512000,-0.00243621157,-0.00891276542,-0.0232269689,-0.0102791172,0.0142972516,-0.0108572356,-4.5308575e-06,1.50997505e-06,-6.34459229e-06,7.52579638e-07,3.75362506e-05,-1.19107235e-05
879,3.516000,-0.00233854237,-0.00813616253,-0.0221365746,-0.0105167683,0.0147390552,-0.0108313123,-4.51240658e-06,1.51084851e-06,-6.34947901e-06,7.47811498e-07,3.74669034e-05,-1.1889957e-05
880,3.520000,-0.00226296368,-0.00838284288,-0.0224610083,-0.00920320582,0.015660014,-0.0112946387,-4.49817935e-06,1.54625479e-06,-6.33464242e-06,7.44625368e-07,3.73474504e-05,-1.18461521e-05
881,3.524000,-0.00234502368,-0.00828965195,-0.0219404772,-0.00943459757,0.0140489107,-0.00962472335,-4.49147865e-06,1.52110215e-06,-6.34912658e-06,7.4365289e-07,3.72176219e-05,-1.17963127e-05
882,3.528000,-0.0023343428,-0.00790311582,-0.0210102797,-0.0100741228,0.0140722245,-0.00920984149,-4.47846696e-06,1.52369455e-06,-6.33458694e-06,7.40277585e-07,3.70981579e-05,-1.17528753e-05
883,3.532000,-0.00265483232,-0.00873598084,-0.0230001472,-0.00429967232,0.00860604737,-0.00626031868,-4.47832917e-06,1.54245652e-06,-6.34269009e-06,7.38301651e-07,3.69270056e-05,-1.1682082e-05
884,3.536000,-0.00221284572,-0.00764519861,-0.0204365496,-0.00993522629,0.0135068446,-0.0106406901,-4.452967e-06,1.52989367e-06,-6.34512298e-06,7.32668411e-07,3.68156689e-05,-1.1643272e-05
885,3.540000,-0.00218173256,-0.00770719163,-0.0202082731,-0.0100726476,0.0131049193,-0.00988598727,-4.43351519e-06,1.53387361e-06,-6.3479124e-06,7.28598138e-07,3.67215944e-05,-1.16094816e-05
886,3.544000,-0.0024553074,-0.00825915299,-0.0229538381,-0.0130844414,0.016522618,-0.012295587,-4.43493991e-06,1.5596296e-06,-6.34689286e-06,7.25794109e-07,3.65651867e-05,-1.15485682e-05
887,3.548000,-0.00279480359,-0.00858115312,-0.0240189619,-0.0142765762,0.0163035318,-0.0118087856,-4.41615839e-06,1.55859971e-06,-6.33986701e-06,7.26885503e-07,3.64440421e-05,-1.15040166e-05
888,3.552000,-0.00274187163,-0.00906549022,-0.0251430999,-0.0137197487,0.0181612298,-0.0128862979,-4.4000476e-06,1.5622411e-06,-6.33890158e-06,7.19182424e-07,3.63209292e-05,-1.14565692e-05
889,3.556000,-0.00310673215,-0.0108180624,-0.028464593,-0.00736904517,0.0137101058,-0.0106587075,-4.38613642e-06,1.56109058e-06,-6.33209993e-06,7.15623798e-07,3.62528808e-05,-1.1441165e-05
890,3.560000,-0.00265009888,-0.0092528183,-0.0254506841,-0.0136434939,0.0186294653,-0.0148060592,-4.37506014e-06,1.56813951e-06,-6.33380205e-06,7.15252611e-07,3.61254242e-05,-1.13905899e-05
891,3.564000,-0.00261729956,-0.00917355157,-0.0246408209,-0.0146018928,0.0185583942,-0.0142542683,-4.35846141e-06,1.55931161e-06,-6.35364722e-06,7.14540761e-07,3.60049307e-05,-1.13457609e-05
892,3.568000,-0.00267816125,-0.00901742093,-0.0238433145,-0.0151402261,0.0175026339,-0.0130078765,-4.33716286e-06,1.57549835e-06,-6.34551543e-06,7.11484006e-07,3.58931866e-05,-1.130691e-05
893,3.572000,-0.00262418739,-0.00999622606,-0.0252968501,-0.0121473372,0.0178176668,-0.0127425212,-4.34786671e-06,1.58066882e-06,-6.34335856e-06,7.06112985e-07,3.57166391e-05,-1.12335729e-05
894,3.576000,-0.00261504902,-0.00779324956,-0.0208392553,-0.0179491322,0.0176606961,-0.0124450084,-4.33453897e-06,1.58888213e-06,-6.34900016e-06,7.00084342e-07,3.55960801e-05,-1.11888094e-05
895,3.580000,-0.00286992267,-0.00997338071,-0.024674302,-0.0104609253,0.0136352098,-0.0109827677,-4.31774697e-06,1.61059086e-06,-6.3480561e-06,6.92655078e-07,3.54733638e-05,-1.11433128e-05
896,3.584000,-0.00238423003,-0.00691428734,-0.01917376,-0.0193481483,0.0183433946,-0.0149467457,-4.29115516e-06,1.59618958e-06,-6.34835806e-06,6.94997766e-07,3.53474679e-05,-1.10920164e-05
897,3.588000,-0.00253354292,-0.00748102739,-0.0196830556,-0.0178982988,0.0172607061,-0.0136734983,-4.27991017e-06,1.59944364e-06,-6.32700994e-06,6.94007781e-07,3.52169809e-05,-1.10431902e-05
898,3.592000,-0.00241392525,-0.00768212788,-0.0197785087,-0.0172832459,0.0172764603,-0.0131240468,-4.25839789e-06,1.59547119e-06,-6.32879164e-06,6.91770254e-07,3.51448325e-05,-1.10210804e-05
899,3.596000,-0.00235681562,-0.00722168852,-0.0189232863,-0.0175715238,0.0168661997,-0.0123320017,-4.24328073e-06,1.59961621e-06,-6.31913281e-06,6.8907633e-07,3.50353766e-05,-1.09840148e-05
900,3.600000,-0.00250688521,-0.00697416067,-0.0184046365,-0.0172589924,0.0152143072,-0.0107346382,-4.23256915e-06,1.60231912e-06,-6.30462182e-06,6.84906979e-07,3.49158545e-05,-1.09408738e-05
901,3.604000,-0.00290509243,-0.00880287774,-0.0230836049,-0.0167301781,0.0173557587,-0.0140096964,-4.21612503e-06,1.58609669e-06,-6.31099783e-06,6.84884981e-07,3.47908099e-05,-1.08933828e-05
902,3.608000,-0.00195979816,-0.00579821365,-0.0106131081,0.00174561422,-0.00232637743,0.0021534143,-4.22447783e-06,1.61114326e-06,-6.30863269e-06,6.76920934e-07,3.46059569e-05,-1.08154136e-05
903,3.612000,-0.00176701753,-0.00328582479,-0.00616084132,0.00128186168,-0.00132636889,-5.12162223e-05,-4.20918423e-06,1.61435764e-06,-6.3149605e-06,6.7538457e-07,3.45314402e-05,-1.0794668e-05
904,3.616000,-0.00171983172,-0.00250462769,-0.00501142349,0.000246559735,-0.000247578137,-0.000222556759,-4.1849903e-06,1.6029976e-06,-6.32610227e-06,6.7518431e-07,3.44127511e-05,-1.07471287e-05
905,3.620000,-0.000793847255,-0.00170701928,-0.00428712461,-0.000968813896,0.00560082588,-0.00106396992,-4.17023193e-06,1.61807463e-06,-6.32857018e-06,6.70378427e-07,3.4293822e-05,-1.07021633e-05
906,3.624000,-0.00117373024,-0.00166201917,-0.00397609919,-0.00115619693,0.00319708418,-0.000729259336,-4.15535214e-06,1.61028152e-06,-6.32236834e-06,6.69058522e-07,3.41898049e-05,-1.06678344e-05
907,3.628000,-0.00109131588,-0.0014726324,-0.0037045991,-0.0014664242,0.00358419516,-0.000740810297,-4.14548776e-06,1.61256128e-06,-6.31325292e-06,6.65140135e-07,3.40603001e-05,-1.06170564e-05
908,3.632000,-0.00123686821,-0.00286967959,-0.00564254029,-0.000115416013,0.00232236087,-0.000495558139,-4.13431007e-06,1.61537014e-06,-6.30458544e-06,6.5899809e-07,3.39555445e-05,-1.05849931e-05
909,3.636000,-0.00182424649,-0.00302295969,-0.00538879912,0.00118560018,-0.0013061564,7.3697418e-05,-4.11410565e-06,1.62016886e-06,-6.29961869e-06,6.59059424e-07,3.38391183e-05,-1.05393419e-05
910,3.640000,-0.00076615205,-0.00268673687,-0.00616320502,0.00135889614,0.00539711816,-0.000341691077,-4.10655275e-06,1.62053891e-06,-6.30173645e-06,6.53967277e-07,3.37167439e-05,-1.04943747e-05
911,3.644000,-0.0014310003,-0.0024056877,-0.00462842965,5.45401126e-05,0.00109944236,-0.000389798079,-4.09883432e-06,1.62565971e-06,-6.29890383e-06,6.5115978e-07,3.35878467e-05,-1.04447072e-05
912,3.648000,-0.000954087591,-0.00203398662,-0.00439054798,-0.000936538447,0.00452031009,-0.00108997873,-4.08686856e-06,1.63095979e-06,-6.30520617e-06,6.50783193e-07,3.3469194e-05,-1.03999218e-05
913,3.652000,-0.000721297693,-0.00177800003,-0.00424967147,-0.00135068037,0.00582429953,-0.00116488524,-4.07279049e-06,1.64989228e-06,-6.2947488e-06,6.50718675e-07,3.33577227e-05,-1.03584998e-05
914,3.656000,-0.00153579167,-0.00134533923,-0.00304518174,-0.00213671569,0.00141003658,-0.000973372022,-4.06237041e-06,1.64785592e-06,-6.29767055e-06,6.45991349e-07,3.32632153e-05,-1.03293496e-05
915,3.660000,-0.000924933585,-0.00119523704,-0.00422416022,-0.00198202161,0.00638926215,-0.00152977789,-4.0476084e-06,1.65322467e-06,-6.30271643e-06,6.37319715e-07,3.31611118e-05,-1.02955464e-05
916,3.664000,-0.000525855226,-0.0023055491,-0.0055508744,0.00135321892,0.00699161366,-0.000725750346,-4.03475133e-06,1.65703727e-06,-6.3032644e-06,6.40704059e-07,3.30932089e-05,-1.0278527e-05
917,3.668000,-0.00156405906,-0.00119146658,-0.00273654563,-0.00185034797,0.00188966515,-0.00120089855,-4.01567968e-06,1.65616962e-06,-6.30127215e-06,6.38216818e-07,3.30286748e-05,-1.02612175e-05
918,3.672000,-0.00214788737,-0.00191208604,-0.00340442918,0.000139201991,-0.00225227326,-7.53588974e-05,-3.99764895e-06,1.65813356e-06,-6.30548584e-06,6.38192546e-07,3.29964496e-05,-1.02621971e-05
919,3.676000,-0.00127090979,-0.00231492636,-0.00438767206,0.000872739358,0.00211643754,-0.000340335537,-3.97941812e-06,1.65880067e-06,-6.30056365e-06,6.38196752e-07,3.29393188e-05,-1.02516597e-05
920,3.680000,-0.00108320336,-0.00151026808,-0.00337545946,-0.000980753917,0.00434302213,-0.0012490931,-3.97863278e-06,1.66508698e-06,-6.30045633e-06,6.34190997e-07,3.28648748e-05,-1.02302438e-05
921,3.684000,-0.000899964944,-0.00165171223,-0.00368060172,-0.000752780586,0.00543721952,-0.00145113142,-3.96985979e-06,1.68575275e-06,-6.31896864e-06,6.36909135e-07,3.27496018e-05,-1.01879323e-05
922,3.688000,-0.00102377241,-0.000817656051,-0.0025930577,-0.00317362836,0.00612093555,-0.00218638266,-3.95698225e-06,1.67223129e-06,-6.32000092e-06,6.39261714e-07,3.27474954e-05,-1.02066169e-05
923,3.692000,-0.000948669622,-0.000602656044,-0.00246358104,-0.00263758097,0.00589231402,-0.00183757371,-3.94954986e-06,1.67309986e-06,-6.32081765e-06,6.42272198e-07,3.26837908e-05,-1.0191311e-05
924,3.696000,-0.000958176097,-0.00154960109,-0.00349261984,-0.000893413555,0.00533016212,-0.00150846783,-3.95404777e-06,1.67345456e-06,-6.31219382e-06,6.28988346e-07,3.2623946e-05,-1.01819223e-05
925,3.700000,-0.00100695598,-0.000310429372,-0.00194020802,-0.00371035654,0.0066551487,-0.00264433306,-3.93428172e-06,1.67585404e-06,-6.3196303e-06,6.35413585e-07,3.25412548e-05,-1.01521846e-05
926,3.704000,-0.00085441058,-0.0013253428,-0.00435152836,0.000450359657,0.00624295743,-0.00117877265,-3.9299166e-06,1.6803109e-06,-6.32148794e-06,6.34769037e-07,3.2482887e-05,-1.01432479e-05
927,3.708000,-0.000765871257,-0.000155752059,-0.00304441061,-0.00155594479,0.00792284776,-0.00226654625,-3.93745222e-06,1.66714824e-06,-6.3076177e-06,6.29464921e-07,3.238305e-05,-1.01102305e-05
928,3.712000,-0.000830357661,-0.00137680816,-0.00419099629,3.98163684e-05,0.00631443225,-0.00140948733,-3.90754531e-06,1.67861094e-06,-6.30954901e-06,6.32870695e-07,3.2365213e-05,-1.01178639e-05
929,3.716000,-0.000899514649,-0.000154915266,-0.0014134543,-0.00381196663,0.00601683185,-0.00215756963,-3.9123488e-06,1.6986429e-06,-6.30419936e-06,6.30689613e-07,3.22668748e-05,-1.00878351e-05
930,3.720000,-0.00143082778,-0.000585809816,-0.00179819111,-0.00271508051,0.00296933297,-0.00165367848,-3.88099852e-06,1.68509951e-06,-6.30620389e-06,6.28246767e-07,3.22476881e-05,-1.00952393e-05
931,3.724000,-0.000844286755,-0.00152131566,-0.00325796055,-7.62287527e-07,0.00520590506,-0.00118297758,-3.89551678e-06,1.68949191e-06,-6.31398871e-06,6.25001462e-07,3.21235275e-05,-1.00492171e-05
932,3.728000,-0.000667269807,-0.00189953786,-0.00383093907,0.00111940084,0.00598387886,-0.00104217604,-3.8718963e-06,1.69008126e-06,-6.31980129e-06,6.31503099e-07,3.20956678e-05,-1.00524021e-05
933,3.732000,-0.000866580056,-0.000291134696,-0.00159827713,-0.00302228518,0.00710562803,-0.0026161233,-3.86027796e-06,1.68992005e-06,-6.30698196e-06,6.3153027e-07,3.20265499e-05,-1.00334491e-05
934,3.736000,-0.00107247615,8.53389502e-05,-0.00103690382,-0.00417670375,0.00657712854,-0.00290810526,-3.84463829e-06,1.69333737e-06,-6.31009243e-06,6.23086635e-07,3.19524661e-05,-1.00109664e-05
935,3.740000,-0.000442827353,-0.00133779971,-0.0030480721,-8.1165228e-05,0.00720232818,-0.0016402239,-3.86100191e-06,1.692757e-06,-6.28899443e-06,6.18100444e-07,3.18419734e-05,-9.9742183e-06
936,3.744000,-0.00111077726,-8.15577805e-05,-0.00115701789,-0.00344663253,0.00574058015,-0.00265522883,-3.83585666e-06,1.67695475e-06,-6.30734303e-06,6.19310754e-07,3.18244311e-05,-9.98311771e-06
937,3.748000,-0.000870059361,0.000208356883,-0.00086869346,-0.00420481665,0.00764628127,-0.00319691049,-3.82328972e-06,1.67825033e-06,-6.29377973e-06,6.25869518e-07,3.17506274e-05,-9.9605486e-06
938,3.752000,-0.000528639881,-0.000493362313,-0.00211819378,-0.00273475097,0.0091095604,-0.00296137109,-3.80725896e-06,1.69405507e-06,-6.28409634e-06,6.2073974e-07,3.16786354e-05,-9.94070433e-06
939,3.756000,-0.000781464274,0.00072048232,-0.000558675732,-0.00492434949,0.00915575773,-0.00388998701,-3.81717837e-06,1.6976926e-06,-6.30032446e-06,6.183746e-07,3.15771285e-05,-9.90855006e-06
940,3.760000,-0.000283363741,0.000585230533,-0.0012445543,-0.00418976229,0.0114771649,-0.00370108685,-3.79521066e-06,1.70229396e-06,-6.3076177e-06,6.1399362e-07,3.15490579e-05,-9.91235538e-06
941,3.764000,-0.00044881925,0.000153356697,-0.00206802692,-0.00265465677,0.0103030987,-0.00322918012,-3.78344362e-06,1.69250666e-06,-6.29146007e-06,6.15871954e-07,3.14752688e-05,-9.89027649e-06
942,3.768000,-0.000967891188,0.0002775467,-0.000596245285,-0.00409937743,0.00635985844,-0.00277478201,-3.77027982e-06,1.68619704e-06,-6.28355428e-06,6.11788892e-07,3.14043391e-05,-9.86988198e-06
943,3.772000,-0.000700791134,-0.000172658823,-0.0012818547,-0.00271652825,0.00740147475,-0.00268991594,-3.78068125e-06,1.69208784e-06,-6.28530097e-06,6.11528833e-07,3.12902994e-05,-9.83149312e-06
944,3.776000,-0.00105048646,-0.000990970992,-0.00220007915,-0.000470997067,0.00382132409,-0.00128284656,-3.75533909e-06,1.69221482e-06,-6.30224349e-06,6.15089959e-07,3.12723132e-05,-9.83984228e-06
945,3.780000,-0.000786717166,0.000952966511,0.000247391872,-0.00563554326,0.00891889445,-0.00404090155,-3.76199887e-06,1.71316128e-06,-6.29216584e-06,6.06604658e-07,3.11470867e-05,-9.79118704e-06
946,3.784000,9.9344179e-06,0.00147594977,-2.09831633e-05,-0.0065027792,0.0147045255,-0.00528309401,-3.73476246e-06,1.73227772e-06,-6.29586384e-06,6.06824585e-07,3.11229269e-05,-9.79612651e-06
947,3.788000,-0.000554986531,-9.28621739e-06,-0.00213203207,-0.0020903293,0.0100886691,-0.00349902594,-3.73797434e-06,1.71995657e-06,-6.29876786e-06,6.06528829e-07,3.10142459e-05,-9.75828425e-06
948,3.792000,-0.000761768897,0.000687877182,5.78407198e-05,-0.00438201195,0.00791352242,-0.00350026856,-3.71407009e-06,1.7201188e-06,-6.28742146e-06,6.12849931e-07,3.09747011e-05,-9.75265721e-06
949,3.796000,-0.000209626043,0.00205248059,0.000769675244,-0.00692486484,0.0138438791,-0.00559746381,-3.73862713e-06,1.72446312e-06,-6.288039e-06,6.07392622e-07,3.08298731e-05,-9.69370376e-06
950,3.800000,-0.000669895904,0.000613799319,-0.000215867069,-0.00470414059,0.00959250331,-0.00420038588,-3.70529551e-06,1.71015563e-06,-6.29457281e-06,6.0243633e-07,3.07965711e-05,-9.6919448e-06
951,3.804000,-0.000574734062,0.00120713166,0.000624480192,-0.00613828888,0.0102591198,-0.0047177067,-3.71495094e-06,1.71548209e-06,-6.29927945e-06,5.99071143e-07,3.06507791e-05,-9.63137791e-06
952,3.808000,-0.00145602878,0.00110362843,0.00086926017,-0.00535698654,0.00532075996,-0.00389199005,-3.68981273e-06,1.73304193e-06,-6.3068178e-06,6.00003204e-07,3.05884241e-05,-9.61235855e-06
953,3.812000,-0.000876916805,0.000904616667,0.000405452214,-0.00501611084,0.00776457135,-0.00388515857,-3.70028283e-06,1.74038587e-06,-6.28247335e-06,5.90561854e-07,3.04420464e-05,-9.5520536e-06
954,3.816000,-0.000791484723,0.000863070134,0.000378572848,-0.00456883991,0.00821961462,-0.00384134147,-3.66753284e-06,1.73463809e-06,-6.28166617e-06,5.87958539e-07,3.04057176e-05,-9.5480591e-06
955,3.820000,-0.00106092077,0.000684800791,0.000246422365,-0.00404402381,0.00634084642,-0.00349213835,-3.67248163e-06,1.74067236e-06,-6.27352574e-06,5.90810885e-07,3.02563549e-05,-9.48507113e-06
956,3.824000,-0.000178721268,0.00233520241,0.00114262011,-0.00749004818,0.0144179612,-0.00623164978,-3.63966865e-06,1.72333137e-06,-6.27888994e-06,5.86562408e-07,3.02043481e-05,-9.47156695e-06
957,3.828000,-0.000659143552,0.00118938042,0.000801383052,-0.00560369855,0.00920659211,-0.00440841634,-3.65371307e-06,1.72855357e-06,-6.26318206e-06,5.77928176e-07,3.00462034e-05,-9.40460723e-06
958,3.832000,-0.000710988767,0.00164769241,0.0014577955,-0.00666188123,0.00970790628,-0.00504894089,-3.61918319e-06,1.74491504e-06,-6.26979681e-06,5.87046713e-07,2.99915064e-05,-9.38840822e-06
959,3.836000,-0.000760777621,0.0010020067,0.00057065906,-0.00509272609,0.00861115567,-0.00422216905,-3.61126604e-06,1.73193121e-06,-6.26758583e-06,5.85770238e-07,2.99098592e-05,-9.36257857e-06
960,3.840000,-0.000623969594,0.001062328,0.000635028351,-0.00513718743,0.00937703531,-0.00446308218,-3.6022534e-06,1.75146306e-06,-6.2730287e-06,5.77631738e-07,2.97992538e-05,-9.31922204e-06
961,3.844000,-0.000935139135,0.00203264295,0.0019967258,-0.0079780072,0.00967834704,-0.00572550436,-3.61228876e-06,1.75997548e-06,-6.27748068e-06,5.73088698e-07,2.9652876e-05,-9.25848963e-06
962,3.848000,-2.44739931e-05,0.00147740985,0.000550176483,-0.00574578065,0.014146395,-0.00583204255,-3.58100715e-06,1.74623324e-06,-6.28693033e-06,5.7544213e-07,2.96003745e-05,-9.24485903e-06
963,3.852000,-0.000858780928,0.00104822475,0.000893240795,-0.00417773658,0.00749102328,-0.00398669112,-3.57620502e-06,1.74809452e-06,-6.27182726e-06,5.66883102e-07,2.94996262e-05,-9.20983257e-06
964,3.856000,-0.000644358573,0.00133273378,0.00116434414,-0.00511632673,0.00956541486,-0.00468536653,-3.55590237e-06,1.74676234e-06,-6.25589291e-06,5.64292577e-07,2.9416331e-05,-9.17952184e-06
965,3.860000,-0.000522825401,0.00241564913,0.00250327261,-0.00861267,0.0125660487,-0.00676673232,-3.56494024e-06,1.7514443e-06,-6.27804729e-06,5.64483457e-07,2.92709628e-05,-9.11949428e-06
966,3.864000,-0.000560915214,0.00190104102,0.00188023411,-0.00702923909,0.0111600291,-0.00593100209,-3.53999008e-06,1.75496575e-06,-6.28362159e-06,5.68566179e-07,2.92084951e-05,-9.10051676e-06
967,3.868000,-0.000216552289,0.00273240544,0.00260723988,-0.00923798792,0.0143446773,-0.00740459794,-3.52784173e-06,1.7579855e-06,-6.26926976e-06,5.61629577e-07,2.91237611e-05,-9.07139656e-06
968,3.872000,-0.000428635394,0.00204083766,0.00201489544,-0.00772502273,0.0121189374,-0.0064076893,-3.52319944e-06,1.76001197e-06,-6.26447218e-06,5.58679403e-07,2.90145199e-05,-9.02903412e-06
969,3.876000,-0.000651229755,0.00233871466,0.00259273686,-0.00800463278,0.0109090675,-0.00633573579,-3.5093226e-06,1.79463905e-06,-6.25689836e-06,5.53196458e-07,2.8913797e-05,-8.99095085e-06
970,3.880000,-0.00037050317,0.00135173253,0.00115900347,-0.00539484154,0.0108099282,-0.00522464095,-3.49807851e-06,1.7685295e-06,-6.25834355e-06,5.48871697e-07,2.88207266e-05,-8.95750327e-06
971,3.884000,-0.000428912579,0.0026624701,0.00286778389,-0.00944934506,0.0134884473,-0.0076050288,-3.49870925e-06,1.78695996e-06,-6.25762641e-06,5.45279022e-07,2.8681392e-05,-8.90261799e-06
972,3.888000,-0.00024182722,0.00209102873,0.00165194273,-0.0097205257,0.0144489557,-0.00682972511,-3.48051526e-06,1.77520644e-06,-6.27544159e-06,5.48849357e-07,2.86112645e-05,-8.88084833e-06
973,3.892000,8.58048443e-05,-0.0003443975,-0.00307857385,-0.00371887675,0.00912350696,0.000416172203,-3.47853029e-06,1.79660276e-06,-6.28105272e-06,5.43541546e-07,2.85093465e-05,-8.84172005e-06
974,3.896000,-0.000885463553,-0.00394351734,-0.00676204637,0.00489026122,-0.00218021683,0.000845952891,-3.47658897e-06,1.79929702e-06,-6.28916496e-06,5.4255753e-07,2.8407685e-05,-8.80382595e-06
975,3.900000,-0.000988630229,-0.00252890261,-0.00516330358,0.0018404068,-0.0024425562,0.000190127175,-3.44623345e-06,1.78645337e-06,-6.27495683e-06,5.46187891e-07,2.83612553e-05,-8.79239542e-06
976,3.904000,-0.00125465449,-0.0029002754,-0.00481991842,0.00166948698,-0.00400031311,0.00156332902,-3.4342354e-06,1.78386995e-06,-6.26592055e-06,5.43601743e-07,2.82685651e-05,-8.7588287e-06
977,3.908000,-0.000846584328,-0.00242634211,-0.00454051187,0.000981571386,-0.000980655197,-0.00215822295,-3.42175781e-06,1.78612481e-06,-6.2579411e-06,5.39235486e-07,2.81899047e-05,-8.73329191e-06
978,3.912000,-0.000982682104,-0.00264591235,-0.00493758358,0.00189086702,-0.00277235243,-0.00130716455,-3.41704026e-06,1.79017945e-06,-6.25113489e-06,5.36478353e-07,2.80447821e-05,-8.67435483e-06
979,3.916000,-0.00112983724,-0.00356134539,-0.00588424178,0.00430719368,-0.00331590464,-6.19536731e-05,-3.41297209e-06,1.7929151e-06,-6.26303017e-06,5.28753048e-07,2.79409396e-05,-8.63323658e-06
980,3.920000,-0.00142455194,-0.00373329059,-0.00569015509,0.00446254574,-0.00619173143,0.00135906064,-3.39867597e-06,1.79664903e-06,-6.24774293e-06,5.33267553e-07,2.78630869e-05,-8.60940054e-06
981,3.924000,-0.00126171834,-0.00329504418,-0.00536315236,0.00336581143,-0.00484455749,8.63741152e-05,-3.39719054e-06,1.79400195e-06,-6.26335259e-06,5.270673e-07,2.78127063e-05,-8.59767806e-06
982,3.928000,-0.00125747418,-0.00389833096,-0.00644585351,0.00469053723,-0.00487109553,0.000168624567,-3.38396103e-06,1.80172947e-06,-6.25083567e-06,5.22264656e-07,2.76678802e-05,-8.53727033e-06
983,3.932000,-0.000814565807,-0.0032912551,-0.0056046797,0.0031636199,-0.00148050254,-0.0013703889,-3.37486654e-06,1.80290931e-06,-6.23878441e-06,5.16663761e-07,2.75760667e-05,-8.50349534e-06
984,3.936000,-0.00114943879,-0.00300073531,-0.00513715576,0.00283750752,-0.00340135675,-0.000458104303,-3.34193305e-06,1.83369366e-06,-6.25352277e-06,5.17321553e-07,2.75445964e-05,-8.501308e-06
985,3.940000,-0.00114618533,-0.00349993841,-0.00580641907,0.00436029397,-0.00393828331,9.59041063e-05,-3.33517164e-06,1.80979032e-06,-6.27945201e-06,5.21125173e-07,2.74688427e-05,-8.4787298e-06
986,3.944000,-0.00111025921,-0.00243594963,-0.00442007836,0.00124886108,-0.002647229,-0.000992715592,-3.33322009e-06,1.81630651e-06,-6.26102292e-06,5.18499519e-07,2.73499463e-05,-8.42824647e-06
987,3.948000,-0.00125059858,-0.00284590828,-0.00501568755,0.00240052189,-0.00409070542,-0.000914410455,-3.3188885e-06,1.84763815e-06,-6.25830126e-06,5.13809937e-07,2.72208181e-05,-8.37671178e-06
988,3.952000,-0.0012083177,-0.0027256594,-0.00459631486,0.00203217915,-0.00458568428,-0.000847687945,-3.30206467e-06,1.82228769e-06,-6.2631816e-06,5.14727958e-07,2.71393201e-05,-8.34929506e-06
989,3.956000,-0.00115114101,-0.00244505773,-0.00438702665,0.00146719441,-0.00449382793,-0.00111968,-3.31555384e-06,1.82302665e-06,-6.24403447e-06,5.11065423e-07,2.70475211e-05,-8.32001115e-06
990,3.960000,-0.00116897305,-0.00274616759,-0.00461554807,0.00230517727,-0.00403535506,-0.000667918124,-3.28907254e-06,1.83553345e-06,-6.25173243e-06,5.09672304e-07,2.69951961e-05,-8.30343106e-06
991,3.964000,0.00097391638,0.000525244977,-0.000681007747,-0.00541793462,0.0152914412,0.00621227967,-3.29564568e-06,1.82882422e-06,-6.25287748e-06,5.06514766e-07,2.68547974e-05,-8.24595008e-06
992,3.968000,-0.000308719696,-0.000337739009,-0.00142009882,-0.00279903971,0.00664444081,0.00520392647,-3.26557029e-06,1.82836061e-06,-6.26441943e-06,5.09853578e-07,2.68266722e-05,-8.24731978e-06
993,3.972000,0.000802646391,-0.000997575466,-0.00273770699,-0.00118143123,0.011409834,0.00838550366,-3.26844247e-06,1.83268401e-06,-6.24513677e-06,5.03942374e-07,2.66716688e-05,-8.18295848e-06
994,3.976000,-0.00099553843,-0.00227881479,-0.0040913308,0.00154166354,-0.00150865526,0.00532836188,-3.24498455e-06,1.83376198e-06,-6.25736493e-06,5.02858654e-07,2.66274455e-05,-8.17171531e-06
995,3.980000,-0.000386719476,-0.00148751296,-0.00350998668,4.80448361e-05,0.00147752464,0.00261459011,-3.24884786e-06,1.84038686e-06,-6.24770837e-06,4.97667145e-07,2.6483187e-05,-8.1127273e-06
996,3.984000,-0.000777309295,-0.00341289537,-0.00553881656,0.00423627999,-0.00194456149,0.0031619668,-3.23494305e-06,1.85297529e-06,-6.23159167e-06,4.91652429e-07,2.63843212e-05,-8.07539709e-06
997,3.988000,-0.000765623525,-0.00242384174,-0.00423271069,0.00208063517,-0.00141323672,8.59773718e-05,-3.21148423e-06,1.8537703e-06,-6.24192444e-06,4.96560688e-07,2.63230868e-05,-8.05485251e-06
998,3.992000,-0.000986596337,-0.00292712543,-0.00478186738,0.00355531438,-0.00278285984,8.73925164e-05,-3.2013395e-06,1.84341548e-06,-6.22931429e-06,4.90574223e-07,2.62236299e-05,-8.01601436e-06
999,3.996000,-0.00102664949,-0.00270324131,-0.00463930098,0.00285441894,-0.00353031629,-7.5296266e-05,-3.19688775e-06,1.86039665e-06,-6.25446e-06,4.9162486e-07,2.61554433e-05,-7.99785994e-06
1000,4.000000,-0.00101882347,-0.00349234091,-0.00557570672,0.00528409798,-0.00373147964,-0.000399752287,-3.20150048e-06,1.85399995e-06,-6.26173914e-06,4.84402278e-07,2.59865774e-05,-7.92352785e-06
1001,4.004000,-0.0011177077,-0.00282509858,-0.0052013509,0.00376422843,-0.00343484874,-0.00326400227,-3.1666882e-06,1.87118917e-06,-6.25030862e-06,4.88955834e-07,2.59999179e-05,-7.94321022e-06
1002,4.008000,-0.000901050225,-0.00377284409,-0.00606703758,0.00566535303,-0.00254558772,0.00112338527,-3.16772685e-06,1.87354817e-06,-6.25016492e-06,4.80600193e-07,2.58629079e-05,-7.88633133e-06
1003,4.012000,-0.00101005787,-0.00249607861,-0.00442045555,0.00272433599,-0.00362854032,-0.00317560066,-3.16271826e-06,1.86419379e-06,-6.25493658e-06,4.78821676e-07,2.57651354e-05,-7.85153861e-06
1004,4.016000,-0.000998611562,-0.00361010153,-0.00587353949,0.00500253122,-0.00353161758,0.000128566055,-3.15022385e-06,1.86727652e-06,-6.24764516e-06,4.8142374e-07,2.56341264e-05,-7.79673974e-06
1005,4.020000,-0.00104412774,-0.00299275061,-0.00499514956,0.00403071148,-0.00362513447,-0.00219552475,-3.1321315e-06,1.86506497e-06,-6.22485277e-06,4.78079926e-07,2.55795931e-05,-7.78037975e-06
1006,4.024000,-0.000355328899,-0.00185171433,-0.00349682546,0.00213344209,0.00478938874,0.0108876526,-3.12950169e-06,1.8778876e-06,-6.23073493e-06,4.70884089e-07,2.54834449e-05,-7.74593809e-06
1007,4.028000,0.000667547341,-0.00064351398,-0.00218526716,-0.00130199979,0.0132270157,0.0105835786,-3.12291559e-06,1.86973853e-06,-6.23121105e-06,4.70687098e-07,2.53952203e-05,-7.71361829e-06
1008,4.032000,-0.000200982904,-0.00258256355,-0.00465344545,0.00381447468,0.00482260156,0.0112334853,-3.11289114e-06,1.87172122e-06,-6.21825302e-06,4.60427998e-07,2.53111793e-05,-7.68485461e-06
1009,4.036000,-0.00103127735,-0.00369824702,-0.00606696447,0.00543766981,-0.00412236247,0.00516621489,-3.08695962e-06,1.88680588e-06,-6.23658389e-06,4.67575887e-07,2.52685113e-05,-7.67389338e-06
1010,4.040000,-0.00119071908,-0.00431421958,-0.00690127444,0.00752066076,-0.00477718189,0.00486996584,-3.07777873e-06,1.87370699e-06,-6.2486115e-06,4.64783795e-07,2.5215586e-05,-7.66307676e-06
1011,4.044000,-0.00106108701,-0.00349418935,-0.0051611606,0.00472909212,-0.00478741573,0.00297297654,-3.08097628e-06,1.89437162e-06,-6.24559607e-06,4.71132665e-07,2.51670735e-05,-7.65282766e-06
1012,4.048000,-0.00106927054,-0.00392911909,-0.00604377314,0.00639514159,-0.00369569892,0.00170174055,-3.07086611e-06,1.89288153e-06,-6.22367997e-06,4.66152471e-07,2.50727189e-05,-7.61706178e-06
1013,4.052000,-0.00115094287,-0.00380290835,-0.00597584527,0.00593386963,-0.00524584297,-0.000547915697,-3.06926245e-06,1.87947057e-06,-6.24390941e-06,4.62755366e-07,2.50508219e-05,-7.62293212e-06
1014,4.056000,-0.00143210345,-0.00393231399,-0.00585931353,0.0066471491,-0.00689720316,-0.000482943607,-3.06778202e-06,1.88526951e-06,-6.23320238e-06,4.60178029e-07,2.4994557e-05,-7.60511102e-06
1015,4.060000,-0.00115643023,-0.00285880384,-0.00465789717,0.00363036408,-0.00473668193,-0.00264129555,-3.04452101e-06,1.89328216e-06,-6.2365857e-06,4.65900996e-07,2.50051489e-05,-7.62578111e-06
1016,4.064000,-0.000938024255,-0.00302254269,-0.00516974367,0.00346195814,-0.00396564975,-0.00388680911,-3.0322426e-06,1.89921502e-06,-6.24639779e-06,4.61637313e-07,2.49449931e-05,-7.60795911e-06
1017,4.068000,-0.00147446198,-0.00378236687,-0.00593326194,0.00593868038,-0.00726973824,-0.00143808906,-3.01962291e-06,1.89982939e-06,-6.23557844e-06,4.64545622e-07,2.49153636e-05,-7.60779903e-06
1018,4.072000,-0.00106964062,-0.00306137721,-0.00520261284,0.00428245123,-0.00329902652,-7.45283905e-05,-3.02531794e-06,1.90326648e-06,-6.2321792e-06,4.62589099e-07,2.4801855e-05,-7.56098461e-06
1019,4.076000,-0.00121393986,-0.00313619571,-0.0052303574,0.00413317606,-0.004785561,-0.0032430659,-3.01667933e-06,1.89879972e-06,-6.23297183e-06,4.60930835e-07,2.47892694e-05,-7.57053249e-06
1020,4.080000,-0.00113330735,-0.00302892737,-0.00512064155,0.00433067465,-0.00361847598,-0.00022662594,-3.02249236e-06,1.88944841e-06,-6.23258256e-06,4.58469003e-07,2.47338976e-05,-7.55746578e-06
1021,4.084000,-0.00118643977,-0.00321115321,-0.00502759963,0.00431392528,-0.00460255984,-0.00172715494,-2.99202748e-06,1.89831303e-06,-6.23001324e-06,4.65020008e-07,2.47691023e-05,-7.59264458e-06
1022,4.088000,-0.00109412579,-0.0035553358,-0.00656549446,0.00418356154,-0.00365492003,-0.0083981771,-3.00524107e-06,1.90111837e-06,-6.22614971e-06,4.64062339e-07,2.47165335e-05,-7.57968974e-06
1023,4.092000,-0.00148250081,-0.00312719215,-0.00511084124,0.00426641945,-0.00628797105,-0.00416651834,-2.99924568e-06,1.90344178e-06,-6.22372545e-06,4.56729822e-07,2.4624891e-05,-7.54629673e-06
1024,4.096000,-0.00124566269,-0.00360923191,-0.00646469602,0.00453238608,-0.00472304737,-0.00697303005,-2.99841258e-06,1.89305479e-06,-6.23273991e-06,4.60001047e-07,2.45714436e-05,-7.53089444e-06
1025,4.100000,-0.00119345693,-0.00328141917,-0.00578984758,0.0047133686,-0.00574913528,-0.00522766681,-2.96647499e-06,1.90851301e-06,-6.24375252e-06,4.62398901e-07,2.45895135e-05,-7.55557539e-06
1026,4.104000,-0.00135405746,-0.00395486178,-0.00656023156,0.00628735218,-0.00603814702,-0.00492253201,-2.97018209e-06,1.91633217e-06,-6.25642406e-06,4.59834666e-07,2.45031279e-05,-7.52502729e-06
1027,4.108000,-0.00113983883,-0.00458552502,-0.00749683846,0.00701753423,-0.00524934335,-0.00563339749,-2.96277585e-06,1.91580239e-06,-6.26358405e-06,4.5944455e-07,2.44614585e-05,-7.5175526e-06
1028,4.112000,-0.00137524912,-0.00506043434,-0.00836765207,0.00809646398,-0.0061806459,-0.00645698467,-2.96270969e-06,1.92047173e-06,-6.26094379e-06,4.5629389e-07,2.44335533e-05,-7.52128472e-06
1029,4.116000,-0.00130738597,-0.00470530894,-0.00753898174,0.00804928783,-0.00633252366,-0.00476094475,-2.95185168e-06,1.9170925e-06,-6.25441362e-06,4.59267852e-07,2.4433386e-05,-7.53428867e-06
1030,4.120000,-0.00144826737,-0.00553614274,-0.00882127509,0.00905927829,-0.00663961843,-0.00608329242,-2.94120809e-06,1.9191084e-06,-6.24625955e-06,4.60956699e-07,2.44032071e-05,-7.53302038e-06
1031,4.124000,-0.00110233412,-0.00414089393,-0.00730055012,0.00496716192,-0.00440795859,-0.00964958873,-2.93208814e-06,1.9043332e-06,-6.23932146e-06,4.55691463e-07,2.43477498e-05,-7.51868583e-06
1032,4.128000,-0.0010563751,-0.00423805229,-0.00697775092,0.00764225982,-0.00492311083,-0.00494598364,-2.9295843e-06,1.91422873e-06,-6.23047481e-06,4.57355696e-07,2.42906826e-05,-7.50202889e-06
1033,4.132000,-0.00134878652,-0.00317570101,-0.00543493126,0.000802796567,-0.00529894093,-0.00708154077,-2.91487186e-06,1.91911931e-06,-6.22685002e-06,4.60264829e-07,2.427051e-05,-7.50788331e-06
1034,4.136000,-0.000670366571,-0.00289034192,-0.00533283968,0.00477721309,-0.000542744412,0.00415862631,-2.91173046e-06,1.90212256e-06,-6.24436143e-06,4.53625944e-07,2.42266688e-05,-7.49810442e-06
1035,4.140000,-0.00148786907,-0.00416843221,-0.00697043771,0.00475477101,-0.00583131751,-0.00670292135,-2.92310551e-06,1.93887809e-06,-6.24248059e-06,4.55470712e-07,2.4170371e-05,-7.48416278e-06
1036,4.144000,-0.00104815955,-0.00348281953,-0.00588827766,0.00552645372,-0.00386228669,-0.0034662683,-2.91472543e-06,1.9269612e-06,-6.24296035e-06,4.52987024e-07,2.40885056e-05,-7.457435e-06
1037,4.148000,-0.00123145944,-0.000264109694,-0.000642751344,-0.00628885999,-0.00260337139,-0.00526229991,-2.91122524e-06,1.93043138e-06,-6.24974928e-06,4.51046446e-07,2.40307672e-05,-7.4401637e-06
1038,4.152000,-0.00137515296,-0.00393521599,-0.00647390261,0.00664039608,-0.00538202981,-0.00205370877,-2.89519267e-06,1.93028586e-06,-6.25874054e-06,4.5451236e-07,2.40283662e-05,-7.45183979e-06
1039,4.156000,-0.000982956495,-0.000924968568,-0.00208210945,-0.00390675478,-0.00205285987,-0.00397979934,-2.89918967e-06,1.94978156e-06,-6.25338043e-06,4.46847451e-07,2.39429264e-05,-7.42404245e-06
1040,4.160000,-0.00137700234,-0.00321222492,-0.00539614167,0.00453667343,-0.00571432663,-0.00213474361,-2.88878732e-06,1.93636492e-06,-6.26061137e-06,4.51699975e-07,2.38904904e-05,-7.40807991e-06
1041,4.164000,-0.00152481371,-0.00314581953,-0.00520716794,0.002100877,-0.00634768186,-0.00723628886,-2.86776185e-06,1.91844788e-06,-6.24979884e-06,4.47693083e-07,2.3897519e-05,-7.42600059e-06
1042,4.168000,-0.00121066649,-0.00255719689,-0.00438848976,0.00315995421,-0.00437273551,-0.00481356075,-2.87293142e-06,1.93241112e-06,-6.23654842e-06,4.47316438e-07,2.38272387e-05,-7.4003151e-06
1043,4.172000,-0.00120269158,-0.0022243103,-0.00373772718,-0.0018958773,-0.00415046513,-0.00690303836,-2.85719852e-06,1.9203087e-06,-6.2426102e-06,4.51078648e-07,2.38019547e-05,-7.40228052e-06
1044,4.176000,-0.00132521347,-0.00335348444,-0.00547443889,0.00514388923,-0.00525182532,-0.0019445495,-2.86138493e-06,1.92353059e-06,-6.23359574e-06,4.4896197e-07,2.37103341e-05,-7.37022265e-06
1045,4.180000,-0.00131873146,-0.00237474008,-0.003861679,-0.000530094607,-0.00462508574,-0.00571289659,-2.85923898e-06,1.93864616e-06,-6.23722462e-06,4.42343264e-07,2.36582946e-05,-7.35774029e-06
1046,4.184000,-0.00152463,-0.0038513355,-0.00609285198,0.00658447202,-0.00762448274,-0.00225468841,-2.83337795e-06,1.92556467e-06,-6.25169923e-06,4.4907884e-07,2.36530141e-05,-7.36628408e-06
1047,4.188000,-0.0010042059,-0.00156691496,-0.00319332816,-0.00219267351,-0.00126977824,-0.00528908381,-2.84039766e-06,1.92843527e-06,-6.2514132e-06,4.45223066e-07,2.35919961e-05,-7.34761761e-06
1048,4.192000,-0.00117274595,-0.00309992768,-0.00540774595,0.00416758563,-0.00455543399,-0.00354494108,-2.83901022e-06,1.93057986e-06,-6.23119558e-06,4.43462909e-07,2.35148545e-05,-7.32066292e-06
1049,4.196000,-0.00127273495,-0.00315061072,-0.00531143788,0.00177373807,-0.00510886265,-0.00691887084,-2.83325312e-06,1.93173696e-06,-6.22683183e-06,4.39180297e-07,2.33913524e-05,-7.26569215e-06
1050,4.200000,-0.00108916394,-0.00256868335,-0.0045327507,0.00335410982,-0.00401095767,-0.00289227907,-2.80721997e-06,1.92844595e-06,-6.22773541e-06,4.41259829e-07,2.33643004e-05,-7.26196959e-06
1051,4.204000,-0.00103528262,-0.000506377197,-0.0014886026,-0.00473737158,-0.00146562827,-0.00329780183,-2.80791892e-06,1.93129176e-06,-6.21820845e-06,4.39274459e-07,2.32750517e-05,-7.22432969e-06
1052,4.208000,-0.00109618669,-0.00287043932,-0.0048504197,0.00328662875,-0.00376814557,-0.00356559781,-2.79663095e-06,1.93449e-06,-6.21871004e-06,4.3854655e-07,2.31467075e-05,-7.16632621e-06
1053,4.212000,-0.00120110298,-0.00206609815,-0.00372522324,-0.00150993839,-0.00385784288,-0.00616973359,-2.79806363e-06,1.93854544e-06,-6.21553909e-06,4.33071335e-07,2.30887745e-05,-7.15267834e-06
1054,4.216000,-0.00117762142,-0.00322901201,-0.00521758571,0.00507438043,-0.00393940508,-0.00299011823,-2.77933327e-06,1.93720189e-06,-6.22740936e-06,4.32638444e-07,2.30657042e-05,-7.15068518e-06
1055,4.220000,-0.00080010097,-0.000841355184,-0.00223661656,-0.00253181485,-0.00156035763,-0.00112793688,-2.76923311e-06,1.94066547e-06,-6.21809295e-06,4.30743228e-07,2.29865418e-05,-7.11810208e-06
1056,4.224000,-0.0012450366,-0.00312995166,-0.00510703726,0.0046602916,-0.00506879808,-0.00182276894,-2.77387471e-06,1.94582867e-06,-6.21095842e-06,4.30745359e-07,2.28649533e-05,-7.06892024e-06
1057,4.228000,-0.00145818735,-0.00236330135,-0.00400417484,0.000971088069,-0.00665919669,-0.00573244784,-2.7494159e-06,1.94270046e-06,-6.21950221e-06,4.2705625e-07,2.28383142e-05,-7.06482933e-06
1058,4.232000,-0.00119194621,-0.0025917904,-0.00439822068,0.00301116658,-0.0056597488,-0.0055804057,-2.74593231e-06,1.96564633e-06,-6.20174296e-06,4.26970928e-07,2.27670807e-05,-7.03884416e-06
1059,4.236000,-0.000974456081,-0.00156111049,-0.00294330623,-0.00287776627,-0.0022264705,-0.00577351358,-2.74643298e-06,1.96185897e-06,-6.20738138e-06,4.27028169e-07,2.26804914e-05,-7.0035785e-06
1060,4.240000,-0.00117880723,-0.00331706018,-0.00562488195,0.00493444502,-0.00489018625,-0.0032946954,-2.74168133e-06,1.96869451e-06,-6.22815287e-06,4.20281253e-07,2.25653112e-05,-6.9561288e-06
1061,4.244000,-0.00126561453,-0.00170553895,-0.00300664455,-0.00143092871,-0.00544731738,-0.00666432362,-2.71765634e-06,1.95542316e-06,-6.21771778e-06,4.17210856e-07,2.25393087e-05,-6.95271638e-06
1062,4.248000,-0.00106933306,-0.00208904035,-0.00414433377,0.00300282869,-0.00325606903,-0.000923099811,-2.71342901e-06,1.9727313e-06,-6.21576692e-06,4.1847818e-07,2.24518008e-05,-6.91740115e-06
1063,4.252000,-0.00102521619,-0.000728340819,-0.00201869896,-0.00371460896,-0.00214113854,-0.00291484967,-2.71644535e-06,1.96583369e-06,-6.22323296e-06,4.17465628e-07,2.23832194e-05,-6.89361832e-06
1064,4.256000,-0.00116988143,-0.00303332228,-0.00517010875,0.00506431423,-0.00478661666,-0.0018789178,-2.71418685e-06,1.96315773e-06,-6.21723484e-06,4.10773339e-07,2.22549279e-05,-6.83864073e-06
1065,4.260000,-0.000894352677,-0.00103367423,-0.00220488082,-0.0019449942,-0.00241012638,-0.00134898978,-2.70088412e-06,1.98254997e-06,-6.21056097e-06,4.04107539e-07,2.21735172e-05,-6.80636458e-06
1066,4.264000,-0.0010153125,-0.00248273462,-0.00448423717,0.00306750718,-0.00358160166,-0.00387513824,-2.68707049e-06,1.99554961e-06,-6.20239962e-06,4.11280467e-07,2.21553983e-05,-6.80740777e-06
1067,4.268000,-0.00101343333,-0.000514980347,-0.00143741269,-0.00385559024,-0.00318047497,-0.00420134747,-2.67664268e-06,1.9728302e-06,-6.21165555e-06,4.01364929e-07,2.20260226e-05,-6.74947205e-06
1068,4.272000,-0.00123375014,-0.00295973173,-0.00485440996,0.004565279,-0.00544299232,-0.00269178092,-2.66511552e-06,1.97311419e-06,-6.20427409e-06,4.02240829e-07,2.19640624e-05,-6.72814167e-06
1069,4.276000,-0.000911102572,-0.000593911624,-0.00172271742,-0.00260628317,-0.00215126062,-0.00146500627,-2.67690848e-06,1.97251939e-06,-6.19061848e-06,3.96855341e-07,2.18821515e-05,-6.69972269e-06
1070,4.280000,-0.000943064049,-0.00312145753,-0.00523694139,0.00479386933,-0.00325676939,-0.0029593627,-2.64516575e-06,1.98727389e-06,-6.19913135e-06,4.03092486e-07,2.18501191e-05,-6.69253632e-06
1071,4.284000,-0.00114609848,-0.000191995408,-0.00112809637,-0.0042523616,-0.00362294842,-0.00533317216,-2.64665618e-06,2.0063851e-06,-6.18928561e-06,3.99069449e-07,2.18038422e-05,-6.68250323e-06
1072,4.288000,-0.0015018417,-0.00305906544,-0.0048160986,0.00488557015,-0.00766277686,-0.0021341762,-2.65115432e-06,1.98090493e-06,-6.21211029e-06,3.95376986e-07,2.17072793e-05,-6.64236859e-06
1073,4.292000,-0.00080443098,-0.00102903321,-0.00219937903,-0.00207937206,-0.00115217175,-0.00245996728,-2.62350204e-06,1.98211364e-06,-6.2258755e-06,3.97162012e-07,2.16271728e-05,-6.60898468e-06
1074,4.296000,-0.00129344314,-0.00248899916,-0.00404776121,0.00356207299,-0.005489273,-0.00204145582,-2.615227e-06,2.00157865e-06,-6.22066773e-06,3.97089934e-07,2.15680193e-05,-6.59031912e-06
1075,4.300000,-0.00101828261,-0.000914940669,-0.00204031891,-0.00315429084,-0.00220211432,-0.00481587322,-2.61639798e-06,2.00072327e-06,-6.19192633e-06,3.92929422e-07,2.14821739e-05,-6.55524263e-06
1076,4.304000,-0.00105400453,-0.00325875124,-0.00520242425,0.00490785995,-0.0041858824,-0.00231898413,-2.6095845e-06,2.01820149e-06,-6.19333468e-06,3.87982652e-07,2.13809835e-05,-6.51632672e-06
1077,4.308000,-0.000752257823,-0.000351893948,-0.00124744046,-0.00339205517,-0.00103422231,-1.42899808e-05,-2.61127343e-06,2.01137709e-06,-6.19880211e-06,3.84421185e-07,2.12821396e-05,-6.47473189e-06
1078,4.312000,-0.00106781442,-0.00387019594,-0.00629182253,0.00655997265,-0.0051464811,-0.00186431804,-2.58521209e-06,2.02512388e-06,-6.21144e-06,3.87611067e-07,2.12515952e-05,-6.4671276e-06
1079,4.316000,-0.000986889703,-0.00275747711,-0.00487031089,0.00123008108,-0.00382847083,-0.00716846436,-2.58045225e-06,2.01219314e-06,-6.22482321e-06,3.87148447e-07,2.11792176e-05,-6.44104512e-06
1080,4.320000,-0.00100614864,-0.0020518587,-0.00377804646,0.00304206903,-0.0039109895,-0.00189876347,-2.58312639e-06,2.00132604e-06,-6.22645712e-06,3.82063973e-07,2.10560429e-05,-6.39026621e-06
1081,4.324000,-0.000878907857,-0.000633458083,-0.0018187284,-0.00276350603,-0.00122894801,-0.000143172452,-2.56898784e-06,2.01997e-06,-6.21598338e-06,3.80502144e-07,2.09916525e-05,-6.36812547e-06
1082,4.328000,-0.00109820755,-0.00342946663,-0.00542720314,0.00575467432,-0.00451139873,-0.00182286801,-2.55089208e-06,2.03625314e-06,-6.20440142e-06,3.79609162e-07,2.09697955e-05,-6.3663947e-06
1083,4.332000,-0.00105104456,-0.000905810157,-0.00177019066,-0.00303633465,-0.0038345668,-0.00486126961,-2.55000714e-06,2.02197043e-06,-6.20530545e-06,3.7954041e-07,2.08818201e-05,-6.33058198e-06
1084,4.336000,-0.00116076961,-0.00350777106,-0.00558300409,0.00528194197,-0.00576543016,-0.00186813809,-2.55014129e-06,2.00830436e-06,-6.19659841e-06,3.76899663e-07,2.07549201e-05,-6.27596319e-06
1085,4.340000,-0.000852723955,-0.00072682288,-0.00194491819,-0.00301976921,-0.00199935236,-0.00479750708,-2.54580345e-06,2.03868103e-06,-6.20312585e-06,3.72407101e-07,2.06836376e-05,-6.25055054e-06
1086,4.344000,-0.000888057984,-0.00262945378,-0.00473353639,0.00381735456,-0.0038085836,-0.00314007141,-2.51710708e-06,2.00913087e-06,-6.19870889e-06,3.72256551e-07,2.06694895e-05,-6.25412849e-06
1087,4.348000,-0.000884826062,-0.0010231284,-0.00232425542,-0.00261782622,-0.00223191245,-0.00630528759,-2.52386508e-06,2.01436796e-06,-6.19939919e-06,3.72354009e-07,2.05955002e-05,-6.22846892e-06
1088,4.352000,-0.0014747798,-0.00306376815,-0.004692466,0.00476656575,-0.00805146154,-0.0020360921,-2.51970141e-06,2.01440071e-06,-6.18732065e-06,3.68248607e-07,2.04577773e-05,-6.16589023e-06
1089,4.356000,-0.000830102363,-0.000751861662,-0.00149517285,-0.0028379201,-0.00220241607,-0.00108331186,-2.50338667e-06,2.01342459e-06,-6.17510796e-06,3.6665466e-07,2.04073494e-05,-6.15183535e-06
1090,4.360000,-0.00101124134,-0.00279037352,-0.00490105944,0.0038739671,-0.00474757701,-0.00325836008,-2.48514812e-06,2.01296371e-06,-6.17668638e-06,3.65912342e-07,2.03697127e-05,-6.14157716e-06
1091,4.364000,-0.000755286892,-0.000214470318,-0.0011810076,-0.00392721221,-0.00132391986,-0.00186935603,-2.48334914e-06,2.01928765e-06,-6.18932108e-06,3.61995149e-07,2.02304473e-05,-6.07693528e-06
1092,4.368000,-0.00119858747,-0.00299198693,-0.00506519713,0.00471196184,-0.00502463896,-0.00271553406,-2.47435332e-06,2.03891068e-06,-6.20476931e-06,3.57496987e-07,2.01815128e-05,-6.06773938e-06
1093,4.372000,-0.000907287002,-0.00236798543,-0.00448076334,0.000447762664,-0.0028933282,-0.00760342134,-2.4819924e-06,2.03367927e-06,-6.19437378e-06,3.56443167e-07,2.00845916e-05,-6.02731961e-06
1094,4.376000,-0.00101367396,-0.0034070923,-0.00533825904,0.00590134831,-0.00524765579,-0.00239365082,-2.45585784e-06,2.02970659e-06,-6.19093998e-06,3.55979495e-07,2.00706054e-05,-6.02957016e-06
1095,4.380000,-0.000844362599,-0.000471512874,-0.00122584961,-0.00319832517,-0.00261537638,0.000106311403,-2.45064757e-06,2.03054947e-06,-6.17559908e-06,3.53718036e-07,1.99977912e-05,-6.00281828e-06
1096,4.384000,-0.00100360438,-0.00251936121,-0.00443724915,0.00330376159,-0.00409088051,-0.00215912214,-2.45542515e-06,2.03395052e-06,-6.17414844e-06,3.51911211e-07,1.98598154e-05,-5.94251242e-06
1097,4.388000,-0.00119344494,-0.00195479789,-0.00335968658,-0.0003364,-0.00454215519,-0.00612705713,-2.42627539e-06,2.04860225e-06,-6.18399281e-06,3.50872966e-07,1.98514099e-05,-5.94801031e-06
1098,4.392000,-0.000745052588,-0.00159385346,-0.00332419388,0.00129568134,-0.00104589947,-0.00148872123,-2.43146906e-06,2.0386401e-06,-6.19845696e-06,3.48218407e-07,1.97743539e-05,-5.91883963e-06
1099,4.396000,-0.00108744262,-0.000592414872,-0.0015958891,-0.00413875282,-0.00389826042,-0.0063505224,-2.43086788e-06,2.05840433e-06,-6.20221363e-06,3.42992706e-07,1.96513556e-05,-5.86582701e-06
1100,4.400000,-0.0011719279,-0.0033695621,-0.00534689054,0.00540552801,-0.00645683846,-0.00109320809,-2.41231555e-06,2.04571097e-06,-6.19291268e-06,3.4711536e-07,1.9633675e-05,-5.86668648e-06
1101,4.404000,-0.001077533,-0.00123236724,-0.00272571901,-0.00195998047,-0.00437320489,-0.00607282901,-2.40918848e-06,2.0597472e-06,-6.20790661e-06,3.50342759e-07,1.9570165e-05,-5.84534746e-06
1102,4.408000,-0.000851648103,-0.00381834526,-0.00614567939,0.00766523741,-0.0042198482,-0.00126485957,-2.38666053e-06,2.06099116e-06,-6.1971723e-06,3.48301768e-07,1.95090142e-05,-5.82512848e-06
1103,4.412000,-0.000745566736,-0.00135655259,-0.00255583529,-0.00070777256,-0.00228492985,0.00153109024,-2.3958064e-06,2.06454661e-06,-6.18699414e-06,3.39323833e-07,1.94435888e-05,-5.80436426e-06
1104,4.416000,-0.00088117097,-0.00303970859,-0.00522685237,0.0049901125,-0.00365355541,-0.00188144855,-2.3892253e-06,2.0850257e-06,-6.20063611e-06,3.34829224e-07,1.93236465e-05,-5.75180093e-06
1105,4.420000,-0.000960948644,-0.0008547568,-0.001658016,-0.00280435663,-0.00399400666,-0.00311006047,-2.36938467e-06,2.05858032e-06,-6.20377205e-06,3.42170893e-07,1.92893822e-05,-5.74187425e-06
1106,4.424000,-0.000669947476,-0.0018728748,-0.00387029746,0.00208585267,-0.0017582844,-0.00339409523,-2.37399195e-06,2.07171684e-06,-6.19866432e-06,3.38414367e-07,1.92394127e-05,-5.73160833e-06
1107,4.428000,-0.000812459737,-0.000281836168,-0.00103149982,-0.00383370928,-0.00283725723,-0.00219201879,-2.35289895e-06,2.0699249e-06,-6.19720277e-06,3.35606217e-07,1.91565523e-05,-5.69689382e-06
1108,4.432000,-0.000883522618,-0.00314126909,-0.00510530127,0.00528633408,-0.00429013371,-0.00160414225,-2.34549361e-06,2.07434096e-06,-6.20280571e-06,3.35268908e-07,1.91003874e-05,-5.67875713e-06
1109,4.436000,-0.000659831101,-0.000535882136,-0.00126960373,-0.00299025932,-0.00071911572,-0.00137536135,-2.35127618e-06,2.06577897e-06,-6.19478487e-06,3.272973e-07,1.89836483e-05,-5.63102458e-06
1110,4.440000,-0.000998812495,-0.00384398689,-0.00620840676,0.007266853,-0.00503896037,-0.00037771964,-2.351283e-06,2.07983794e-06,-6.19253569e-06,3.33293627e-07,1.89018392e-05,-5.59606997e-06
1111,4.444000,-0.000665979052,-0.000219797075,-0.00118348782,-0.00314432266,-0.000740023272,0.00224833935,-2.3408511e-06,2.0979378e-06,-6.18532158e-06,3.23386814e-07,1.88872837e-05,-5.60300305e-06
1112,4.448000,-0.00116538547,-0.00262785866,-0.00444209855,0.00351054594,-0.00551546458,-0.00258727837,-2.31501008e-06,2.08507072e-06,-6.19534421e-06,3.29945834e-07,1.88289869e-05,-5.58231341e-06
1113,4.452000,-0.000945174077,-0.00173642673,-0.00309135532,-0.00132277515,-0.00335824722,-0.00541508943,-2.31348736e-06,2.08754386e-06,-6.19491266e-06,3.23435671e-07,1.87635414e-05,-5.55927136e-06
1114,4.456000,-0.00101152225,-0.00197898922,-0.00353702065,0.00200686138,-0.00598202599,-0.00323118269,-2.30447927e-06,2.08913434e-06,-6.20342598e-06,3.26606852e-07,1.86424004e-05,-5.50516415e-06
1115,4.460000,-0.00101871276,-0.00128288264,-0.00243188557,-0.00249062013,-0.00425242959,-0.00478267903,-2.28616113e-06,2.1065498e-06,-6.1766932e-06,3.25043857e-07,1.86217749e-05,-5.50811183e-06
1116,4.464000,-0.00106754724,-0.00249614427,-0.00418820279,0.0039091045,-0.00542166177,-0.00247483677,-2.29644161e-06,2.10443204e-06,-6.18320018e-06,3.20568915e-07,1.85565295e-05,-5.48667231e-06
1117,4.468000,-0.000810990867,-0.000844100956,-0.00189081638,-0.0029902393,-0.0020012795,-0.00193217536,-2.29360217e-06,2.0911782e-06,-6.17251317e-06,3.19597859e-07,1.84760229e-05,-5.45397324e-06
1118,4.472000,-0.000933838775,-0.00312140235,-0.0051089488,0.00538959494,-0.00436217571,-0.00118363765,-2.26569773e-06,2.07885e-06,-6.17652586e-06,3.18121295e-07,1.84178007e-05,-5.43374972e-06
1119,4.476000,-0.000779274385,-0.000346458633,-0.00100120995,-0.00336312759,-0.00130127708,-0.000402520876,-2.27235296e-06,2.09349469e-06,-6.1865735e-06,3.1552139e-07,1.83434022e-05,-5.40557039e-06
1120,4.480000,-0.00085481198,-0.00265564001,-0.00462569902,0.0041514039,-0.00344160874,-0.00211109174,-2.26879069e-06,2.10167195e-06,-6.17234718e-06,3.10754046e-07,1.82191998e-05,-5.35290474e-06
1121,4.484000,-0.000973371672,-0.00164134684,-0.00309772952,-0.00103096256,-0.00333780842,-0.005388516,-2.25093186e-06,2.09749942e-06,-6.16681791e-06,3.10055071e-07,1.8200948e-05,-5.35191884e-06
1122,4.488000,-0.000994889298,-0.00298481202,-0.00478842482,0.0046639801,-0.00556820305,-0.00175609579,-2.25557687e-06,2.0843554e-06,-6.17959176e-06,3.10328403e-07,1.81350406e-05,-5.33232969e-06
1123,4.492000,-0.000844361086,-0.000228587887,-0.000716907089,-0.00350117614,-0.00197823253,0.00101066311,-2.24496807e-06,2.10417147e-06,-6.16578518e-06,3.08644672e-07,1.80127936e-05,-5.27713155e-06
1124,4.496000,-0.00107518584,-0.00309135835,-0.00499220705,0.00515674287,-0.00633903872,-0.00128621201,-2.22743188e-06,2.08752363e-06,-6.17129444e-06,3.10097164e-07,1.80118732e-05,-5.28873852e-06
1125,4.500000,-0.000739420822,-0.000723903475,-0.00199355884,-0.00319740223,-0.00217940868,-0.00541380933,-2.2352142e-06,2.10870598e-06,-6.16222042e-06,3.04794099e-07,1.78871633e-05,-5.2354012e-06
1126,4.504000,-0.00509582832,-0.130146801,-0.0568925738,-0.129608884,-0.00486135483,0.00193789601,-2.20810671e-06,2.10396865e-06,-6.19536058e-06,3.0609101e-07,1.78836181e-05,-5.24261259e-06
1127,4.508000,-0.00555232074,-0.185105667,-0.0573487505,-0.156512588,-0.00519005954,0.00194363296,-2.2160566e-06,2.13217595e-06,-6.17490741e-06,3.05738581e-07,1.78254777e-05,-5.22672781e-06
1128,4.512000,-0.00546788657,-0.222368121,-0.0574774742,-0.158784866,0.00101204962,0.0019441545,-2.19811182e-06,2.13568683e-06,-6.17489513e-06,3.04581619e-07,1.77581151e-05,-5.19947798e-06
1129,4.516000,-0.00540766399,-0.249167353,-0.0574621633,-0.153467506,0.00274970382,0.00194516033,-2.20808624e-06,2.13614203e-06,-6.15617137e-06,2.97449674e-07,1.76335907e-05,-5.14694921e-06
1130,4.520000,-0.00535367569,-0.269357234,-0.0574206337,-0.146468148,0.0036700964,0.00194580853,-2.18182572e-06,2.13110729e-06,-6.15117096e-06,3.01184997e-07,1.7626975e-05,-5.15360625e-06
1131,4.524000,-0.00531047536,-0.285055429,-0.0573704652,-0.140147358,0.00418830663,0.00194647908,-2.19293997e-06,2.1191006e-06,-6.17206661e-06,2.97119072e-07,1.75521509e-05,-5.12640418e-06
1132,4.528000,-0.00528718764,-0.297522783,-0.0573334545,-0.136790603,0.00444903225,0.00194712728,-2.16970921e-06,2.13840235e-06,-6.15185081e-06,2.94242227e-07,1.74790366e-05,-5.0949584e-06
1133,4.532000,-0.00527348928,-0.307414144,-0.0573048145,-0.135477364,0.00467030704,0.00194787979,-2.16293392e-06,2.15488421e-06,-6.15913768e-06,2.94833541e-07,1.74244342e-05,-5.07984987e-06
1134,4.536000,-0.00526030548,-0.315343499,-0.0572871789,-0.135052323,0.00493208319,0.00194855779,-2.16161652e-06,2.12375153e-06,-6.16716352e-06,2.92504723e-07,1.7376804e-05,-5.06781043e-06
1135,4.540000,-0.0052482062,-0.321805984,-0.0572745129,-0.135259807,0.0052055642,0.00194911659,-2.14110446e-06,2.12326495e-06,-6.18901095e-06,2.94700357e-07,1.73527915e-05,-5.06530159e-06
1136,4.544000,-0.00523715233,-0.327177554,-0.0572652817,-0.135896087,0.00556277484,0.00194959342,-2.137205e-06,2.12901477e-06,-6.18146805e-06,2.95324639e-07,1.73291264e-05,-5.06174865e-06
1137,4.548000,-0.00522617111,-0.331737906,-0.0572590977,-0.13686502,0.00594829768,0.00195004791,-2.13017302e-06,2.12744953e-06,-6.17821252e-06,2.90529897e-07,1.73188564e-05,-5.06961078e-06
1138,4.552000,-0.00521597546,-0.335685194,-0.0572539382,-0.13809213,0.00634848326,0.00195042044,-2.12774944e-06,2.10865824e-06,-6.18060358e-06,2.98785096e-07,1.73184999e-05,-5.08065841e-06
1139,4.556000,-0.00520576723,-0.33916685,-0.0572505333,-0.139483094,0.00678730756,0.00195073336,-2.14072406e-06,2.12704253e-06,-6.17997466e-06,2.91865916e-07,1.72436994e-05,-5.05250682e-06
1140,4.560000,-0.00519544072,-0.342294186,-0.0572484061,-0.140993267,0.0072202608,0.00195101649,-2.11931365e-06,2.11240376e-06,-6.17869728e-06,2.91430041e-07,1.72754389e-05,-5.07837331e-06
1141,4.564000,-0.0018187305,-0.136934787,0.0588546023,-0.00858050771,0.00890239887,-0.00194533542,-2.11193333e-06,2.14442775e-06,-6.17283104e-06,2.91702605e-07,1.72638793e-05,-5.08526591e-06
1142,4.568000,-0.0011298249,-0.0435661748,0.0900984854,-0.00722527318,0.0062647555,0.00200626999,-2.12203349e-06,2.14447755e-06,-6.15928184e-06,2.97900414e-07,1.72503842e-05,-5.09067695e-06
1143,4.572000,-0.000854597427,-0.00341901928,0.08048556,-0.00677126553,0.00535710901,0.00200293213,-2.1088963e-06,2.12946543e-06,-6.15977569e-06,2.96329347e-07,1.72406126e-05,-5.095917e-06
1144,4.576000,-0.000496039866,0.00389066897,0.0537247173,0.00543546909,0.00500900857,0.00200212374,-2.10868598e-06,2.14063266e-06,-6.14601004e-06,2.96386986e-07,1.72265773e-05,-5.09880647e-06
1145,4.580000,-0.000494468259,0.0160545222,0.0528475605,-0.00721454341,0.00489227287,0.00200281292,-2.09151312e-06,2.12310943e-06,-6.16101261e-06,3.00830465e-07,1.72222808e-05,-5.10934024e-06
1146,4.584000,-0.000423754798,0.0223966949,0.0481655635,-0.00769338291,0.00508183427,0.00200465322,-2.10900021e-06,2.11169549e-06,-6.14832516e-06,2.91098132e-07,1.71845422e-05,-5.10040172e-06
1147,4.588000,-0.000412161462,0.0268614627,0.0447205976,-0.00790932029,0.00520629622,0.00200642273,-2.10926828e-06,2.14135343e-06,-6.16225998e-06,2.94141785e-07,1.71386291e-05,-5.08890207e-06
1148,4.592000,-0.000421484932,0.0299735703,0.0419902019,-0.00801126938,0.00529539771,0.0020079948,-2.0888715e-06,2.12789337e-06,-6.18392096e-06,3.00050772e-07,1.71894553e-05,-5.12679208e-06
1149,4.596000,-0.000436235918,0.0320401639,0.0397778824,-0.00807224773,0.0053694658,0.00200951844,-2.08193524e-06,2.132291e-06,-6.16622992e-06,2.95605645e-07,1.71594147e-05,-5.12237148e-06
1150,4.600000,-0.000455057248,0.033313144,0.037990924,-0.00809005089,0.00542503223,0.00201093033,-2.0849086e-06,2.14641977e-06,-6.16372154e-06,2.93356663e-07,1.71553311e-05,-5.13158875e-06
1151,4.604000,-0.00047667278,0.0339918807,0.0365445577,-0.00807914231,0.00546793081,0.00201228261,-2.07515291e-06,2.1467315e-06,-6.1674441e-06,2.9881781e-07,1.71339307e-05,-5.13070881e-06
1152,4.608000,-0.000499612419,0.0342247486,0.0354020707,-0.00804684032,0.00550032593,0.00201356784,-2.07493667e-06,2.1320609e-06,-6.18902141e-06,2.99295948e-07,1.71206066e-05,-5.13467376e-06
1153,4.612000,-0.000523564639,0.0341288932,0.0345293656,-0.00799463224,0.00552320853,0.00201473013,-2.0657003e-06,2.13591784e-06,-6.19048978e-06,2.98998941e-07,1.71064348e-05,-5.13996838e-06
1154,4.616000,-0.000550868688,0.0337878019,0.0338743478,-0.00791187957,0.0055327788,0.00201588124,-2.06523328e-06,2.15079513e-06,-6.16542548e-06,3.00827622e-07,1.7122069e-05,-5.15997135e-06
1155,4.620000,-0.000577073777,0.0332277268,0.0333154611,-0.00783180445,0.00554192066,0.00201695785,-2.05803644e-06,2.14861279e-06,-6.16543139e-06,3.04056101e-07,1.70789608e-05,-5.14774638e-06
1156,4.624000,-0.000812556129,0.0190259516,0.0641589388,-0.0261430144,0.0144645274,0.0028609857,-2.0566149e-06,2.15010709e-06,-6.18715967e-06,2.99786876e-07,1.70792318e-05,-5.15766624e-06
1157,4.628000,-0.00285270019,-0.000233214349,0.0722691491,-0.0258767903,0.014474595,0.00205310807,-2.07025346e-06,2.15541877e-06,-6.16495254e-06,2.98936101e-07,1.70057629e-05,-5.13257919e-06
1158,4.632000,-0.0041001346,-0.0140176043,0.0790248588,-0.0257205069,0.0144393481,0.00205396861,-2.04999355e-06,2.13172871e-06,-6.17940941e-06,3.02428532e-07,1.69881896e-05,-5.13155283e-06
1159,4.636000,-0.00494961254,-0.0240150169,0.0846708119,-0.0256838351,0.014435878,0.00205481797,-2.06366644e-06,2.13214139e-06,-6.18522245e-06,2.96836191e-07,1.70160347e-05,-5.16017417e-06
1160,4.640000,-0.00567369349,-0.0318324752,0.0891698301,-0.0257044286,0.0144524872,0.00205571949,-2.04077878e-06,2.1519154e-06,-6.16894977e-06,2.97748073e-07,1.70121766e-05,-5.16769524e-06
1161,4.644000,-0.00628161896,-0.0380893871,0.0927361473,-0.0257248133,0.014473252,0.00205668807,-2.03755508e-06,2.13125918e-06,-6.1556957e-06,3.0136033e-07,1.70033418e-05,-5.17621629e-06
1162,4.648000,-0.00670105265,-0.040957544,0.097675018,-0.0261055827,0.0146246441,0.00276311859,-2.0372313e-06,2.14667807e-06,-6.15845602e-06,3.00564324e-07,1.69829545e-05,-5.17451235e-06
1163,4.652000,-0.00711847469,-0.0424710847,0.101675823,-0.0262665451,0.0146472827,0.00377717987,-2.04490334e-06,2.14887041e-06,-6.14945566e-06,3.00447965e-07,1.69180475e-05,-5.15417469e-06
1164,4.656000,-0.00753386086,-0.0435455404,0.104483038,-0.0263827741,0.0146699958,0.00448582694,-2.03673881e-06,2.13272392e-06,-6.16788748e-06,3.02284036e-07,1.69391224e-05,-5.17293984e-06
1165,4.660000,-0.00792530552,-0.0444273651,0.106399901,-0.0264805704,0.0146928057,0.00503602251,-2.035855e-06,2.15149089e-06,-6.16181023e-06,2.99303679e-07,1.6896056e-05,-5.16416367e-06
1166,4.664000,-0.00829619542,-0.0452051386,0.107685737,-0.0265649855,0.0147156529,0.00549967214,-2.0236871e-06,2.14959732e-06,-6.15763065e-06,3.01199492e-07,1.69189516e-05,-5.18684283e-06
1167,4.668000,-0.00870822463,-0.0453927666,0.109638728,-0.0286208242,0.0147392936,0.00533250719,-2.04043818e-06,2.13404564e-06,-6.15511954e-06,2.98094307e-07,1.68908773e-05,-5.1825491e-06
1168,4.672000,-0.00911960658,-0.0454497226,0.111433513,-0.031015873,0.0147629566,0.00501752272,-2.0155062e-06,2.14928014e-06,-6.16911666e-06,3.08103893e-07,1.68806127e-05,-5.18580373e-06
1169,4.676000,-0.00952259824,-0.045505736,0.11291758,-0.0333056897,0.0147863049,0.00471005961,-2.00822296e-06,2.15107775e-06,-6.15818544e-06,3.03803034e-07,1.68647675e-05,-5.19097921e-06
1170,4.680000,-0.00992169417,-0.0455632135,0.114159435,-0.0354751498,0.0148094241,0.0043906793,-2.01056855e-06,2.15346108e-06,-6.15789304e-06,3.06439119e-07,1.68492679e-05,-5.19247578e-06
1171,4.684000,0.000979588367,-0.0459069423,0.193692416,-0.183578253,0.0105659943,0.00204967335,-2.00984005e-06,2.15450314e-06,-6.16513671e-06,3.00105938e-07,1.67814633e-05,-5.166969e-06
1172,4.688000,0.0031448137,-0.0461157262,0.231706351,-0.234599814,0.00897985883,0.00204452127,-2.00128238e-06,2.15371711e-06,-6.17028127e-06,3.01082139e-07,1.67987891e-05,-5.18791467e-06
1173,4.692000,0.0028464573,-0.0463270731,0.249838054,-0.251449436,0.00870948471,0.00204437226,-2.00874683e-06,2.14019587e-06,-6.1633973e-06,2.98547008e-07,1.6740416e-05,-5.16973614e-06
1174,4.696000,0.0026991819,-0.0464622676,0.26068449,-0.260124266,0.00858984329,0.00204465166,-1.99508031e-06,2.15453974e-06,-6.16905254e-06,3.01422688e-07,1.67573362e-05,-5.1865145e-06
1175,4.700000,0.0026198735,-0.0465661883,0.267894685,-0.265842378,0.00852093101,0.00204505026,-1.99286455e-06,2.15391287e-06,-6.15926865e-06,3.06815167e-07,1.67478138e-05,-5.19133846e-06
1176,4.704000,0.00259504025,-0.0477100648,0.271348864,-0.26811865,0.00849732757,0.00204553641,-1.98614384e-06,2.15384853e-06,-6.15809722e-06,3.08724481e-07,1.67230428e-05,-5.18983552e-06
1177,4.708000,0.00259711524,-0.0494950041,0.272601098,-0.268493444,0.00849604607,0.00204614736,-2.00857676e-06,2.15697196e-06,-6.15292129e-06,3.04474014e-07,1.66218033e-05,-5.14607609e-06
1178,4.712000,0.00259280624,-0.051259689,0.273403317,-0.268981695,0.00848612189,0.00204666704,-1.98094381e-06,2.15869682e-06,-6.1599867e-06,2.96906052e-07,1.66173941e-05,-5.14856856e-06
1179,4.716000,0.00258549629,-0.0530377999,0.273942679,-0.269594729,0.00847168453,0.00204717927,-1.98869407e-06,2.1632336e-06,-6.14961664e-06,2.94532668e-07,1.65278034e-05,-5.11014287e-06
1180,4.720000,0.0025758578,-0.0548313856,0.274289519,-0.270231575,0.00845716521,0.00204769708,-1.97271083e-06,2.14521719e-06,-6.17089518e-06,3.00605961e-07,1.65241236e-05,-5.11633925e-06
1181,4.724000,0.0025646342,-0.0565817207,0.274540633,-0.270905852,0.00843977556,0.00204818323,-1.98531461e-06,2.14878742e-06,-6.16514217e-06,2.97071495e-07,1.64324047e-05,-5.07811637e-06
1182,4.728000,0.0025489754,-0.0582745634,0.27472645,-0.271591842,0.00841960497,0.00204866752,-1.95958387e-06,2.14878287e-06,-6.18261674e-06,2.94711867e-07,1.64629691e-05,-5.10379232e-06
1183,4.732000,0.00253165211,-0.0599183924,0.274846137,-0.272258848,0.00839725882,0.00204910152,-1.97031159e-06,2.13506769e-06,-6.16195803e-06,2.89787891e-07,1.63916484e-05,-5.07087952e-06
1184,4.736000,0.00251730974,-0.0614985302,0.274938285,-0.272946715,0.00837930292,0.00204955041,-1.95175039e-06,2.16635135e-06,-6.15327735e-06,2.95211123e-07,1.63530767e-05,-5.05890193e-06
1185,4.740000,0.00249867421,-0.0630341321,0.274979442,-0.27358824,0.00835789926,0.00204998627,-1.9652116e-06,2.17071283e-06,-6.14416149e-06,2.89006351e-07,1.62444812e-05,-5.01074055e-06
1186,4.744000,0.00442294171,-0.0594962239,0.33958891,-0.414435327,0.00362730026,0.00203336682,-1.94078734e-06,2.14931583e-06,-6.15085219e-06,2.91922163e-07,1.62415763e-05,-5.01343584e-06
1187,4.748000,0.00428470271,-0.0757434815,0.3364546,-0.418084323,0.00337880477,0.00203364645,-1.94235736e-06,2.17308934e-06,-6.15212457e-06,2.86991934e-07,1.61632597e-05,-4.98194095e-06
1188,4.752000,0.00415423,-0.0857592076,0.336687952,-0.419783473,0.00322839897,0.00203388161,-1.93170149e-06,2.15712953e-06,-6.16523675e-06,2.86622708e-07,1.61487806e-05,-4.98195959e-06
1189,4.756000,0.00408345042,-0.0927149802,0.337696165,-0.420833707,0.00312687736,0.00203409186,-1.92210314e-06,2.17573847e-06,-6.18297508e-06,2.89648369e-07,1.61152166e-05,-4.97367546e-06
1190,4.760000,0.0040505752,-0.0978545994,0.338839263,-0.421571255,0.0030543888,0.00203434704,-1.92447624e-06,2.16538979e-06,-6.17740761e-06,2.86691375e-07,1.60698073e-05,-4.95703716e-06
1191,4.764000,0.00403842144,-0.101827525,0.339918166,-0.422159851,0.00299449824,0.00203455798,-1.93470805e-06,2.17773731e-06,-6.1553942e-06,2.86295148e-07,1.60268846e-05,-4.94474989e-06
1192,4.768000,0.00403955206,-0.105010062,0.340875,-0.422698855,0.00294634141,0.00203481736,-1.91404206e-06,2.16357444e-06,-6.151452e-06,2.83140793e-07,1.5977359e-05,-4.92499021e-06
1193,4.772000,0.00404678425,-0.107650518,0.341672003,-0.423198462,0.00290337391,0.00203506043,-1.92748735e-06,2.18024365e-06,-6.14799592e-06,2.80978526e-07,1.58725015e-05,-4.87977923e-06
1194,4.776000,0.00405430188,-0.109904185,0.342315435,-0.423676431,0.0028544981,0.0020352588,-1.90044261e-06,2.18000287e-06,-6.14829878e-06,2.7879193e-07,1.58836901e-05,-4.89211152e-06
1195,4.780000,0.00406452175,-0.111862391,0.342841834,-0.424172342,0.00281534344,0.00203551212,-1.88789204e-06,2.1695505e-06,-6.15788258e-06,2.82581567e-07,1.58231014e-05,-4.86530644e-06
1196,4.784000,0.00407272438,-0.113593377,0.343271464,-0.424695164,0.00276876148,0.00203568349,-1.88898957e-06,2.16574813e-06,-6.15753106e-06,2.81031049e-07,1.57891427e-05,-4.85831697e-06
1197,4.788000,0.00408184435,-0.115161851,0.343591839,-0.425197184,0.00272471923,0.00203588745,-1.8879922e-06,2.15487057e-06,-6.15013414e-06,2.74915777e-07,1.57298091e-05,-4.83436816e-06
1198,4.792000,0.00409054197,-0.1165938,0.343843818,-0.42571488,0.0026801303,0.00203608628,-1.87992657e-06,2.185732e-06,-6.15744557e-06,2.77904206e-07,1.56929473e-05,-4.82204541e-06
1199,4.796000,0.00409842283,-0.117918991,0.344026566,-0.426219732,0.00263620075,0.00203625066,-1.89351442e-06,2.17501542e-06,-6.15888848e-06,2.71168432e-07,1.55809685e-05,-4.77193134e-06
1200,4.800000,0.0041066194,-0.119148351,0.34416911,-0.426741779,0.00259254873,0.00203643879,-1.87040996e-06,2.18949776e-06,-6.15664112e-06,2.75114445e-07,1.5576401e-05,-4.77440653e-06
1201,4.804000,0.00418195128,-0.111989088,0.390737802,-0.547371209,0.00324694626,0.00203907886,-1.86843249e-06,2.17627189e-06,-6.15414501e-06,2.774172e-07,1.55437556e-05,-4.76748301e-06
1202,4.808000,0.00407418469,-0.123687118,0.383844256,-0.551528096,0.00300542079,0.0020393068,-1.86326895e-06,2.17624756e-06,-6.15248609e-06,2.71171587e-07,1.54780591e-05,-4.73963473e-06
1203,4.812000,0.00394105073,-0.129830852,0.38162449,-0.553601682,0.00284895021,0.00203926582,-1.86234001e-06,2.1971041e-06,-6.16462512e-06,2.74204922e-07,1.54256886e-05,-4.71740168e-06
1204,4.816000,0.00385787617,-0.133729011,0.380664408,-0.554858446,0.00274378434,0.00203932961,-1.86657542e-06,2.18869422e-06,-6.1598339e-06,2.64895192e-07,1.53747933e-05,-4.7016847e-06
1205,4.820000,0.00381030352,-0.136415869,0.380259603,-0.555801749,0.00266119931,0.0020393203,-1.84424744e-06,2.18405057e-06,-6.15964655e-06,2.72731569e-07,1.53362653e-05,-4.68773169e-06
1206,4.824000,0.00378689216,-0.138415053,0.380082309,-0.556517124,0.00260109175,0.00203936454,-1.85473414e-06,2.18775722e-06,-6.1563801e-06,2.60055032e-07,1.52221673e-05,-4.63613878e-06
1207,4.828000,0.00377747836,-0.139945656,0.380113125,-0.557411075,0.00275926851,0.0017877128,-1.83763041e-06,2.18664036e-06,-6.15562431e-06,2.64604182e-07,1.52193606e-05,-4.64033747e-06
1208,4.832000,0.0037788176,-0.141183376,0.380246073,-0.55842787,0.00308094453,0.0013563158,-1.84741748e-06,2.18526407e-06,-6.16111629e-06,2.63372755e-07,1.51223558e-05,-4.59838702e-06
1209,4.836000,0.00378167839,-0.142252654,0.380372792,-0.559262753,0.00329457875,0.00105107203,-1.83159966e-06,2.20761649e-06,-6.16470152e-06,2.66652052e-07,1.51204049e-05,-4.60319779e-06
1210,4.840000,0.00378753338,-0.143201903,0.38050577,-0.560040534,0.00348282512,0.000781087205,-1.81695509e-06,2.19306798e-06,-6.17398791e-06,2.6384086e-07,1.50660044e-05,-4.58286422e-06
1211,4.844000,0.0037963565,-0.144073933,0.380626976,-0.560770571,0.00363859255,0.000550939701,-1.81862265e-06,2.18105993e-06,-6.15841282e-06,2.59588916e-07,1.50330643e-05,-4.57357419e-06
1212,4.848000,0.0038066234,-0.144894153,0.380723625,-0.561441898,0.00377839431,0.000346025452,-1.82537315e-06,2.1826188e-06,-6.14641658e-06,2.56170068e-07,1.49134039e-05,-4.51648611e-06
1213,4.852000,0.00381288002,-0.145679444,0.380792975,-0.562060654,0.00389638729,0.000161752105,-1.80091547e-06,2.19294202e-06,-6.14790633e-06,2.55344048e-07,1.49266134e-05,-4.53154735e-06
1214,4.856000,0.0038215497,-0.146430492,0.380850405,-0.562574267,0.00388797186,0.000129122287,-1.79715266e-06,2.18010746e-06,-6.15474528e-06,2.59703398e-07,1.48621111e-05,-4.50474909e-06
1215,4.860000,0.00382549083,-0.147172749,0.380861342,-0.563003659,0.00384638831,0.000128976069,-1.79200629e-06,2.19866456e-06,-6.14780402e-06,2.55811869e-07,1.48104809e-05,-4.48576793e-06
1216,4.864000,0.00342178973,-0.151037306,0.386852205,-0.590309381,0.00259300461,0.00204108562,-1.79016456e-06,2.21698792e-06,-6.15114641e-06,2.51696008e-07,1.47235942e-05,-4.44611305e-06
1217,4.868000,0.00337568508,-0.156027138,0.384632736,-0.592487752,0.00282562897,0.00163930655,-1.7793983e-06,2.22008498e-06,-6.16927809e-06,2.55652907e-07,1.4704101e-05,-4.44225179e-06
1218,4.872000,0.00333249359,-0.158770233,0.384341568,-0.595083237,0.00402181083,0.000129557215,-1.79204005e-06,2.19500453e-06,-6.15857152e-06,2.47346378e-07,1.46087859e-05,-4.40285112e-06
1219,4.876000,0.00330671552,-0.160764277,0.384097815,-0.595772028,0.00396912498,0.000129379332,-1.78104563e-06,2.22251356e-06,-6.1322562e-06,2.4522862e-07,1.46110342e-05,-4.40980921e-06
1220,4.880000,0.00329112727,-0.162246078,0.384049863,-0.596310377,0.00392574631,0.0001292089,-1.76944764e-06,2.21685082e-06,-6.13208977e-06,2.50760024e-07,1.45696577e-05,-4.39538871e-06
1221,4.884000,0.00328301312,-0.163425714,0.384072363,-0.596773684,0.00388881564,0.000129097141,-1.76299955e-06,2.21948221e-06,-6.13704424e-06,2.41788172e-07,1.45054601e-05,-4.36931077e-06
1222,4.888000,0.00327911996,-0.164406553,0.384133756,-0.597218513,0.00385309756,0.00012895558,-1.77250922e-06,2.22447238e-06,-6.15020963e-06,2.47314404e-07,1.4455999e-05,-4.35259335e-06
1223,4.892000,0.00327910343,-0.165269405,0.384168774,-0.597593844,0.00382310618,0.000128860585,-1.75017601e-06,2.20894867e-06,-6.15000727e-06,2.39316762e-07,1.43994694e-05,-4.32702245e-06
1224,4.896000,0.00327795697,-0.166036859,0.384214729,-0.597975612,0.00378864771,0.000128715299,-1.751475e-06,2.21070832e-06,-6.15698809e-06,2.42044081e-07,1.43537018e-05,-4.31145645e-06
1225,4.900000,0.00327951415,-0.166726947,0.384271026,-0.598380864,0.00375926541,0.00012861006,-1.73404817e-06,2.21680943e-06,-6.1581427e-06,2.41252337e-07,1.43092448e-05,-4.29622878e-06
1226,4.904000,0.00328037608,-0.167380363,0.384295344,-0.5987463,0.00372756505,0.000128502026,-1.74397894e-06,2.21835217e-06,-6.15751105e-06,2.39758435e-07,1.41950104e-05,-4.24434074e-06
1227,4.908000,0.00328469509,-0.167983472,0.38433522,-0.59916538,0.00372879254,9.72114503e-05,-1.72779653e-06,2.20308721e-06,-6.14377132e-06,2.37834925e-07,1.41954451e-05,-4.25080088e-06
1228,4.912000,0.00328872702,-0.168548003,0.384383351,-0.599690139,0.0038351682,-7.62399286e-05,-1.72147656e-06,2.21449113e-06,-6.13903103e-06,2.33115088e-07,1.41413075e-05,-4.22839958e-06
1229,4.916000,0.00329040084,-0.1690889,0.38441509,-0.600161135,0.00390247162,-0.000205008313,-1.71440786e-06,2.21652999e-06,-6.15514e-06,2.39239284e-07,1.40920774e-05,-4.21120239e-06
1230,4.920000,0.00329550612,-0.169602022,0.384455025,-0.60066855,0.00401150249,-0.000377377495,-1.72321938e-06,2.22471635e-06,-6.14539613e-06,2.28833443e-07,1.4039927e-05,-4.19199614e-06
1231,4.924000,0.00236568553,-0.181270704,0.341700941,-0.495085925,0.00591332465,-0.00201254804,-1.70350802e-06,2.22639733e-06,-6.13188922e-06,2.26206467e-07,1.39872564e-05,-4.16926468e-06
1232,4.928000,0.00244617742,-0.173376903,0.34868449,-0.492027104,0.0060662739,-0.00201109424,-1.70951046e-06,2.23901043e-06,-6.12927761e-06,2.30487586e-07,1.39435451e-05,-4.15577551e-06
1233,4.932000,0.00256527262,-0.170031652,0.351283133,-0.490888715,0.00614961656,-0.00201066956,-1.69119085e-06,2.22715607e-06,-6.12181475e-06,2.31776042e-07,1.38824034e-05,-4.12769759e-06
1234,4.936000,0.00264470233,-0.16844739,0.352550477,-0.490398318,0.00619728863,-0.00201039948,-1.6764709e-06,2.23918755e-06,-6.11663609e-06,2.3048068e-07,1.38347459e-05,-4.11095516e-06
1235,4.940000,0.00269027962,-0.167745054,0.35324806,-0.490260333,0.00621401053,-0.00201033615,-1.68628571e-06,2.23973075e-06,-6.10502002e-06,2.28462497e-07,1.37875013e-05,-4.09600307e-06
1236,4.944000,0.0027133862,-0.16757828,0.353538156,-0.489929438,0.00589853106,-0.00160393026,-1.68311249e-06,2.2275658e-06,-6.12031818e-06,2.23040601e-07,1.36818644e-05,-4.04563662e-06
1237,4.948000,0.00272486708,-0.167689413,0.353660464,-0.489755869,0.00561741693,-0.0012503555,-1.67242843e-06,2.23108486e-06,-6.12280837e-06,2.24147172e-07,1.36838025e-05,-4.05657011e-06
1238,4.952000,0.00272789807,-0.167941675,0.353714287,-0.489855766,0.00552589959,-0.0011491701,-1.68495103e-06,2.21759456e-06,-6.13770726e-06,2.23122001e-07,1.35852442e-05,-4.01342322e-06
1239,4.956000,0.00273169065,-0.16825363,0.35376054,-0.490138948,0.00551256444,-0.00114803575,-1.66018481e-06,2.21651862e-06,-6.14536248e-06,2.21608673e-07,1.35789796e-05,-4.01554007e-06
1240,4.960000,0.00272915349,-0.168622628,0.353743285,-0.490416169,0.00551973097,-0.00118397549,-1.67404073e-06,2.25299709e-06,-6.13578868e-06,2.1418515e-07,1.35322534e-05,-4.00027602e-06
1241,4.964000,0.00273151277,-0.16898571,0.353759974,-0.490819216,0.00558336591,-0.00128318835,-1.6481905e-06,2.25355097e-06,-6.13993916e-06,2.18842857e-07,1.34883066e-05,-3.98201519e-06
1242,4.968000,0.00273111835,-0.169359252,0.353757828,-0.491223335,0.00566828949,-0.00141734537,-1.65227323e-06,2.26044631e-06,-6.14112651e-06,2.14892538e-07,1.33779467e-05,-3.93184746e-06
1243,4.972000,0.00272901822,-0.169730738,0.353751898,-0.491615444,0.00574674923,-0.001539669,-1.63567449e-06,2.2577542e-06,-6.1457572e-06,2.20171344e-07,1.3386647e-05,-3.94494782e-06
1244,4.976000,0.00272877747,-0.170107022,0.353731751,-0.492003769,0.00583763141,-0.00167983118,-1.63834557e-06,2.26146608e-06,-6.13923112e-06,2.13177316e-07,1.32719506e-05,-3.88919989e-06
1245,4.980000,0.00273009716,-0.170461789,0.353739828,-0.492430001,0.00592814339,-0.00181447528,-1.62683421e-06,2.2448321e-06,-6.15586077e-06,2.127925e-07,1.3271283e-05,-3.89881961e-06
1246,4.984000,0.00170918112,-0.194875911,0.26884222,-0.323136687,0.00679297838,-0.00200869516,-1.63644063e-06,2.26720522e-06,-6.13602833e-06,2.1183196e-07,1.31695961e-05,-3.85239809e-06
1247,4.988000,0.00182597991,-0.180216342,0.275933146,-0.319183707,0.0070174206,-0.00200707838,-1.62029448e-06,2.23391089e-06,-6.13753627e-06,2.14629239e-07,1.31683355e-05,-3.85923977e-06
1248,4.992000,0.00197827583,-0.172348678,0.277767718,-0.317678392,0.00714297546,-0.00200655591,-1.62404206e-06,2.24746918e-06,-6.1371411e-06,2.15600224e-07,1.31244997e-05,-3.84289342e-06
1249,4.996000,0.00207288656,-0.167505905,0.278196931,-0.317070544,0.007214766,-0.0020062658,-1.61213723e-06,2.24723794e-06,-6.12948315e-06,2.07262602e-07,1.30686085e-05,-3.82065173e-06
1250,5.000000,0.00212234678,-0.164406091,0.278084874,-0.316854268,0.00724993506,-0.0020061722,-1.60723357e-06,2.26578481e-06,-6.11034875e-06,2.0817393e-07,1.2966686e-05,-3.77410447e-06
1251,5.004000,0.00214693323,-0.162383541,0.277780712,-0.31689629,0.0072677373,-0.00200614519,-1.6185304e-06,2.2361321e-06,-6.12010581e-06,2.06843268e-07,1.29211667e-05,-3.76011371e-06
1252,5.008000,0.00215467275,-0.161099225,0.277344644,-0.316850781,0.0071178358,-0.0018067346,-1.58304181e-06,2.2508375e-06,-6.12222311e-06,2.07752265e-07,1.2856337e-05,-3.73081093e-06
1253,5.012000,0.00215425179,-0.160281032,0.27692607,-0.316967428,0.00704687927,-0.00172105664,-1.59282797e-06,2.25683425e-06,-6.11927044e-06,2.01214959e-07,1.28092097e-05,-3.71652004e-06
1254,5.016000,0.00214755139,-0.159767061,0.276564658,-0.317234635,0.00707901921,-0.00177079951,-1.57842362e-06,2.2701704e-06,-6.1097644e-06,2.03947579e-07,1.28091315e-05,-3.72103659e-06
1255,5.020000,0.00214178953,-0.159461692,0.276275992,-0.317590386,0.00714535406,-0.00186209241,-1.56608883e-06,2.27209398e-06,-6.11112182e-06,2.0589664e-07,1.27545181e-05,-3.70070666e-06
1256,5.024000,0.00213300763,-0.159320533,0.276017308,-0.317951262,0.0072490531,-0.00200647442,-1.57521254e-06,2.27334544e-06,-6.10958068e-06,2.00504672e-07,1.27190133e-05,-3.69198369e-06
1257,5.028000,0.00212533353,-0.159299776,0.27577734,-0.318191707,0.00724372827,-0.00200654892,-1.57344903e-06,2.279206e-06,-6.12840859e-06,1.99713767e-07,1.26172581e-05,-3.64451807e-06
1258,5.032000,0.00211469969,-0.1593692,0.275560737,-0.318401217,0.00723550422,-0.00200659875,-1.55767975e-06,2.28291265e-06,-6.12307258e-06,1.9988164e-07,1.26056502e-05,-3.64522566e-06
1259,5.036000,0.00210684817,-0.159487933,0.275397539,-0.318645418,0.00722779334,-0.00200667605,-1.57235331e-06,2.28553995e-06,-6.12042004e-06,1.95159231e-07,1.24923636e-05,-3.59286787e-06
1260,5.040000,0.00209906069,-0.159652665,0.275258601,-0.318880975,0.00722445734,-0.00200670119,-1.54686154e-06,2.27142664e-06,-6.13125712e-06,1.98810113e-07,1.25160313e-05,-3.61305251e-06
1261,5.044000,0.00168959878,-0.192918777,0.159220755,-0.142197818,0.00715726335,-0.00200698292,-1.55914177e-06,2.28992121e-06,-6.11295036e-06,1.88079127e-07,1.24047274e-05,-3.56330929e-06
1262,5.048000,0.00180794392,-0.173748225,0.159593284,-0.139991999,0.00731998356,-0.00200616103,-1.53153871e-06,2.28686395e-06,-6.1248943e-06,1.90687629e-07,1.24104336e-05,-3.57068211e-06
1263,5.052000,0.00191409804,-0.161167353,0.157535329,-0.139402464,0.0074046459,-0.00200587651,-1.52673363e-06,2.28972522e-06,-6.11532869e-06,1.89713802e-07,1.23461969e-05,-3.54559825e-06
1264,5.056000,0.00197118171,-0.152337059,0.155143052,-0.139360666,0.00744859595,-0.0020057261,-1.53310452e-06,2.2909162e-06,-6.11175392e-06,1.89448002e-07,1.22506299e-05,-3.50241407e-06
1265,5.060000,0.00199316605,-0.145975113,0.152915105,-0.139575332,0.00746257603,-0.0020057396,-1.51043184e-06,2.28816907e-06,-6.11307451e-06,1.88209683e-07,1.22560978e-05,-3.51329686e-06
1266,5.064000,0.00199564733,-0.141373739,0.150891185,-0.139656395,0.0072912965,-0.00177901192,-1.51813072e-06,2.29016541e-06,-6.11830274e-06,1.90396719e-07,1.21953753e-05,-3.48767298e-06
1267,5.068000,0.00198984821,-0.137963101,0.149267688,-0.140108824,0.00736475131,-0.00187749648,-1.50404389e-06,2.29517877e-06,-6.13187058e-06,1.87901037e-07,1.21565299e-05,-3.47633227e-06
1268,5.072000,0.00197739992,-0.13544625,0.147942483,-0.140593365,0.00745490612,-0.00200597523,-1.50455958e-06,2.28241902e-06,-6.13928978e-06,1.83876281e-07,1.21061548e-05,-3.45637591e-06
1269,5.076000,0.00196542963,-0.133620858,0.146816432,-0.140908569,0.00745159993,-0.00200604042,-1.5159842e-06,2.28757722e-06,-6.12837675e-06,1.77493618e-07,1.19947417e-05,-3.4071636e-06
1270,5.080000,0.00194961822,-0.132283509,0.14593187,-0.141228318,0.00744121429,-0.00200617686,-1.4938521e-06,2.30198384e-06,-6.12947633e-06,1.87117237e-07,1.19894539e-05,-3.40874044e-06
1271,5.084000,0.00193713815,-0.131331861,0.145214945,-0.141514838,0.00743482634,-0.0020062523,-1.48206414e-06,2.29934358e-06,-6.10705365e-06,1.85186991e-07,1.19523902e-05,-3.39923281e-06
1272,5.088000,0.0019231909,-0.130664572,0.144653007,-0.14178516,0.00742991595,-0.00200635055,-1.48663833e-06,2.2836482e-06,-6.11968562e-06,1.81706284e-07,1.18750513e-05,-3.36266385e-06
1273,5.092000,0.00191097637,-0.130226269,0.144193247,-0.142014086,0.00742664188,-0.00200641761,-1.46725984e-06,2.30480896e-06,-6.11900168e-06,1.79880217e-07,1.18454327e-05,-3.35703908e-06
1274,5.096000,0.0018989516,-0.129959032,0.143833086,-0.14223142,0.00742105488,-0.00200651679,-1.47193032e-06,2.30358773e-06,-6.12126223e-06,1.76982041e-07,1.17860254e-05,-3.33219441e-06
1275,5.100000,0.00188443915,-0.129818127,0.143559903,-0.142441243,0.00741252396,-0.00200660108,-1.459651e-06,2.30664045e-06,-6.12464737e-06,1.78472249e-07,1.17290801e-05,-3.3091394e-06
1276,5.104000,0.000919524406,-0.14127171,0.0463389307,-0.00913603976,0.0060126381,-0.00201153453,-1.45932404e-06,2.30677438e-06,-6.11423002e-06,1.75209209e-07,1.16954971e-05,-3.29932936e-06
1277,5.108000,0.00104443589,-0.11457748,0.0420507342,-0.00829350948,0.00504376739,-0.000652009854,-1.47359651e-06,2.31091167e-06,-6.11184169e-06,1.77082512e-07,1.15851135e-05,-3.25042174e-06
1278,5.112000,0.00112498226,-0.0958757401,0.0364803933,-0.00781091675,0.00447529741,0.000130984467,-1.45050035e-06,2.31060994e-06,-6.12131862e-06,1.70853724e-07,1.15810071e-05,-3.25427322e-06
1279,5.116000,0.00116525183,-0.0821703449,0.0313955955,-0.00794411078,0.00450109411,0.00013104442,-1.43607053e-06,2.31112881e-06,-6.12839949e-06,1.74107839e-07,1.1541063e-05,-3.24217126e-06
1280,5.120000,0.00117484434,-0.0720088184,0.0269633308,-0.00796885788,0.00450428063,0.000131049193,-1.43433965e-06,2.31664035e-06,-6.12879239e-06,1.72055692e-07,1.14897121e-05,-3.22180949e-06
1281,5.124000,0.00117196247,-0.0643961653,0.0232656226,-0.00795426965,0.00450158771,0.000131043256,-1.44149169e-06,2.3256282e-06,-6.11892983e-06,1.69439417e-07,1.13779342e-05,-3.16826004e-06
1282,5.128000,0.00116406358,-0.0586603954,0.0202741101,-0.00792576373,0.00449780794,0.000131042907,-1.42847625e-06,2.30331216e-06,-6.14138753e-06,1.66589572e-07,1.13764399e-05,-3.17621243e-06
1283,5.132000,0.0011520877,-0.0543302521,0.0179291256,-0.00788363069,0.00449109077,0.000131003442,-1.42174918e-06,2.32542334e-06,-6.14278724e-06,1.63001161e-07,1.13253973e-05,-3.15783382e-06
1284,5.136000,0.00114112534,-0.0510825738,0.0160961524,-0.00785220414,0.00449007796,0.000130991219,-1.42378019e-06,2.29475154e-06,-6.14350301e-06,1.70314181e-07,1.1277396e-05,-3.13992405e-06
1285,5.140000,0.00113092584,-0.0486692786,0.014666155,-0.00781800225,0.00448570633,0.000130972825,-1.42748877e-06,2.31168474e-06,-6.11218093e-06,1.60797754e-07,1.117395e-05,-3.09402958e-06
1286,5.144000,0.00112248096,-0.0468897969,0.0135649256,-0.00779196247,0.00448373239,0.000130972359,-1.40833299e-06,2.32234856e-06,-6.10610823e-06,1.625788e-07,1.11870559e-05,-3.1081313e-06
1287,5.148000,0.00111388881,-0.0455622002,0.0128089674,-0.00776832923,0.00448356755,0.000130973291,-1.39552276e-06,2.30696583e-06,-6.13772954e-06,1.66907625e-07,1.11162008e-05,-3.07607479e-06
1288,5.152000,0.00110504881,-0.0445187055,0.012498945,-0.00773897022,0.00447984459,0.000130948611,-1.39567271e-06,2.33177434e-06,-6.12583653e-06,1.60110616e-07,1.10310702e-05,-3.03893967e-06
1289,5.156000,0.00109809474,-0.0438134596,0.0123321302,-0.00774767995,0.00450279564,0.000100860372,-1.3891754e-06,2.33133437e-06,-6.1103915e-06,1.60974125e-07,1.10229339e-05,-3.04214632e-06
1290,5.160000,0.00109163381,-0.0433686636,0.0122670047,-0.00788581371,0.00463217823,-7.20387325e-05,-1.39851909e-06,2.33269293e-06,-6.10745656e-06,1.56675156e-07,1.09284538e-05,-3.00163515e-06
1291,5.164000,-0.0001023933,-0.0302350894,0.00371148437,-0.00207783049,0.00214003515,0.000595322694,-1.37519908e-06,2.33044648e-06,-6.12924669e-06,1.52278886e-07,1.0946108e-05,-3.01735736e-06
1292,5.168000,-7.66514859e-05,-0.0186649058,0.00273483573,-0.00119839422,0.00123102916,0.00166125246,-1.37508573e-06,2.33843571e-06,-6.12397844e-06,1.5523942e-07,1.0891079e-05,-2.9967407e-06
1293,5.172000,-6.81559322e-05,-0.0131988619,0.00187838729,-0.00101852091,0.000946624437,0.00198141346,-1.36885819e-06,2.33805599e-06,-6.11202267e-06,1.48299705e-07,1.08062914e-05,-2.9582759e-06
1294,5.176000,-6.88665023e-05,-0.010730844,0.00137070613,-0.00104268407,0.000912953983,0.00201331894,-1.3632357e-06,2.33353467e-06,-6.1093192e-06,1.56391266e-07,1.07976111e-05,-2.95989184e-06
1295,5.180000,-6.97416835e-05,-0.0095593743,0.00109325023,-0.00113174552,0.000961413956,0.00195350358,-1.3720678e-06,2.32065622e-06,-6.11260566e-06,1.54569463e-07,1.07534088e-05,-2.94619485e-06
1296,5.184000,-7.19454838e-05,-0.00896555837,0.000947728287,-0.00124430563,0.00104463543,0.00185364555,-1.35802964e-06,2.33447781e-06,-6.11132873e-06,1.44790647e-07,1.07101259e-05,-2.92814548e-06
1297,5.188000,-7.55136716e-05,-0.00863346923,0.000872337725,-0.00135704828,0.00113704102,0.00174008799,-1.34405707e-06,2.33866649e-06,-6.12400981e-06,1.50446581e-07,1.0678591e-05,-2.92212121e-06
1298,5.192000,-7.83981523e-05,-0.00842943974,0.000832005404,-0.00144011294,0.0012067263,0.00165335671,-1.35016023e-06,2.34562503e-06,-6.12520716e-06,1.47055559e-07,1.05729396e-05,-2.87243415e-06
1299,5.196000,-8.13614752e-05,-0.00828484166,0.000807172153,-0.0014915145,0.00125194853,0.00159519666,-1.33517142e-06,2.33059336e-06,-6.10961888e-06,1.47209249e-07,1.05859399e-05,-2.8872139e-06
1300,5.200000,-8.5127278e-05,-0.00817475561,0.000787457917,-0.00152432779,0.00128462678,0.00154871237,-1.34914194e-06,2.31308422e-06,-6.10741745e-06,1.48740355e-07,1.04818218e-05,-2.84072416e-06
1301,5.204000,-8.58952408e-05,-0.00807815418,0.000777483452,-0.00155565469,0.00130939623,0.00151983101,-1.32885157e-06,2.33990818e-06,-6.10684447e-06,1.47854621e-07,1.04835453e-05,-2.84627731e-06
1302,5.208000,-8.65078182e-05,-0.00798654743,0.000773736741,-0.00159840798,0.00134353992,0.00147905608,-1.32380342e-06,2.32624484e-06,-6.12172653e-06,1.48496852e-07,1.04427127e-05,-2.83388226e-06
1303,5.212000,-9.05215566e-05,-0.0079060765,0.000761315227,-0.00160846859,0.00135853759,0.00145486742,-1.31211664e-06,2.31515787e-06,-6.11272026e-06,1.43349823e-07,1.03946122e-05,-2.81594748e-06
1304,5.216000,-9.26150533e-05,-0.00782760419,0.000753877684,-0.00162822939,0.0013773134,0.00142953801,-1.31255433e-06,2.33002129e-06,-6.09089693e-06,1.45534514e-07,1.03653301e-05,-2.80840368e-06
1305,5.220000,-9.5642521e-05,-0.00775514543,0.000739168376,-0.00163202453,0.00138570718,0.00141095568,-1.3046274e-06,2.33225182e-06,-6.09675863e-06,1.44047149e-07,1.03200409e-05,-2.79206006e-06
1306,5.224000,-9.64369974e-05,-0.00767572783,0.00073891785,-0.00167451892,0.00142020918,0.00137007341,-1.31209663e-06,2.33425703e-06,-6.09802419e-06,1.42025399e-07,1.02172271e-05,-2.74465174e-06
1307,5.228000,-9.84593062e-05,-0.00760184601,0.000727810431,-0.00167939812,0.00142675918,0.0013586178,-1.29741534e-06,2.31709146e-06,-6.10622419e-06,1.42242456e-07,1.02173954e-05,-2.7514252e-06
1308,5.232000,-9.97481111e-05,-0.00752554648,0.000725089107,-0.00171015714,0.00145289139,0.0013264796,-1.28642273e-06,2.3516543e-06,-6.1069627e-06,1.36867186e-07,1.0170008e-05,-2.73557635e-06
1309,5.236000,-0.000102613558,-0.00745857926,0.000710499473,-0.00171002815,0.00145763718,0.00131423585,-1.28917554e-06,2.33877927e-06,-6.11581572e-06,1.3579448e-07,1.01433634e-05,-2.72903162e-06
1310,5.240000,-0.000105101033,-0.00738459546,0.000704420265,-0.00173030491,0.00147775596,0.00128719024,-1.2832113e-06,2.32406524e-06,-6.10224561e-06,1.35321841e-07,1.01006899e-05,-2.71589147e-06
1311,5.244000,-0.000106147141,-0.00731152901,0.000700365286,-0.00175648392,0.00149968639,0.00125976908,-1.28693807e-06,2.34044569e-06,-6.10667303e-06,1.30827161e-07,1.00421257e-05,-2.68876897e-06
1312,5.248000,-0.000108734734,-0.00724482629,0.000687797088,-0.00176811684,0.00151356449,0.00123662362,-1.2842554e-06,2.34261665e-06,-6.10083225e-06,1.3418159e-07,1.00013458e-05,-2.67632322e-06
1313,5.252000,-0.000111020287,-0.0071736183,0.000680532772,-0.0017774892,0.0015244598,0.00121930533,-1.28008696e-06,2.35911875e-06,-6.08227538e-06,1.34583857e-07,9.95629944e-06,-2.65988115e-06
1314,5.256000,-0.000110696972,-0.0071053165,0.000674745068,-0.00180471083,0.00154455984,0.00119549152,-1.26759232e-06,2.35841298e-06,-6.09685185e-06,1.30489624e-07,9.9080753e-06,-2.64208688e-06
1315,5.260000,-0.000112803711,-0.00703662261,0.000668163877,-0.0018195638,0.00155974389,0.00117342104,-1.27239525e-06,2.3597363e-06,-6.09239896e-06,1.2721766e-07,9.83304926e-06,-2.61257219e-06
1316,5.264000,-0.000116108364,-0.0069700405,0.000658316538,-0.00182942534,0.00157338823,0.00115182076,-1.25650217e-06,2.36302731e-06,-6.0878474e-06,1.27995619e-07,9.84443159e-06,-2.62363255e-06
1317,5.268000,-0.000117869116,-0.00690579787,0.000649651978,-0.00184930488,0.00159195287,0.00112766749,-1.25025167e-06,2.36024266e-06,-6.1114074e-06,1.2821441e-07,9.7920356e-06,-2.60351135e-06
1318,5.272000,-0.000118405093,-0.00684276875,0.000640004408,-0.00186561863,0.00160509977,0.00111021602,-1.24871349e-06,2.35264588e-06,-6.11365749e-06,1.31734595e-07,9.75603416e-06,-2.59279977e-06
1319,5.276000,-0.000120965415,-0.006777131,0.000632874202,-0.00187747693,0.00161864492,0.00109100051,-1.24877715e-06,2.37152835e-06,-6.11156429e-06,1.23884917e-07,9.67531287e-06,-2.5583704e-06
1320,5.280000,-0.000122676895,-0.00671356916,0.000624391716,-0.0018931115,0.00163392478,0.00106790895,-1.24190638e-06,2.3541063e-06,-6.11814858e-06,1.27730914e-07,9.67931737e-06,-2.56652743e-06
1321,5.284000,-0.000277626386,0.0169568006,0.00667860918,-0.00490928814,0.0033830693,0.00204618834,-1.23255165e-06,2.35585026e-06,-6.13209158e-06,1.28178229e-07,9.65325034e-06,-2.56100816e-06
1322,5.288000,-0.000238030771,0.0254407637,0.00657759048,-0.00517917424,0.00334698753,0.00204599649,-1.22334507e-06,2.35583593e-06,-6.12056601e-06,1.22218708e-07,9.59554473e-06,-2.53541953e-06
1323,5.292000,-0.000205356046,0.0293154679,0.00636258535,-0.00535082817,0.00333806407,0.00204593875,-1.22105985e-06,2.35908055e-06,-6.12969779e-06,1.24017177e-07,9.56845815e-06,-2.53164558e-06
1324,5.296000,-0.000186932011,0.0313840955,0.00624097325,-0.00542005897,0.00333811203,0.00204593316,-1.22148913e-06,2.37801692e-06,-6.11222458e-06,1.22695155e-07,9.52365917e-06,-2.51390497e-06
1325,5.300000,-0.000173697947,0.0326329321,0.00616575591,-0.0054618232,0.00334129343,0.00204597786,-1.20670359e-06,2.37044287e-06,-6.11560199e-06,1.28290424e-07,9.60115904e-06,-2.56603744e-06
1326,5.304000,-0.000167005521,0.0336109139,0.00612163544,-0.00547609106,0.00333700888,0.0020460207,-1.20745005e-06,2.36003962e-06,-6.12190706e-06,1.24084977e-07,9.60041689e-06,-2.57272518e-06
1327,5.308000,-0.000158960524,0.0344487578,0.00608252175,-0.00549485162,0.00333373155,0.00204605237,-1.21462097e-06,2.37436439e-06,-6.11594714e-06,1.28754323e-07,9.56585063e-06,-2.55954728e-06
1328,5.312000,-0.000155453803,0.0352090076,0.00604251213,-0.00550161675,0.00332967471,0.00204607844,-1.2028429e-06,2.3561488e-06,-6.09811877e-06,1.3131627e-07,9.63679577e-06,-2.60523893e-06
1329,5.316000,-0.000147782383,0.0359301716,0.006002618,-0.00551838055,0.00332592987,0.0020461008,-1.20308505e-06,2.36678989e-06,-6.10689949e-06,1.30663452e-07,9.63397542e-06,-2.61069158e-06
1330,5.320000,-0.000145125377,0.0366369449,0.00596165657,-0.00551915169,0.00331907114,0.00204611383,-1.20005222e-06,2.34947038e-06,-6.11790938e-06,1.28804601e-07,9.64510127e-06,-2.62543699e-06
1331,5.324000,-0.000136825664,0.0373402759,0.00592788309,-0.00554253161,0.00331885181,0.00204617158,-1.19620961e-06,2.36650499e-06,-6.12009626e-06,1.34384393e-07,9.65246727e-06,-2.63557695e-06
1332,5.328000,-0.000131625507,0.0380317271,0.00588743389,-0.00555305928,0.0033149384,0.00204621255,-1.20142215e-06,2.37123277e-06,-6.12661006e-06,1.35103221e-07,9.61642945e-06,-2.62339222e-06
1333,5.332000,-0.000128457963,0.0387131795,0.00584341772,-0.00555160269,0.00330580818,0.00204620697,-1.20261041e-06,2.36909182e-06,-6.1124224e-06,1.34103303e-07,9.67818505e-06,-2.66443112e-06
1334,5.336000,-0.000121065823,0.0393894613,0.0058083795,-0.00556958467,0.00330332434,0.00204624422,-1.19448168e-06,2.36897699e-06,-6.1142814e-06,1.31363848e-07,9.6872127e-06,-2.67702694e-06
1335,5.340000,-0.000114080205,0.0400635712,0.00577343814,-0.00558743253,0.00330141885,0.00204627588,-1.19059155e-06,2.36905839e-06,-6.11924361e-06,1.33984912e-07,9.6929416e-06,-2.68656572e-06
1336,5.344000,-7.08017033e-05,0.0163988285,-0.00115314638,-0.000378820463,-6.79132063e-05,0.00203467882,-1.20271454e-06,2.33619312e-06,-6.11705082e-06,1.32770651e-07,9.71990357e-06,-2.71105182e-06
1337,5.348000,-0.000112814712,0.00593705568,-0.00120804342,-0.000122881844,-5.07512596e-06,0.00199679006,-1.19749723e-06,2.36717301e-06,-6.13140355e-06,1.3755853e-07,9.72057205e-06,-2.71628005e-06
1338,5.352000,-0.000140082615,0.00172858406,-0.000651341281,-0.00105863484,0.000906250789,0.000923636369,-1.19068432e-06,2.36722985e-06,-6.10348434e-06,1.38769053e-07,9.72809903e-06,-2.72849047e-06
1339,5.356000,-0.000152432622,-8.06130702e-05,-0.000376797165,-0.00134847977,0.00120715192,0.000572607853,-1.19315382e-06,2.35213452e-06,-6.1119822e-06,1.32879904e-07,9.70857036e-06,-2.72265606e-06
1340,5.360000,-0.000157876028,-0.000860781758,-0.000224888092,-0.00148559781,0.00134744856,0.000407544896,-1.18765149e-06,2.3642051e-06,-6.11710811e-06,1.41421751e-07,9.74600607e-06,-2.75050297e-06
1341,5.364000,-0.000162433455,-0.00119628664,-0.000138465781,-0.00155127468,0.00141788274,0.000324125402,-1.18968978e-06,2.36321102e-06,-6.12691156e-06,1.43689491e-07,9.75869716e-06,-2.76546643e-06
1342,5.368000,-0.000164587167,-0.00134273653,-9.48668458e-05,-0.00156365475,0.00143548264,0.000305085909,-1.18553771e-06,2.36520737e-06,-6.12200574e-06,1.41438534e-07,9.76948741e-06,-2.78009065e-06
1343,5.372000,-0.000172502216,-0.00140719768,-8.3898427e-05,-0.00153587153,0.00143085001,0.000302888919,-1.18914818e-06,2.35145285e-06,-6.12160966e-06,1.44828462e-07,9.78362004e-06,-2.7953015e-06
1344,5.376000,-0.000174015411,-0.0014302436,-7.05764396e-05,-0.00154413539,0.00144078385,0.00029432727,-1.19554113e-06,2.35349694e-06,-6.14009423e-06,1.44272917e-07,9.73772876e-06,-2.77914501e-06
1345,5.380000,-0.000177573296,-0.00143525284,-6.56275079e-05,-0.00154595217,0.00144932291,0.00028563058,-1.18256207e-06,2.36619303e-06,-6.1311448e-06,1.46329654e-07,9.80034656e-06,-2.81783127e-06
1346,5.384000,-0.000181918731,-0.00143684889,-6.95423223e-05,-0.00154631166,0.0014587047,0.000272150617,-1.18249136e-06,2.35326752e-06,-6.12177791e-06,1.45231326e-07,9.81153153e-06,-2.83179656e-06
1347,5.388000,-0.000186663878,-0.00143008365,-7.10097374e-05,-0.0015530301,0.00147375767,0.000252577476,-1.18417256e-06,2.35237007e-06,-6.12287795e-06,1.46292933e-07,9.80849109e-06,-2.83602162e-06
1348,5.392000,-0.000189632585,-0.00141787971,-6.82136742e-05,-0.00157308835,0.00149560103,0.000228408258,-1.18613571e-06,2.3509715e-06,-6.1144724e-06,1.43511031e-07,9.79288507e-06,-2.83851341e-06
1349,5.396000,-0.000193689892,-0.00140817009,-7.21485121e-05,-0.00157657766,0.00150646991,0.000214719679,-1.18635569e-06,2.34759477e-06,-6.10750521e-06,1.50445302e-07,9.84518101e-06,-2.87126727e-06
1350,5.400000,-0.000198925205,-0.00139958458,-7.65711302e-05,-0.0015823195,0.00152169215,0.000194782391,-1.17898787e-06,2.34419917e-06,-6.11302494e-06,1.42886861e-07,9.8543851e-06,-2.88421461e-06
1351,5.404000,-0.0286402591,-0.00259460649,-0.00723589119,0.0228469726,-0.0177519843,-0.0294851512,-1.18126718e-06,2.34664662e-06,-6.10299548e-06,1.47171249e-07,9.85118641e-06,-2.88893375e-06
1352,5.408000,-0.0432778709,-0.00127002865,-0.00390117988,0.0222129133,-0.0169239733,-0.0316393971,-1.18681862e-06,2.34481558e-06,-6.10754523e-06,1.47895136e-07,9.87101066e-06,-2.90824892e-06
1353,5.412000,-0.0523803532,-0.00130436139,-0.00262097875,0.02149182,-0.0161322653,-0.0332808793,-1.17366528e-06,2.34356071e-06,-6.1038445e-06,1.51218302e-07,9.88411739e-06,-2.92144091e-06
1354,5.416000,-0.0581762269,-0.00162303355,-0.00237011909,0.0216761716,-0.0161558669,-0.0337219834,-1.17192826e-06,2.34175332e-06,-6.10588722e-06,1.52201423e-07,9.90851004e-06,-2.94323536e-06
1355,5.420000,-0.0619667321,-0.00187325117,-0.00242884061,0.0217982363,-0.0161778145,-0.0340967029,-1.17124353e-06,2.34137315e-06,-6.11328778e-06,1.54864168e-07,9.95527262e-06,-2.97507859e-06
1356,5.424000,-0.064530544,-0.00202346663,-0.00259019248,0.0218764879,-0.0161984432,-0.0344042778,-1.17802563e-06,2.34198001e-06,-6.11865107e-06,1.61167918e-07,9.93213143e-06,-2.96994767e-06
1357,5.428000,-0.0663283914,-0.00209366321,-0.00276306528,0.021918321,-0.016218232,-0.0346384048,-1.17960508e-06,2.34447657e-06,-6.11675296e-06,1.54848081e-07,9.93116919e-06,-2.97690167e-06
1358,5.432000,-0.0676474124,-0.00211883709,-0.00291374279,0.0219406933,-0.0162372924,-0.0348502845,-1.17374009e-06,2.34631716e-06,-6.10763391e-06,1.59506087e-07,9.93896538e-06,-2.98884834e-06
1359,5.436000,-0.0686624423,-0.00211702776,-0.00303203636,0.0219629277,-0.0162556972,-0.0350542367,-1.19124502e-06,2.35928997e-06,-6.10473262e-06,1.54639011e-07,9.89980526e-06,-2.97628912e-06
1360,5.440000,-0.069478035,-0.0021015103,-0.00311636971,0.0219701678,-0.016273709,-0.0352406949,-1.18219646e-06,2.34423123e-06,-6.11427367e-06,1.60455784e-07,9.95702067e-06,-3.01186651e-06
1361,5.444000,-0.0701632202,-0.00208201911,-0.00317272916,0.0219629891,-0.0162914749,-0.0354087502,-1.17181628e-06,2.35773086e-06,-6.10179313e-06,1.55001231e-07,9.95897699e-06,-3.02062745e-06
1362,5.448000,-0.0707619563,-0.00206267997,-0.00321208942,0.0219591018,-0.016308995,-0.0355694741,-1.16367062e-06,2.35464427e-06,-6.09710241e-06,1.61326838e-07,9.97415918e-06,-3.0342087e-06
1363,5.452000,-0.0713013262,-0.00204229308,-0.0032334791,0.0219489578,-0.0163264088,-0.0357239395,-1.16144236e-06,2.33692776e-06,-6.09411563e-06,1.5511651e-07,9.96537437e-06,-3.0365336e-06
1364,5.456000,-0.0717995465,-0.00202557212,-0.00324771507,0.0219383761,-0.0163437184,-0.0358795971,-1.16869023e-06,2.34150207e-06,-6.11455289e-06,1.59352652e-07,9.92541754e-06,-3.02237845e-06
1365,5.460000,-0.0722689256,-0.00201092381,-0.00325705297,0.0219398066,-0.0163608585,-0.0360336304,-1.1793777e-06,2.35635753e-06,-6.11507585e-06,1.56832726e-07,9.98352061e-06,-3.06288462e-06
1366,5.464000,-0.111922882,-0.00130711752,-0.00681180647,0.0238571428,-0.0197380893,-0.209670112,-1.16521471e-06,2.35791822e-06,-6.10975485e-06,1.57767246e-07,9.99004624e-06,-3.07207006e-06
1367,5.468000,-0.131893992,0.000676514115,-0.00243084691,0.0231875163,-0.018772088,-0.211996242,-1.16105809e-06,2.3420107e-06,-6.11194446e-06,1.57853975e-07,9.99249369e-06,-3.07945106e-06
1368,5.472000,-0.144141793,0.000720107695,-0.000731391367,0.022318434,-0.0177691393,-0.213912606,-1.18295213e-06,2.35690072e-06,-6.10898724e-06,1.57677547e-07,9.99131043e-06,-3.08653171e-06
1369,5.476000,-0.151780471,0.000524048926,5.50225377e-06,0.0210286286,-0.0165215768,-0.215967938,-1.16971478e-06,2.34236086e-06,-6.11417636e-06,1.59792492e-07,9.9810859e-06,-3.08553172e-06
1370,5.480000,-0.1566502,0.000228149816,-7.1849674e-05,0.0212044343,-0.0165616237,-0.216320872,-1.16134663e-06,2.35405741e-06,-6.09792505e-06,1.62315871e-07,9.99261556e-06,-3.09818438e-06
1371,5.484000,-0.159804821,4.10843641e-05,-0.000281447079,0.0212996453,-0.0165997241,-0.216595843,-1.16119816e-06,2.35120433e-06,-6.09585868e-06,1.63063419e-07,9.99866461e-06,-3.10977521e-06
1372,5.488000,-0.161900833,-5.90903219e-05,-0.000517934561,0.0213588681,-0.0166364536,-0.216802031,-1.17176262e-06,2.31727677e-06,-6.10619918e-06,1.67070837e-07,9.98914857e-06,-3.10826931e-06
1373,5.492000,-0.16333662,-0.000100422651,-0.000724785496,0.02138873,-0.01667233,-0.216963291,-1.16475132e-06,2.34841355e-06,-6.11513769e-06,1.63621849e-07,1.00005127e-05,-3.12224574e-06
1374,5.496000,-0.164353386,-0.00010572304,-0.000890440773,0.0214074664,-0.0167074837,-0.217097387,-1.16447109e-06,2.3365244e-06,-6.09666949e-06,1.61030798e-07,9.96852486e-06,-3.10935752e-06
1375,5.500000,-0.165101826,-9.4121322e-05,-0.0010112524,0.0214096773,-0.0167420544,-0.217210352,-1.17451225e-06,2.34216873e-06,-6.10510051e-06,1.57046443e-07,9.8988985e-06,-3.07587379e-06
1376,5.504000,-0.165676564,-7.75994267e-05,-0.00109644327,0.0213972535,-0.0167762488,-0.217319444,-1.16522165e-06,2.35451944e-06,-6.10409052e-06,1.68669928e-07,9.93696995e-06,-3.10058476e-06
1377,5.508000,-0.166138217,-6.01548236e-05,-0.00115655689,0.0213858113,-0.0168100819,-0.217417479,-1.15764954e-06,2.34274785e-06,-6.12720987e-06,1.5430625e-07,9.89500404e-06,-3.08092058e-06
1378,5.512000,-0.166524902,-4.19477001e-05,-0.00119453156,0.0213728528,-0.0168437362,-0.217509061,-1.15726107e-06,2.34565528e-06,-6.12100848e-06,1.56258196e-07,9.87602471e-06,-3.07685809e-06
1379,5.516000,-0.166860148,-2.51184683e-05,-0.00121872686,0.0213533156,-0.0168772973,-0.217590183,-1.1519146e-06,2.35775065e-06,-6.10289999e-06,1.61427664e-07,9.90076933e-06,-3.0945489e-06
1380,5.520000,-0.16716066,-1.41812488e-05,-0.00123452395,0.0213304721,-0.0169107635,-0.217683181,-1.15065961e-06,2.34487334e-06,-6.12396389e-06,1.61155697e-07,9.8391447e-06,-3.06393986e-06
1381,5.524000,-0.202341646,0.000997248571,-0.00513169449,0.022091167,-0.0194802973,-0.391510695,-1.14684133e-06,2.34872869e-06,-6.12263602e-06,1.60391636e-07,9.80099594e-06,-3.04906484e-06
1382,5.528000,-0.219539985,0.00308330427,-0.00140305143,0.0217065904,-0.0187788755,-0.393311083,-1.14442855e-06,2.34326467e-06,-6.11322866e-06,1.62270865e-07,9.83036898e-06,-3.06938705e-06
1383,5.532000,-0.230044857,0.00331356656,9.13040712e-05,0.0206475928,-0.0176119283,-0.395310611,-1.14544071e-06,2.36112783e-06,-6.09932067e-06,1.62953725e-07,9.77236505e-06,-3.04228729e-06
1384,5.536000,-0.236573875,0.00312613603,0.000487531535,0.0202604439,-0.0171341691,-0.39629519,-1.14387285e-06,2.36116625e-06,-6.09261224e-06,1.61303149e-07,9.73466558e-06,-3.02629223e-06
1385,5.540000,-0.240698323,0.00289450446,0.000373453833,0.0204090774,-0.0171896461,-0.396556735,-1.13619376e-06,2.35877496e-06,-6.09491099e-06,1.59501994e-07,9.72522776e-06,-3.02725289e-06
1386,5.544000,-0.243342698,0.00274449447,0.000144916587,0.0204900615,-0.0172433145,-0.396754265,-1.15001262e-06,2.36261712e-06,-6.09374501e-06,1.58196656e-07,9.64299761e-06,-2.98545001e-06
1387,5.548000,-0.245071471,0.0026746667,-8.63308087e-05,0.0205279775,-0.0172957908,-0.396886885,-1.15192279e-06,2.34727031e-06,-6.11382802e-06,1.52501627e-07,9.66654989e-06,-3.00459442e-06
1388,5.552000,-0.246225521,0.00265581952,-0.000286865048,0.0205439217,-0.0173474271,-0.396968901,-1.13363467e-06,2.34880713e-06,-6.1001665e-06,1.54258444e-07,9.6579779e-06,-3.00422698e-06
1389,5.556000,-0.247015923,0.00266625546,-0.0004382357,0.0205382034,-0.01739843,-0.397018552,-1.12831401e-06,2.34901154e-06,-6.10839925e-06,1.52951586e-07,9.61437399e-06,-2.98185637e-06
1390,5.560000,-0.247572452,0.00268624746,-0.000555387698,0.0205241218,-0.0174488276,-0.397072315,-1.12485657e-06,2.35085599e-06,-6.11866653e-06,1.54204798e-07,9.59260433e-06,-2.97618908e-06
1391,5.564000,-0.247979462,0.00271038688,-0.000641062856,0.0205084328,-0.0174986869,-0.397116363,-1.14263889e-06,2.36816868e-06,-6.10417146e-06,1.50443952e-07,9.52334995e-06,-2.94457777e-06
1392,5.568000,-0.248285919,0.00274130167,-0.00069581531,0.02048002,-0.0175483078,-0.397152871,-1.1282533e-06,2.36683536e-06,-6.11658152e-06,1.51578959e-07,9.54987081e-06,-2.96147869e-06
1393,5.572000,-0.248528242,0.00276646414,-0.000732406974,0.020446999,-0.0175977908,-0.397176892,-1.11581551e-06,2.33991773e-06,-6.10705047e-06,1.50543812e-07,9.51865695e-06,-2.94712231e-06
1394,5.576000,-0.249055505,0.0030235243,-0.000656466931,0.0226297751,-0.0194237977,-0.406845212,-1.11729696e-06,2.36825258e-06,-6.10933512e-06,1.50540899e-07,9.50028425e-06,-2.94328311e-06
1395,5.580000,-0.249282986,0.00290403841,-0.000853273086,0.0225439705,-0.01950166,-0.409758896,-1.1153686e-06,2.36871801e-06,-6.09833614e-06,1.48973342e-07,9.52827941e-06,-2.96234271e-06
1396,5.584000,-0.281390727,0.00361576676,-0.00613508839,0.0203367472,-0.0196423717,-0.584283233,-1.10946792e-06,2.36631104e-06,-6.08928076e-06,1.52219542e-07,9.48116121e-06,-2.94257347e-06
1397,5.588000,-0.296598017,0.00590903219,-0.00328142755,0.0207981765,-0.0197409783,-0.584547818,-1.11042982e-06,2.36792584e-06,-6.09558492e-06,1.48692877e-07,9.42879069e-06,-2.91740184e-06
1398,5.592000,-0.305867285,0.00622601667,-0.00237326045,0.0210054889,-0.0197473634,-0.585097849,-1.10544227e-06,2.37056383e-06,-6.09731251e-06,1.4745099e-07,9.45518696e-06,-2.93591847e-06
1399,5.596000,-0.311585873,0.00634888606,-0.00173229352,0.0193025358,-0.0180270821,-0.587506473,-1.11307611e-06,2.33878404e-06,-6.09774042e-06,1.49490361e-07,9.40165319e-06,-2.91229253e-06
1400,5.600000,-0.315187246,0.00623348542,-0.00187484827,0.0194224827,-0.0180947408,-0.587720215,-1.10779638e-06,2.33705759e-06,-6.09131939e-06,1.45949571e-07,9.36372726e-06,-2.89649938e-06
1401,5.604000,-0.317478955,0.00614937861,-0.00211897027,0.0194750689,-0.0181635506,-0.587871313,-1.09634686e-06,2.33617652e-06,-6.09887456e-06,1.48447597e-07,9.33128922e-06,-2.8807433e-06
1402,5.608000,-0.318951696,0.00612059841,-0.00235964917,0.0194958746,-0.0182320587,-0.587916672,-1.11552833e-06,2.37151858e-06,-6.08428991e-06,1.47019307e-07,9.26556459e-06,-2.8528957e-06
1403,5.612000,-0.319915801,0.00612555537,-0.00256981887,0.019499775,-0.0182993282,-0.587953746,-1.09026632e-06,2.35283483e-06,-6.10185316e-06,1.46246023e-07,9.35145636e-06,-2.90121966e-06
1404,5.616000,-0.320554614,0.00615695212,-0.00273227133,0.0194760635,-0.0183652993,-0.58797127,-1.0970964e-06,2.36220103e-06,-6.09585322e-06,1.46938618e-07,9.26876328e-06,-2.86130717e-06
1405,5.620000,-0.320981205,0.00620003324,-0.00285069086,0.0194464326,-0.0184304006,-0.587976456,-1.08742154e-06,2.36162532e-06,-6.1042515e-06,1.4533893e-07,9.23897369e-06,-2.84831367e-06
1406,5.624000,-0.321272194,0.00624369876,-0.00293664262,0.0193950832,-0.0184950735,-0.587973475,-1.08478002e-06,2.37669406e-06,-6.09939161e-06,1.44773779e-07,9.21715855e-06,-2.8420252e-06
1407,5.628000,-0.321475923,0.00628587417,-0.00300182216,0.0193521325,-0.0185594521,-0.587961137,-1.10487645e-06,2.36507003e-06,-6.08301298e-06,1.42669364e-07,9.14914563e-06,-2.81157099e-06
1408,5.632000,-0.321619898,0.00632803002,-0.00304974057,0.0193013195,-0.0186236426,-0.587943971,-1.09050211e-06,2.37332097e-06,-6.08425762e-06,1.41947936e-07,9.18935439e-06,-2.83516783e-06
1409,5.636000,-0.32172662,0.00636538211,-0.00308555923,0.0192434508,-0.0186877269,-0.587933421,-1.07792505e-06,2.36265487e-06,-6.08590381e-06,1.44916939e-07,9.16176305e-06,-2.82533756e-06
1410,5.640000,-0.321808189,0.00640064385,-0.00311492197,0.0191956088,-0.0187514946,-0.587923288,-1.09701671e-06,2.36468736e-06,-6.08413529e-06,1.3866908e-07,9.07787216e-06,-2.78606922e-06
1411,5.644000,-0.350266129,0.00547043886,-0.0115720648,0.0206544381,-0.0226895455,-0.751680076,-1.09577536e-06,2.37754807e-06,-6.09349445e-06,1.3483637e-07,9.10651397e-06,-2.80535028e-06
1412,5.648000,-0.363141716,0.00802970864,-0.00887094624,0.0182719193,-0.0199711937,-0.755260766,-1.0762667e-06,2.37992822e-06,-6.10791358e-06,1.35912671e-07,9.09583014e-06,-2.80348809e-06
1413,5.652000,-0.371014267,0.00864935201,-0.00810859166,0.0174981318,-0.0190048646,-0.756607413,-1.06935215e-06,2.38371649e-06,-6.11361475e-06,1.35254851e-07,9.05335855e-06,-2.78367156e-06
1414,5.656000,-0.375894815,0.00868474878,-0.00817675702,0.017668508,-0.0190906692,-0.756789863,-1.06552227e-06,2.37168956e-06,-6.10732377e-06,1.34312188e-07,9.02942884e-06,-2.77557137e-06
1415,5.660000,-0.378956914,0.00862460211,-0.00845120661,0.0177574418,-0.0191745013,-0.756919861,-1.0792005e-06,2.37326162e-06,-6.09506287e-06,1.36551904e-07,8.96405436e-06,-2.74372587e-06
1416,5.664000,-0.380900234,0.00858956017,-0.00876359828,0.0177933518,-0.0192563348,-0.756987333,-1.06723087e-06,2.38310054e-06,-6.08013443e-06,1.39495668e-07,8.98590588e-06,-2.75976572e-06
1417,5.668000,-0.38214469,0.00858832244,-0.00905034319,0.0178004503,-0.0193365924,-0.757028699,-1.06305754e-06,2.38036e-06,-6.09848075e-06,1.34236032e-07,8.96306483e-06,-2.75202956e-06
1418,5.672000,-0.382943958,0.008618325,-0.00928427279,0.0177740715,-0.0194157623,-0.757029116,-1.05742504e-06,2.38398411e-06,-6.10514508e-06,1.35935394e-07,8.93708966e-06,-2.74204308e-06
1419,5.676000,-0.383457661,0.00865337346,-0.00947941653,0.0177364796,-0.019494094,-0.757020891,-1.06380378e-06,2.3893158e-06,-6.09867857e-06,1.32426962e-07,8.86807084e-06,-2.70948976e-06
1420,5.680000,-0.383786738,0.00870375521,-0.00962493941,0.0176835936,-0.0195717961,-0.756984055,-1.05451932e-06,2.39045926e-06,-6.10638199e-06,1.40741506e-07,8.90747651e-06,-2.7366832e-06
1421,5.684000,-0.383996099,0.00874727219,-0.00974408351,0.0176195446,-0.0196490083,-0.756960392,-1.05155777e-06,2.39233896e-06,-6.11262567e-06,1.36848726e-07,8.88421346e-06,-2.72836132e-06
1422,5.688000,-0.384125531,0.0087918276,-0.00983947329,0.0175527576,-0.019725807,-0.756910682,-1.04869309e-06,2.39363408e-06,-6.11973564e-06,1.36519631e-07,8.84413112e-06,-2.70972987e-06
1423,5.692000,-0.384204477,0.00883521885,-0.00991784967,0.0174875855,-0.0198021792,-0.75686878,-1.0605529e-06,2.39443057e-06,-6.12223857e-06,1.32522516e-07,8.78700121e-06,-2.6855173e-06
1424,5.696000,-0.384248018,0.0088751968,-0.00998319685,0.0174093992,-0.0198782776,-0.756817818,-1.05434663e-06,2.39431074e-06,-6.12371514e-06,1.39478232e-07,8.80162952e-06,-2.69428961e-06
1425,5.700000,-0.384269446,0.00891471002,-0.010038076,0.017329542,-0.0199541617,-0.756771922,-1.0393195e-06,2.39641713e-06,-6.12442318e-06,1.29944567e-07,8.77181537e-06,-2.68326585e-06
1426,5.704000,-0.409229636,0.00602527801,-0.0215066411,0.018119527,-0.0236082822,-0.898254156,-1.03602838e-06,2.39747101e-06,-6.12137455e-06,1.3303287e-07,8.74809484e-06,-2.67556243e-06
1427,5.708000,-0.420151174,0.00856232736,-0.0198263936,0.0155689232,-0.0204621274,-0.901815772,-1.04794765e-06,2.39903852e-06,-6.11676796e-06,1.2919935e-07,8.68172083e-06,-2.6428504e-06
1428,5.712000,-0.42684707,0.00926059112,-0.0196849238,0.015520677,-0.0202370435,-0.902338803,-1.03132083e-06,2.3973621e-06,-6.09482413e-06,1.32610495e-07,8.70013173e-06,-2.65622521e-06
1429,5.716000,-0.431004167,0.00940462667,-0.0199732687,0.0156574659,-0.0203320198,-0.902481794,-1.02969466e-06,2.39364385e-06,-6.09221388e-06,1.31070919e-07,8.67786275e-06,-2.64950654e-06
1430,5.720000,-0.433625847,0.00940753892,-0.0203811489,0.0157264806,-0.0204243995,-0.902580142,-1.02364402e-06,2.39214069e-06,-6.10604138e-06,1.28792138e-07,8.65377933e-06,-2.64107075e-06
1431,5.724000,-0.435292184,0.00940184481,-0.0207797419,0.0157435648,-0.0205146,-0.902622819,-1.0283361e-06,2.39627047e-06,-6.11029827e-06,1.34310866e-07,8.6481341e-06,-2.64198979e-06
1432,5.728000,-0.436355561,0.00941277016,-0.021122817,0.0157239381,-0.0206031837,-0.902637661,-1.02402601e-06,2.39803262e-06,-6.10511779e-06,1.33038938e-07,8.62256729e-06,-2.63215384e-06
1433,5.732000,-0.43703115,0.00942795444,-0.0214203093,0.0156840142,-0.0206905082,-0.902628064,-1.02084971e-06,2.39601582e-06,-6.11268433e-06,1.32030152e-07,8.58635394e-06,-2.61707601e-06
1434,5.736000,-0.437455684,0.00945720822,-0.0216579456,0.0156228635,-0.0207769871,-0.902587652,-1.03564707e-06,2.39790575e-06,-6.08989194e-06,1.27067523e-07,8.51462937e-06,-2.58486671e-06
1435,5.740000,-0.437715977,0.0094826417,-0.0218572505,0.0155454706,-0.0208627172,-0.902541935,-1.01660964e-06,2.38397956e-06,-6.10168399e-06,1.31325422e-07,8.55323105e-06,-2.60835395e-06
1436,5.744000,-0.43786943,0.00950972177,-0.0220256094,0.0154676959,-0.0209477786,-0.902487934,-1.01582134e-06,2.3865166e-06,-6.08936489e-06,1.27308766e-07,8.51723416e-06,-2.59254489e-06
1437,5.748000,-0.437950015,0.00952829793,-0.0221760012,0.0153744705,-0.0210323185,-0.902428865,-1.00790953e-06,2.37871518e-06,-6.10517782e-06,1.27898105e-07,8.50550987e-06,-2.59105582e-06
1438,5.752000,-0.437985569,0.00954475999,-0.0223093927,0.0152896959,-0.0211162735,-0.902377844,-1.00671855e-06,2.39977999e-06,-6.11225187e-06,1.23789448e-07,8.46780858e-06,-2.57525789e-06
1439,5.756000,-0.43798995,0.00954958238,-0.0224451143,0.015215056,-0.0211997647,-0.902319372,-1.01785827e-06,2.4065364e-06,-6.10455163e-06,1.20077928e-07,8.40025132e-06,-2.54257543e-06
1440,5.760000,-0.43797341,0.00957755744,-0.0225374047,0.0151024256,-0.021282915,-0.902266145,-1.01072374e-06,2.4031508e-06,-6.08649952e-06,1.20592659e-07,8.43849648e-06,-2.5675306e-06
1441,5.764000,-0.459938705,0.00501075201,-0.0371343829,0.0148210786,-0.0241384525,-1.01975405,-1.0003123e-06,2.39961264e-06,-6.07034099e-06,1.20478276e-07,8.41337624e-06,-2.5583513e-06
1442,5.768000,-0.469244242,0.00736183766,-0.0377646163,0.0128492471,-0.0214813258,-1.0220772,-9.99597773e-07,2.39723749e-06,-6.06553704e-06,1.18167243e-07,8.37647985e-06,-2.54282941e-06
1443,5.772000,-0.47493279,0.0082858149,-0.0389639549,0.0130118746,-0.0215826314,-1.02213907,-9.97647248e-07,2.39477413e-06,-6.07770471e-06,1.2690964e-07,8.40366829e-06,-2.56132626e-06
1444,5.776000,-0.478506476,0.00849263091,-0.0404272079,0.0131939109,-0.0216815136,-1.0224849,-9.93893309e-07,2.40112172e-06,-6.08909386e-06,1.24900268e-07,8.32716614e-06,-2.52324094e-06
1445,5.780000,-0.480777621,0.00855573267,-0.0417016447,0.0133018903,-0.0217774399,-1.02274823,-9.92030664e-07,2.38868279e-06,-6.09276958e-06,1.25010558e-07,8.30354929e-06,-2.51446568e-06
1446,5.784000,-0.482233703,0.00857989304,-0.0427638441,0.0133410525,-0.021871103,-1.02292335,-9.86841769e-07,2.40226586e-06,-6.07740412e-06,1.23748507e-07,8.28144948e-06,-2.50839776e-06
1447,5.788000,-0.483166814,0.00859239139,-0.0436355472,0.0133303199,-0.0219629705,-1.02302814,-1.00454849e-06,2.39156998e-06,-6.0819184e-06,1.17168767e-07,8.21065987e-06,-2.47684079e-06
1448,5.792000,-0.483762771,0.00859887432,-0.0443543307,0.0133052319,-0.0220534112,-1.02311301,-9.87029807e-07,2.38743064e-06,-6.08072423e-06,1.19765161e-07,8.23624305e-06,-2.49182699e-06
1449,5.796000,-0.484133691,0.00860030577,-0.0449413173,0.0132429581,-0.0221429169,-1.02314854,-9.78730327e-07,2.38649386e-06,-6.09014069e-06,1.23750766e-07,8.22688435e-06,-2.49285517e-06
1450,5.800000,-0.484357297,0.00858557224,-0.0454454422,0.0131900646,-0.0222312976,-1.02317119,-9.9870806e-07,2.39083829e-06,-6.09326253e-06,1.19762532e-07,8.14250689e-06,-2.45253727e-06
1451,5.804000,-0.484481961,0.00858247746,-0.045846466,0.0131022148,-0.0223189611,-1.02319098,-9.68722361e-07,2.40616896e-06,-6.09469453e-06,1.19327041e-07,8.22490983e-06,-2.49950881e-06
1452,5.808000,-0.484541595,0.00856629014,-0.0461979024,0.0130186081,-0.0224058535,-1.02319932,-9.76055844e-07,2.40849295e-06,-6.0763814e-06,1.17177336e-07,8.14171653e-06,-2.45873844e-06
1453,5.812000,-0.484555274,0.00854829047,-0.0464969426,0.0129258484,-0.0224922076,-1.02317834,-9.69587745e-07,2.40402619e-06,-6.08128767e-06,1.1472617e-07,8.13280622e-06,-2.45964679e-06
1454,5.816000,-0.484541595,0.00852090772,-0.0467672497,0.012830995,-0.0225779116,-1.02316797,-9.66717835e-07,2.40721806e-06,-6.07030688e-06,1.16267572e-07,8.09228641e-06,-2.44057651e-06
1455,5.820000,-0.484506845,0.0084964307,-0.0470029637,0.0127240214,-0.0226629991,-1.02313423,-9.73196848e-07,2.39637461e-06,-6.08706887e-06,1.12785671e-07,8.02476734e-06,-2.40837085e-06
1456,5.824000,-0.504105449,0.000869546086,-0.065787442,0.0121382102,-0.0245560259,-1.13393497,-9.7729162e-07,2.39609631e-06,-6.07722723e-06,1.103651e-07,8.04859155e-06,-2.42686701e-06
1457,5.828000,-0.511861801,0.00317491218,-0.0680299699,0.011179544,-0.0228583384,-1.13541734,-9.57099815e-07,2.40855024e-06,-6.07899392e-06,1.18925726e-07,8.01967235e-06,-2.41293219e-06
1458,5.832000,-0.516615272,0.00481904671,-0.0698940307,0.0114129707,-0.022958843,-1.13572609,-9.74015165e-07,2.41222597e-06,-6.09753397e-06,1.11470143e-07,7.95041342e-06,-2.38277084e-06
1459,5.836000,-0.51964587,0.00540005416,-0.0719998032,0.0116202906,-0.0230567493,-1.13621008,-9.55871997e-07,2.41443149e-06,-6.09709832e-06,1.14900658e-07,8.02745308e-06,-2.42707688e-06
1460,5.840000,-0.521582305,0.00564442389,-0.0737182572,0.0117219649,-0.0231517535,-1.13652229,-9.54528673e-07,2.41350745e-06,-6.08983919e-06,1.10058131e-07,7.97027315e-06,-2.40149734e-06
1461,5.844000,-0.522830248,0.00576598383,-0.075049907,0.0117621571,-0.0232443232,-1.13671052,-9.5201608e-07,2.41708199e-06,-6.09832887e-06,1.10885651e-07,7.92973151e-06,-2.38237635e-06
1462,5.848000,-0.523635864,0.00584472157,-0.0760495067,0.0117438436,-0.0233348459,-1.13687301,-9.4590672e-07,2.41912289e-06,-6.09406243e-06,1.09751952e-07,7.9043175e-06,-2.3732548e-06
1463,5.852000,-0.524150312,0.00587999448,-0.0768233314,0.0116979368,-0.0234239474,-1.13696611,-9.57701332e-07,2.40492432e-06,-6.08478922e-06,1.07236872e-07,7.88782472e-06,-2.36860615e-06
1464,5.856000,-0.524468899,0.00588954426,-0.077418074,0.0116369277,-0.0235118922,-1.13701761,-9.49893604e-07,2.40347708e-06,-6.07292168e-06,1.08602976e-07,7.86222427e-06,-2.3589223e-06
1465,5.860000,-0.524658144,0.00587666035,-0.077880621,0.0115495697,-0.0235987231,-1.137043,-9.35852881e-07,2.39929045e-06,-6.07921402e-06,1.07942931e-07,7.84903295e-06,-2.35771586e-06
1466,5.864000,-0.52475816,0.00585482828,-0.0782410055,0.0114485621,-0.0236844923,-1.13704574,-9.58548412e-07,2.40375448e-06,-6.07494349e-06,1.0303831e-07,7.76720663e-06,-2.3184673e-06
1467,5.868000,-0.524799466,0.00581803359,-0.0785313398,0.0113540068,-0.0237692297,-1.13705707,-9.47488502e-07,2.40509689e-06,-6.08166147e-06,1.08984899e-07,7.79425227e-06,-2.3352377e-06
1468,5.872000,-0.524800181,0.00577530079,-0.0787649006,0.011246372,-0.0238531083,-1.13704658,-9.3648913e-07,2.4090541e-06,-6.08241407e-06,1.10201931e-07,7.76715387e-06,-2.32487719e-06
1469,5.876000,-0.524773538,0.00572999008,-0.0789549351,0.0111326985,-0.0239361189,-1.13702488,-9.2909147e-07,2.40505847e-06,-6.08477421e-06,1.1331101e-07,7.75787612e-06,-2.32564912e-06
1470,5.880000,-0.52472806,0.00567085668,-0.0791250914,0.0110203326,-0.0240182895,-1.137012,-9.42484576e-07,2.40738314e-06,-6.07332231e-06,1.07094941e-07,7.71817668e-06,-2.30707769e-06
1471,5.884000,-0.542700887,-0.00681371056,-0.102131858,0.0108440593,-0.0256724767,-1.25258851,-9.35234311e-07,2.4062133e-06,-6.0875559e-06,1.06870779e-07,7.65126879e-06,-2.27519558e-06
1472,5.888000,-0.549085855,-0.00648325495,-0.105573826,0.0101558119,-0.0242019072,-1.25382054,-9.2975381e-07,2.39369433e-06,-6.09989684e-06,1.0963339e-07,7.67632264e-06,-2.29320017e-06
1473,5.892000,-0.553011894,-0.00558006577,-0.107444346,0.0103398636,-0.0242977608,-1.25406587,-9.14938596e-07,2.39293126e-06,-6.10019561e-06,1.07707564e-07,7.67645361e-06,-2.29913894e-06
1474,5.896000,-0.55553484,-0.00485043786,-0.108881779,0.0104406178,-0.024390975,-1.25428414,-9.27371332e-07,2.39703536e-06,-6.09875178e-06,1.05340973e-07,7.57986027e-06,-2.24990231e-06
1475,5.900000,-0.557185054,-0.00432002544,-0.110053174,0.0104721449,-0.0244808197,-1.25445974,-9.31141585e-07,2.40995291e-06,-6.07386892e-06,1.00621335e-07,7.60344528e-06,-2.2680963e-06
1476,5.904000,-0.558263898,-0.00393982045,-0.111001462,0.010456115,-0.0245677885,-1.25458169,-9.18733008e-07,2.42307306e-06,-6.08422306e-06,1.09050937e-07,7.58240822e-06,-2.25952658e-06
1477,5.908000,-0.558963418,-0.00367945991,-0.111754179,0.0104046613,-0.0246526375,-1.25466597,-9.03726914e-07,2.42400074e-06,-6.07744323e-06,1.04889153e-07,7.58302667e-06,-2.26659381e-06
1478,5.912000,-0.559410989,-0.00351736881,-0.112356856,0.0103353113,-0.024735745,-1.25473392,-9.06876153e-07,2.4251251e-06,-6.08217351e-06,1.05033088e-07,7.53068889e-06,-2.24048404e-06
1479,5.916000,-0.559686244,-0.00343652256,-0.112838313,0.0102434717,-0.0248174109,-1.25477695,-9.052103e-07,2.40970576e-06,-6.07163929e-06,9.54323411e-08,7.50855315e-06,-2.2322713e-06
1480,5.920000,-0.559845269,-0.00342945196,-0.113238692,0.0101518035,-0.0248976853,-1.25479722,-9.05376169e-07,2.40948771e-06,-6.06647427e-06,1.03984021e-07,7.49967967e-06,-2.23191091e-06
1481,5.924000,-0.559925973,-0.00346223637,-0.113545969,0.0100319199,-0.0249767005,-1.2548219,-8.94996219e-07,2.42520355e-06,-6.07722541e-06,1.03611292e-07,7.45720081e-06,-2.21265009e-06
1482,5.928000,-0.559954107,-0.00354356878,-0.113807254,0.00991379097,-0.0250545628,-1.2548331,-9.07119556e-07,2.42624083e-06,-6.09030712e-06,1.00522634e-07,7.38648123e-06,-2.18134483e-06
1483,5.932000,-0.559943974,-0.00366112217,-0.114023656,0.00978760794,-0.025131423,-1.25482655,-9.03342311e-07,2.43259001e-06,-6.08881646e-06,9.89826034e-08,7.41675558e-06,-2.19947333e-06
1484,5.936000,-0.559912622,-0.0038093403,-0.11421407,0.00966862589,-0.0252070241,-1.25484085,-8.92104197e-07,2.43401723e-06,-6.08737173e-06,1.01095601e-07,7.38846984e-06,-2.18796822e-06
1485,5.940000,-0.559864938,-0.00397507101,-0.114376284,0.0095474124,-0.0252815336,-1.25486302,-8.92800358e-07,2.43495742e-06,-6.0877569e-06,9.85033779e-08,7.36894526e-06,-2.1829419e-06
1486,5.944000,-0.399303198,0.0164430477,-0.042214103,0.00750922784,0.00236560777,-0.00219884515,-9.02927297e-07,2.43541717e-06,-6.08696382e-06,9.66712435e-08,7.36152197e-06,-2.18616015e-06
1487,5.948000,-0.293911904,0.00739724468,-0.0271160882,0.00774098793,0.00210830569,-0.00219596922,-8.85517863e-07,2.43595605e-06,-6.07287257e-06,9.87308653e-08,7.33450997e-06,-2.17276602e-06
1488,5.952000,-0.188943148,0.00253187213,-0.0180345587,0.00884554908,0.0014645271,-0.00219332054,-8.86269447e-07,2.43473733e-06,-6.08167875e-06,1.01122282e-07,7.29844578e-06,-2.15672981e-06
1489,5.956000,-0.10671252,-0.000212837651,-0.0155344531,0.0102050146,0.00331854448,-0.00218582526,-8.81591063e-07,2.43697514e-06,-6.07774291e-06,1.0142022e-07,7.27412316e-06,-2.1483263e-06
1490,5.960000,-0.0591797456,-0.00263122492,-0.0166706294,0.00658702105,0.00346167572,-0.00218264386,-8.92390062e-07,2.43832983e-06,-6.08762048e-06,9.31857684e-08,7.19997661e-06,-2.11439283e-06
1491,5.964000,-0.0293297973,-0.0026333353,-0.0155704925,0.00419953559,0.00413079746,-0.00217924174,-8.71594636e-07,2.43376803e-06,-6.08694427e-06,9.34454576e-08,7.27505676e-06,-2.15750038e-06
1492,5.968000,-0.00981950946,-0.00182614545,-0.0128627419,0.00210809289,0.00483712694,-0.00217649108,-8.73688521e-07,2.42366536e-06,-6.06973481e-06,9.40854576e-08,7.21832475e-06,-2.13133512e-06
1493,5.972000,-0.000735917245,-0.00199775374,-0.0111892987,-7.99875706e-05,0.00334500079,-0.00217868737,-8.70929341e-07,2.41939483e-06,-6.06818503e-06,8.97221071e-08,7.1798695e-06,-2.11452038e-06
1494,5.976000,-0.000194277614,-0.00182732916,-0.00969957002,-0.00119131943,0.00313799619,-0.0020702756,-8.64203116e-07,2.42051215e-06,-6.06192998e-06,9.13933889e-08,7.15504575e-06,-2.10554458e-06
1495,5.980000,1.76485628e-06,-0.00191084133,-0.00863131788,0.00085909199,-0.00212692493,0.00218089949,-8.6798201e-07,2.42314059e-06,-6.06821459e-06,9.3515041e-08,7.08374273e-06,-2.07198536e-06
1496,5.984000,9.52204573e-05,-0.00205184473,-0.00753202941,0.000658995006,-0.00213250052,0.00218102033,-8.71006705e-07,2.42041278e-06,-6.07026141e-06,9.30512982e-08,7.09785081e-06,-2.08168058e-06
1497,5.988000,0.000142829842,-0.00224289135,-0.00687268702,0.000559053849,-0.00213534012,0.00218113582,-8.51326263e-07,2.42235069e-06,-6.054805e-06,9.12639067e-08,7.0946935e-06,-2.08552456e-06
1498,5.992000,0.000165035366,-0.00239937007,-0.00647158828,0.000515676569,-0.00213980721,0.00218127179,-8.73215072e-07,2.40571194e-06,-6.07047286e-06,8.9066404e-08,7.01447561e-06,-2.04882781e-06
1499,5.996000,0.000171346532,-0.00251143868,-0.00621940102,0.000507945195,-0.00214600563,0.00218145433,-8.70832991e-07,2.42588953e-06,-6.05912874e-06,8.94922394e-08,7.04122112e-06,-2.0674122e-06
1500,6.000000,0.000171404798,-0.0025849801,-0.00605194131,0.000511194114,-0.00214738864,0.00218167878,-8.54784787e-07,2.4258411e-06,-6.07736956e-06,8.79066562e-08,7.01673844e-06,-2.05597121e-06
1501,6.004000,-0.142174557,-0.065721795,-0.136002868,0.00869785249,-0.0302853677,-1.9148612,-8.44874307e-07,2.42571309e-06,-6.06993262e-06,8.65582663e-08,7.00425517e-06,-2.05452238e-06
1502,6.008000,-0.205070093,-0.0661742836,-0.163531452,0.00926739722,-0.0305187423,-1.90638494,-8.63086257e-07,2.42872602e-06,-6.07501988e-06,8.94332857e-08,6.97069981e-06,-2.04166736e-06
1503,6.012000,-0.269334227,-0.0611897297,-0.178922504,0.00990118086,-0.0307443719,-1.89881098,-8.51962909e-07,2.44366106e-06,-6.07435004e-06,8.64628547e-08,6.94975233e-06,-2.03272157e-06
1504,6.016000,-0.33447358,-0.0550649315,-0.188357741,0.010034889,-0.0309629571,-1.89052677,-8.43121256e-07,2.43099089e-06,-6.07972925e-06,8.44090025e-08,6.93843458e-06,-2.03239301e-06
1505,6.020000,-0.40029186,-0.0494995601,-0.194872454,0.00993787497,-0.0311706662,-1.88215888,-8.41552719e-07,2.44775856e-06,-6.0731486e-06,8.70728485e-08,6.89923354e-06,-2.01462603e-06
1506,6.024000,-0.466409117,-0.0447163247,-0.199371189,0.00978391618,-0.0313673988,-1.87368608,-8.48209538e-07,2.43763384e-06,-6.08003393e-06,8.14784613e-08,6.82929885e-06,-1.98082785e-06
1507,6.028000,-0.532838941,-0.041057799,-0.202957273,0.00954909623,-0.0315562859,-1.86517048,-8.379929e-07,2.43379372e-06,-6.08262144e-06,8.67169021e-08,6.85329269e-06,-1.99799797e-06
1508,6.032000,-0.599603474,-0.0386695154,-0.206370562,0.00922540575,-0.0317384191,-1.85642993,-8.32225396e-07,2.44970352e-06,-6.07010588e-06,8.39650554e-08,6.84500674e-06,-1.99942951e-06
1509,6.036000,-0.667294085,-0.0382403359,-0.211161345,0.00847040117,-0.0319166705,-1.84826231,-8.26834309e-07,2.45045544e-06,-6.06097183e-06,8.63724807e-08,6.80129324e-06,-1.97686063e-06
1510,6.040000,-0.723457456,-0.0370757617,-0.212985739,0.00619163364,-0.0320990272,-1.85010648,-8.22954405e-07,2.44669877e-06,-6.06695312e-06,8.33009466e-08,6.82887776e-06,-1.99737656e-06
1511,6.044000,-0.753511429,-0.0342104845,-0.210982069,0.00753958523,-0.0322448611,-1.84269881,-8.27629265e-07,2.43379691e-06,-6.06434696e-06,8.42586516e-08,6.7596784e-06,-1.96461792e-06
1512,6.048000,-0.770649552,-0.032914184,-0.210544318,0.0086029768,-0.0323829018,-1.83648145,-8.18395279e-07,2.43269142e-06,-6.06187496e-06,8.40612415e-08,6.7467854e-06,-1.96224232e-06
1513,6.052000,-0.780422091,-0.0325910822,-0.211268574,0.00931020826,-0.0325061828,-1.83039725,-8.12214921e-07,2.45156275e-06,-6.06782351e-06,8.48503348e-08,6.70454756e-06,-1.94168979e-06
1514,6.056000,-0.785622954,-0.0323014706,-0.211681873,0.00755913928,-0.026832711,-1.82873464,-8.27407462e-07,2.43717795e-06,-6.06824369e-06,7.76516984e-08,6.63471019e-06,-1.9116444e-06
1515,6.060000,-0.787959337,-0.0321827903,-0.212445885,0.0077627115,-0.0269053709,-1.82248604,-8.22413881e-07,2.44908802e-06,-6.06465755e-06,8.39527914e-08,6.66725919e-06,-1.93130427e-06
1516,6.064000,-0.80130589,-0.0402043946,-0.226990253,0.00765679404,-0.026974,-1.91536415,-8.01914439e-07,2.45035835e-06,-6.06267577e-06,8.75220607e-08,6.66391361e-06,-1.93455389e-06
1517,6.068000,-0.804469168,-0.0410094522,-0.230525941,0.00777698308,-0.0270452611,-1.90894353,-8.0355818e-07,2.43937689e-06,-6.06316553e-06,7.68798429e-08,6.61277181e-06,-1.91030949e-06
1518,6.072000,-0.805219471,-0.0406466052,-0.23193258,0.00782893598,-0.0271119624,-1.90289521,-8.18205081e-07,2.43895602e-06,-6.07495713e-06,8.27414013e-08,6.60938076e-06,-1.91659092e-06
1519,6.076000,-0.80459851,-0.0400875509,-0.23260133,0.00778290629,-0.0271729324,-1.89687574,-8.13208032e-07,2.4529229e-06,-6.07371112e-06,8.15164398e-08,6.5759391e-06,-1.89904677e-06
1520,6.080000,-0.803109586,-0.039554432,-0.232896462,0.00767062604,-0.0272284765,-1.89089978,-8.04298111e-07,2.45399906e-06,-6.07123457e-06,7.99712154e-08,6.54860514e-06,-1.88793808e-06
1521,6.084000,-0.801055312,-0.0390793271,-0.232920006,0.00749428198,-0.0272793807,-1.88500559,-7.97410109e-07,2.45522415e-06,-6.06516278e-06,7.7692377e-08,6.52185145e-06,-1.87873479e-06
1522,6.088000,-0.798634887,-0.0386923477,-0.232770324,0.00729330629,-0.0273266379,-1.87918317,-8.03077342e-07,2.45684851e-06,-6.06472167e-06,7.86387346e-08,6.45021555e-06,-1.84244982e-06
1523,6.092000,-0.795980573,-0.0383841917,-0.232483566,0.00706258789,-0.027370749,-1.87342095,-8.0037313e-07,2.45766887e-06,-6.08125265e-06,7.89757522e-08,6.4802789e-06,-1.86455384e-06
1524,6.096000,-0.793188453,-0.0381530449,-0.232104748,0.00682149827,-0.0274118781,-1.86776721,-7.97843313e-07,2.46034642e-06,-6.07101765e-06,7.97843072e-08,6.45921409e-06,-1.859279e-06
1525,6.100000,-0.790318429,-0.0379882827,-0.231660202,0.00657285377,-0.02745004,-1.86220479,-8.02201953e-07,2.44791886e-06,-6.06406138e-06,7.20686302e-08,6.40991448e-06,-1.8393664e-06
1526,6.104000,-0.787412882,-0.0378856063,-0.231174082,0.00632105768,-0.0274853893,-1.85672736,-7.93512299e-07,2.45681758e-06,-6.06978301e-06,7.78302152e-08,6.40774033e-06,-1.83761665e-06
1527,6.108000,-0.784503758,-0.0378156528,-0.230638027,0.00605268031,-0.0275180507,-1.8513844,-7.89526155e-07,2.44942817e-06,-6.06592221e-06,7.13695982e-08,6.33631316e-06,-1.80449626e-06
1528,6.112000,-0.781609356,-0.0377901904,-0.230089307,0.00578675419,-0.0275482535,-1.84612834,-7.85499878e-07,2.46192008e-06,-6.05977175e-06,7.28680689e-08,6.36279719e-06,-1.82270094e-06
1529,6.116000,-0.778743684,-0.0377918556,-0.229521915,0.00552188605,-0.0275759846,-1.84098125,-7.70574047e-07,2.45977822e-06,-6.06284948e-06,7.4045424e-08,6.34491153e-06,-1.81716325e-06
1530,6.120000,-0.77591604,-0.037819244,-0.228949741,0.00525499508,-0.0276013091,-1.83592701,-7.72816406e-07,2.46141394e-06,-6.05946752e-06,6.86424144e-08,6.31110242e-06,-1.80346399e-06
1531,6.124000,-0.782566071,-0.0430183448,-0.236647323,0.00498375297,-0.0276241731,-1.91201687,-7.84190263e-07,2.46114314e-06,-6.05914511e-06,7.54598091e-08,6.29389115e-06,-1.79774906e-06
1532,6.128000,-0.782575667,-0.0440068915,-0.238332748,0.00479608774,-0.0276495591,-1.90705585,-7.6896697e-07,2.46289278e-06,-6.05879177e-06,7.05402954e-08,6.26297515e-06,-1.78425182e-06
1533,6.132000,-0.781551063,-0.0440944731,-0.238635764,0.00459116697,-0.0276715495,-1.90241814,-7.61776676e-07,2.46369973e-06,-6.05947707e-06,7.23605993e-08,6.23703545e-06,-1.77533195e-06
1534,6.136000,-0.780013621,-0.0439988822,-0.238550827,0.00436735153,-0.0276900828,-1.89782274,-7.59807108e-07,2.46189302e-06,-6.06203321e-06,7.09991497e-08,6.26554265e-06,-1.79535482e-06
1535,6.140000,-0.778176844,-0.0438828468,-0.238304466,0.00412772596,-0.0277050287,-1.89333057,-7.73553609e-07,2.46555942e-06,-6.06225512e-06,7.00072178e-08,6.20079481e-06,-1.76510923e-06
1536,6.144000,-0.776154995,-0.0437816232,-0.237970784,0.00387162715,-0.027716767,-1.88889074,-7.62478408e-07,2.46681225e-06,-6.06011781e-06,7.06858785e-08,6.17036949e-06,-1.75190667e-06
1537,6.148000,-0.774019599,-0.0437077656,-0.237587392,0.00360801816,-0.0277253576,-1.88450229,-7.57869202e-07,2.46435457e-06,-6.07939864e-06,7.08543482e-08,6.14823966e-06,-1.74554577e-06
1538,6.152000,-0.77182281,-0.0436669216,-0.237172931,0.00334518403,-0.0277310237,-1.88020706,-7.64450078e-07,2.47087974e-06,-6.07779293e-06,7.11946484e-08,6.14436976e-06,-1.7488104e-06
1539,6.156000,-0.769597769,-0.0436379015,-0.236721531,0.00306817144,-0.0277340151,-1.87600124,-7.61187778e-07,2.47157641e-06,-6.08382152e-06,6.72122837e-08,6.10647157e-06,-1.73081446e-06
1540,6.160000,-0.767367661,-0.0436377674,-0.236269131,0.00279331207,-0.0277344808,-1.87186718,-7.4747004e-07,2.47279013e-06,-6.07990705e-06,6.67233024e-08,6.09181097e-06,-1.72948808e-06
1541,6.164000,-0.765147567,-0.0436529778,-0.235800743,0.00251954049,-0.0277324133,-1.86780584,-7.68106815e-07,2.47658068e-06,-6.0854718e-06,6.95017874e-08,6.00807425e-06,-1.68877739e-06
1542,6.168000,-0.762949467,-0.0436811596,-0.235329777,0.0022457093,-0.0277276412,-1.86382604,-7.41142117e-07,2.47518756e-06,-6.07006905e-06,7.36577874e-08,6.07745096e-06,-1.72830539e-06
1543,6.172000,-0.76077956,-0.0437187105,-0.234857678,0.00197181106,-0.0277202763,-1.85992718,-7.47062757e-07,2.47495905e-06,-6.06234926e-06,6.90706088e-08,6.01010015e-06,-1.69662655e-06
1544,6.176000,-0.758641422,-0.0437730849,-0.234392464,0.0017022863,-0.0277103558,-1.85609317,-7.45721479e-07,2.46109812e-06,-6.0702414e-06,6.45638636e-08,5.98757333e-06,-1.68854569e-06
1545,6.180000,-0.756539404,-0.0438193604,-0.233920753,0.00142539293,-0.0276978537,-1.85235465,-7.30731585e-07,2.47151706e-06,-6.05754167e-06,6.49839222e-08,6.01927877e-06,-1.70831368e-06
1546,6.184000,-0.759432018,-0.0459273309,-0.235514998,0.00120864809,-0.0276819449,-1.9031949,-7.37985033e-07,2.4733697e-06,-6.06352614e-06,6.41233058e-08,5.88729154e-06,-1.64214828e-06
1547,6.188000,-0.758663416,-0.0467752628,-0.235693604,0.000947728753,-0.027666118,-1.899575,-7.32939043e-07,2.47731577e-06,-6.06831463e-06,6.16783566e-08,5.91394837e-06,-1.66195912e-06
1548,6.192000,-0.757452428,-0.0471710972,-0.235404521,0.000683553517,-0.0276467986,-1.89608002,-7.32664319e-07,2.47712637e-06,-6.05841387e-06,6.46489013e-08,5.89188357e-06,-1.65433596e-06
1549,6.196000,-0.756020606,-0.0474105962,-0.234997317,0.00041372329,-0.0276245717,-1.89265656,-7.33328534e-07,2.46162813e-06,-6.06502272e-06,6.22296312e-08,5.81941958e-06,-1.61828871e-06
1550,6.200000,-0.754461169,-0.0475893952,-0.234572023,0.000142455101,-0.0275992155,-1.88926256,-7.34657363e-07,2.47258504e-06,-6.04837578e-06,6.57955752e-08,5.85612315e-06,-1.64463108e-06
1551,6.204000,-0.752830207,-0.04771569,-0.234131277,-0.000136174262,-0.027570989,-1.8859719,-7.22982861e-07,2.47627918e-06,-6.07732864e-06,6.48533884e-08,5.82052007e-06,-1.62848573e-06
1552,6.208000,-0.751160383,-0.0478230491,-0.233702406,-0.00041346997,-0.0275402386,-1.88271666,-7.16352247e-07,2.48296442e-06,-6.08701839e-06,6.06373618e-08,5.79253174e-06,-1.61613275e-06
1553,6.212000,-0.749475837,-0.0479143485,-0.23327592,-0.000691398978,-0.0275069848,-1.87952971,-7.32111118e-07,2.48345009e-06,-6.07977108e-06,5.92688529e-08,5.72215822e-06,-1.58523267e-06
1554,6.216000,-0.747791708,-0.047996439,-0.232862204,-0.000969126821,-0.0274711289,-1.8763957,-7.17521402e-07,2.48174524e-06,-6.0803568e-06,5.63936702e-08,5.75137301e-06,-1.60417403e-06
1555,6.220000,-0.746118903,-0.0480648167,-0.232453004,-0.00124628842,-0.0274327826,-1.87332344,-7.16229181e-07,2.48234824e-06,-6.08351002e-06,5.77318993e-08,5.72892986e-06,-1.59554111e-06
1556,6.224000,-0.744461954,-0.0481410101,-0.232067391,-0.00152116269,-0.0273917243,-1.87027824,-7.09986637e-07,2.45346882e-06,-6.07702214e-06,6.08818951e-08,5.70447537e-06,-1.58823889e-06
1557,6.228000,-0.742830336,-0.0481971428,-0.231673151,-0.00179772824,-0.0273481756,-1.86736321,-7.15655858e-07,2.48278275e-06,-6.06200274e-06,5.78974806e-08,5.64799939e-06,-1.56203691e-06
1558,6.232000,-0.741222978,-0.0482556671,-0.231298357,-0.00207194686,-0.0273022912,-1.86447203,-7.10478616e-07,2.48169727e-06,-6.06484673e-06,5.89416231e-08,5.65650316e-06,-1.56839792e-06
1559,6.236000,-0.739642799,-0.0483140349,-0.230928525,-0.00234484673,-0.0272540376,-1.86162484,-7.03521266e-07,2.48235779e-06,-6.06535332e-06,5.94672791e-08,5.63349704e-06,-1.56116221e-06
1560,6.240000,-0.738092482,-0.0483673625,-0.230565265,-0.00261676311,-0.0272033866,-1.85884631,-7.03405533e-07,2.48289143e-06,-6.06300773e-06,5.77906221e-08,5.59550335e-06,-1.543282e-06
1561,6.244000,-0.736898243,-0.0492731445,-0.228182361,-0.00286982954,-0.0271488726,-1.87772238,-7.0297358e-07,2.48443007e-06,-6.06185313e-06,5.67908671e-08,5.58650709e-06,-1.54311238e-06
1562,6.248000,-0.735198617,-0.0504445545,-0.226959407,-0.00314608961,-0.0270919893,-1.87506711,-6.95756057e-07,2.48498691e-06,-6.06206777e-06,5.38830882e-08,5.56251507e-06,-1.53549058e-06
1563,6.252000,-0.733651519,-0.0513929613,-0.226011068,-0.00342155993,-0.0270325672,-1.87244415,-6.95269023e-07,2.48699098e-06,-6.06468166e-06,5.35103837e-08,5.54018879e-06,-1.528197e-06
1564,6.256000,-0.732173264,-0.0521472543,-0.225233346,-0.00369536877,-0.0269709621,-1.8698442,-6.892447e-07,2.48826746e-06,-6.07362972e-06,5.24142081e-08,5.51562107e-06,-1.51928043e-06
1565,6.260000,-0.730740786,-0.0527302437,-0.224564478,-0.00396755338,-0.0269072019,-1.86729813,-6.85826819e-07,2.47370463e-06,-6.07270294e-06,5.49934178e-08,5.45394096e-06,-1.48923914e-06
1566,6.264000,-0.729346573,-0.0531834178,-0.223982334,-0.00423849374,-0.0268410556,-1.86482406,-6.94285006e-07,2.49090726e-06,-6.07080756e-06,5.49539223e-08,5.46513047e-06,-1.50154403e-06
1567,6.268000,-0.727984905,-0.0535375029,-0.223471493,-0.00450768322,-0.026772622,-1.86238563,-6.83036944e-07,2.49201867e-06,-6.07279162e-06,5.51502879e-08,5.44544446e-06,-1.49387938e-06
1568,6.272000,-0.726654112,-0.0538195968,-0.223017827,-0.00477680564,-0.0267016925,-1.85999107,-6.74872808e-07,2.4907506e-06,-6.07726997e-06,5.40525278e-08,5.43325405e-06,-1.49193647e-06
1569,6.276000,-0.725353062,-0.0540371351,-0.222602636,-0.0050426349,-0.0266285278,-1.85767031,-6.91073637e-07,2.49500204e-06,-6.07329866e-06,5.03267827e-08,5.34737592e-06,-1.45100228e-06
1570,6.280000,-0.724079311,-0.0542102866,-0.222227126,-0.00530747324,-0.0265532564,-1.85536408,-6.71336636e-07,2.49546292e-06,-6.06063168e-06,5.08537426e-08,5.37239521e-06,-1.46753348e-06
1571,6.284000,-0.722834229,-0.0543472879,-0.221875578,-0.00557106733,-0.0264758002,-1.85312057,-6.75175386e-07,2.48096057e-06,-6.06276626e-06,4.94827574e-08,5.35232903e-06,-1.46051048e-06
1572,6.288000,-0.721615553,-0.0544573851,-0.2215482,-0.00583323091,-0.0263960958,-1.85091996,-6.63606443e-07,2.48001584e-06,-6.06122921e-06,4.97523658e-08,5.34038236e-06,-1.45948741e-06
1573,6.292000,-0.720422268,-0.054544542,-0.22123614,-0.00609464198,-0.0263140742,-1.84875798,-6.7441232e-07,2.48337255e-06,-6.05927062e-06,4.40136034e-08,5.25662063e-06,-1.41671444e-06
1574,6.296000,-0.719254017,-0.0546236075,-0.220944166,-0.00635640323,-0.0262297131,-1.84664011,-6.67961331e-07,2.49105392e-06,-6.06068943e-06,5.15794554e-08,5.27978227e-06,-1.43181887e-06
1575,6.300000,-0.718109369,-0.0546799116,-0.220665604,-0.00661241263,-0.0261432193,-1.84457254,-6.60647174e-07,2.46397622e-06,-6.06239382e-06,4.84423843e-08,5.25586165e-06,-1.4252812e-06
1576,6.304000,-0.713190734,-0.0561792739,-0.216567993,-0.00686772913,-0.0260542519,-1.82733274,-6.55066231e-07,2.49461959e-06,-6.04915704e-06,4.77855551e-08,5.24710322e-06,-1.42509782e-06
1577,6.308000,-0.710667551,-0.057983771,-0.214082867,-0.00710619986,-0.025961753,-1.82534981,-6.65339826e-07,2.4977478e-06,-6.0711377e-06,4.94014358e-08,5.22012306e-06,-1.41493979e-06
1578,6.312000,-0.708792627,-0.0596494041,-0.212480873,-0.00733983517,-0.0258679148,-1.82330918,-6.54145936e-07,2.5023312e-06,-6.08343998e-06,4.66563179e-08,5.18545539e-06,-1.39870508e-06
1579,6.316000,-0.707236826,-0.061007563,-0.211311474,-0.00757290423,-0.0257724244,-1.82133245,-6.53212567e-07,2.50516405e-06,-6.08445407e-06,4.65324241e-08,5.16389127e-06,-1.39304984e-06
1580,6.320000,-0.705870569,-0.0620810576,-0.21040976,-0.00781075656,-0.0256750304,-1.81935918,-6.51186554e-07,2.50449511e-06,-6.07367974e-06,4.3176783e-08,5.14114299e-06,-1.38560006e-06
1581,6.324000,-0.70463407,-0.062900126,-0.209683418,-0.00804261118,-0.0255759098,-1.81747198,-6.36704272e-07,2.50277049e-06,-6.06650792e-06,4.6964324e-08,5.12502083e-06,-1.38035978e-06
1582,6.328000,-0.703490734,-0.0635295659,-0.209086567,-0.0082770288,-0.0254750587,-1.81563699,-6.51325138e-07,2.5046088e-06,-6.07712991e-06,4.19984225e-08,5.09098527e-06,-1.36847154e-06
1583,6.332000,-0.702416599,-0.0640117899,-0.20859012,-0.00851222873,-0.0253723562,-1.8138144,-6.39485393e-07,2.50423636e-06,-6.06060439e-06,4.1765027e-08,5.0689323e-06,-1.35900041e-06
1584,6.336000,-0.701397002,-0.064376168,-0.208163589,-0.00874692947,-0.0252677165,-1.81206524,-6.40689336e-07,2.48815172e-06,-6.06324147e-06,4.24332285e-08,5.04745276e-06,-1.35185564e-06
1585,6.340000,-0.700419903,-0.0646551102,-0.207799464,-0.00898141414,-0.0251610819,-1.81034112,-6.33216359e-07,2.50189123e-06,-6.05766218e-06,4.35167706e-08,5.00398573e-06,-1.33057597e-06
1586,6.344000,-0.699476957,-0.0648706555,-0.207486451,-0.00921800733,-0.0250525009,-1.80862844,-6.32437491e-07,2.48362744e-06,-6.06598678e-06,4.83878182e-08,5.01465775e-06,-1.34354389e-06
1587,6.348000,-0.698564172,-0.0650270134,-0.207200542,-0.00944622606,-0.0249420144,-1.80699158,-6.35441552e-07,2.48453125e-06,-6.0604325e-06,4.74385615e-08,4.97874862e-06,-1.32645334e-06
1588,6.352000,-0.697676957,-0.0651513562,-0.206953824,-0.00967674702,-0.024829695,-1.80537927,-6.24427116e-07,2.48443371e-06,-6.06264575e-06,4.69704844e-08,4.94923142e-06,-1.31338277e-06
1589,6.356000,-0.696812868,-0.0652423799,-0.206724331,-0.00990527868,-0.0247157272,-1.80377388,-6.3974511e-07,2.48739934e-06,-6.06113963e-06,4.60069884e-08,4.87911029e-06,-1.28374438e-06
1590,6.360000,-0.695970595,-0.0653122216,-0.206512973,-0.0101334453,-0.024599826,-1.80222273,-6.22031621e-07,2.50041353e-06,-6.04392881e-06,3.86861601e-08,4.91867468e-06,-1.30742103e-06
1591,6.364000,-0.687190711,-0.0678283721,-0.201919228,-0.0102483332,-0.0244833361,-1.74477243,-6.12675535e-07,2.48806441e-06,-6.05608466e-06,4.12517167e-08,4.89256354e-06,-1.29714192e-06
1592,6.368000,-0.683716834,-0.0700298399,-0.198147535,-0.0104091018,-0.0243634246,-1.74320245,-6.22932191e-07,2.49044047e-06,-6.04829665e-06,4.64695127e-08,4.84565999e-06,-1.27499845e-06
1593,6.372000,-0.68140018,-0.0722419173,-0.195899904,-0.0105545446,-0.0242435373,-1.74160004,-6.29309227e-07,2.48908691e-06,-6.04897468e-06,4.06889953e-08,4.85189503e-06,-1.28756665e-06
1594,6.376000,-0.679665864,-0.0741104931,-0.194397405,-0.0107123554,-0.0241226275,-1.74000382,-6.1598314e-07,2.49065397e-06,-6.04300203e-06,3.37511672e-08,4.81310644e-06,-1.2670987e-06
1595,6.380000,-0.6782794,-0.0755875558,-0.193304241,-0.010881044,-0.0240005273,-1.73846543,-6.11990799e-07,2.50481594e-06,-6.0471807e-06,3.94529742e-08,4.78946822e-06,-1.25884947e-06
1596,6.384000,-0.67711854,-0.076717861,-0.192466021,-0.0110579282,-0.0238771345,-1.73701692,-6.08678533e-07,2.50674202e-06,-6.04612933e-06,4.02473788e-08,4.76649666e-06,-1.25077827e-06
1597,6.388000,-0.67611146,-0.0775788575,-0.191821218,-0.0112372711,-0.0237522572,-1.73558962,-6.1299562e-07,2.50970038e-06,-6.04500474e-06,3.81385661e-08,4.6919954e-06,-1.21345408e-06
1598,6.392000,-0.675212443,-0.0782331079,-0.191309243,-0.011429958,-0.0236256998,-1.73418081,-6.02932118e-07,2.51021606e-06,-6.0614725e-06,3.37871136e-08,4.7171784e-06,-1.23209213e-06
1599,6.396000,-0.674390852,-0.0787170529,-0.190899134,-0.0116135404,-0.0234976504,-1.73283935,-6.01020758e-07,2.51236725e-06,-6.05345622e-06,3.6163943e-08,4.6954915e-06,-1.22543929e-06
1600,6.400000,-0.673626423,-0.079079099,-0.190568328,-0.011798501,-0.0233681593,-1.73153448,-5.90986872e-07,2.50927769e-06,-6.05280229e-06,3.90497732e-08,4.67344171e-06,-1.21564347e-06
1601,6.404000,-0.67290628,-0.0793504566,-0.190290898,-0.0119870603,-0.0232372973,-1.73024762,-5.84058341e-07,2.48018705e-06,-6.05512196e-06,3.93126598e-08,4.70522491e-06,-1.23859479e-06
1602,6.408000,-0.672219574,-0.0795481056,-0.190061122,-0.0121752396,-0.0231049415,-1.72900128,-5.93559548e-07,2.48215338e-06,-6.04698926e-06,3.89781576e-08,4.6244968e-06,-1.19962021e-06
1603,6.412000,-0.671558917,-0.0796942338,-0.189867914,-0.0123640224,-0.0229710247,-1.72775292,-5.93586492e-07,2.47727326e-06,-6.05616333e-06,3.482522e-08,4.60271713e-06,-1.19179856e-06
1604,6.416000,-0.670921504,-0.0798017159,-0.189698845,-0.0125576854,-0.0228354912,-1.72654331,-5.8199754e-07,2.50009589e-06,-6.04084562e-06,3.18633795e-08,4.58873637e-06,-1.18937396e-06
1605,6.420000,-0.670302927,-0.0798726827,-0.189555198,-0.012737982,-0.0226985682,-1.72538471,-5.99740133e-07,2.51603888e-06,-6.04065463e-06,2.89447897e-08,4.50448533e-06,-1.14901638e-06
1606,6.424000,-0.656593084,-0.0837176442,-0.185489148,-0.0126075372,-0.0225631446,-1.62537801,-5.91616924e-07,2.51844403e-06,-6.0458774e-06,3.04571373e-08,4.53423218e-06,-1.16765318e-06
1607,6.428000,-0.651577055,-0.0860441029,-0.180345327,-0.0126419663,-0.022427449,-1.62404227,-5.76739353e-07,2.50354469e-06,-6.0566822e-06,2.91140232e-08,4.50440393e-06,-1.15619207e-06
1608,6.432000,-0.648462594,-0.0886658579,-0.177455723,-0.0126784667,-0.0222926233,-1.62264657,-5.72502643e-07,2.5022207e-06,-6.04237721e-06,3.27517498e-08,4.4971739e-06,-1.15785394e-06
1609,6.436000,-0.646321893,-0.0909565091,-0.175647438,-0.0127405748,-0.0221568402,-1.62132359,-5.89719775e-07,2.50653898e-06,-6.04571323e-06,2.70935452e-08,4.41063685e-06,-1.11610689e-06
1610,6.440000,-0.644750774,-0.0927840173,-0.174410954,-0.0128258094,-0.022020191,-1.6200707,-5.72423744e-07,2.48789206e-06,-6.05632613e-06,2.5653728e-08,4.4342496e-06,-1.12960765e-06
1611,6.444000,-0.64354074,-0.0941891894,-0.173516035,-0.0129389837,-0.0218824204,-1.61889088,-5.70877035e-07,2.52141308e-06,-6.04456727e-06,2.39099265e-08,4.41373822e-06,-1.1244714e-06
1612,6.448000,-0.642569125,-0.0952443853,-0.172855049,-0.0130511522,-0.0217436254,-1.61777771,-5.67516963e-07,2.5223685e-06,-6.05625246e-06,2.44627962e-08,4.39035102e-06,-1.11624854e-06
1613,6.452000,-0.641758561,-0.0960310549,-0.172348678,-0.013178125,-0.0216036644,-1.61670005,-5.68670259e-07,2.51255801e-06,-6.04563274e-06,2.74467737e-08,4.31600029e-06,-1.07896778e-06
1614,6.456000,-0.641060352,-0.096614182,-0.171961874,-0.0133117288,-0.0214625951,-1.61564279,-5.59124544e-07,2.50529774e-06,-6.0552652e-06,2.37335627e-08,4.33929017e-06,-1.09588905e-06
1615,6.460000,-0.64043957,-0.0970414281,-0.171663254,-0.0134502575,-0.0213203616,-1.61462867,-5.58275701e-07,2.50856192e-06,-6.04227489e-06,2.16222826e-08,4.31891203e-06,-1.09041173e-06
1616,6.464000,-0.639874697,-0.0973534137,-0.171431035,-0.0135896429,-0.0211770609,-1.61363435,-5.50580921e-07,2.52018799e-06,-6.03844728e-06,2.70881202e-08,4.30732462e-06,-1.08804738e-06
1617,6.468000,-0.639350653,-0.097576037,-0.171248212,-0.0137299523,-0.0210325457,-1.6126771,-5.50637537e-07,2.50817698e-06,-6.03991566e-06,2.23778525e-08,4.25266626e-06,-1.0598809e-06
1618,6.472000,-0.638856709,-0.0977365896,-0.171102881,-0.0138804689,-0.020886926,-1.61172211,-5.47271839e-07,2.52179893e-06,-6.04447496e-06,2.14464055e-08,4.24589552e-06,-1.06255072e-06
1619,6.476000,-0.638386369,-0.0978500247,-0.170998156,-0.0140182003,-0.0207401887,-1.61079693,-5.50698019e-07,2.52847758e-06,-6.06855656e-06,2.47498502e-08,4.22754283e-06,-1.05802803e-06
1620,6.480000,-0.637933254,-0.0979274288,-0.170911372,-0.0141606107,-0.0205924641,-1.60989702,-5.39985649e-07,2.51329288e-06,-6.07549055e-06,2.42760603e-08,4.21325831e-06,-1.0544818e-06
1621,6.484000,-0.619307399,-0.102409363,-0.167982966,-0.013836205,-0.0204473212,-1.46190119,-5.4759704e-07,2.51743541e-06,-6.08723258e-06,2.49214107e-08,4.12968302e-06,-1.01304227e-06
1622,6.488000,-0.612651765,-0.104141146,-0.161475152,-0.0137438774,-0.020308353,-1.46062446,-5.41878649e-07,2.53183862e-06,-6.07532866e-06,2.41473561e-08,4.16784542e-06,-1.03793172e-06
1623,6.492000,-0.608661592,-0.10672646,-0.158068895,-0.0136707276,-0.0201702919,-1.45935333,-5.38639028e-07,2.533317e-06,-6.0798393e-06,2.4549534e-08,4.13213138e-06,-1.02326476e-06
1624,6.496000,-0.606064558,-0.109139085,-0.156092808,-0.0136418045,-0.0200312398,-1.45820975,-5.36944071e-07,2.53567282e-06,-6.07431366e-06,2.51509249e-08,4.09228142e-06,-1.00479724e-06
1625,6.500000,-0.604274631,-0.111107975,-0.154830694,-0.0136633664,-0.0198913738,-1.45715559,-5.26782685e-07,2.5343295e-06,-6.06198137e-06,2.5935444e-08,4.09662653e-06,-1.01434011e-06
1626,6.504000,-0.602986395,-0.112621009,-0.15397498,-0.0137003213,-0.0197507218,-1.45619214,-5.33116122e-07,2.53111648e-06,-6.05044579e-06,2.469287e-08,4.06137906e-06,-9.97528105e-07
1627,6.508000,-0.602019429,-0.113753513,-0.153362542,-0.0137617737,-0.0196092799,-1.45529914,-5.29390377e-07,2.53125654e-06,-6.04540128e-06,2.1548404e-08,4.03823151e-06,-9.89151772e-07
1628,6.512000,-0.601266801,-0.11458724,-0.152912453,-0.0138425231,-0.019466877,-1.45443606,-5.2568555e-07,2.52871814e-06,-6.04177876e-06,1.91157614e-08,4.01515535e-06,-9.81343987e-07
1629,6.516000,-0.600656509,-0.115195401,-0.152583539,-0.0139314979,-0.0193236023,-1.45362818,-5.3812596e-07,2.53353573e-06,-6.03292438e-06,1.6177113e-08,3.93935989e-06,-9.45646491e-07
1630,6.520000,-0.600143135,-0.115636826,-0.152346909,-0.0140266567,-0.0191794783,-1.45282221,-5.28217299e-07,2.53119265e-06,-6.03919398e-06,1.84043198e-08,3.96554242e-06,-9.64584842e-07
1631,6.524000,-0.599696636,-0.115950242,-0.152166426,-0.0141293406,-0.0190344863,-1.45206439,-5.18173806e-07,2.52978361e-06,-6.0424768e-06,1.35192337e-08,3.9443712e-06,-9.56055601e-07
1632,6.528000,-0.599296331,-0.116168946,-0.15203923,-0.0142314732,-0.0188887287,-1.4513166,-5.16541832e-07,2.53330973e-06,-6.04861543e-06,1.80205468e-08,3.92123593e-06,-9.48264415e-07
1633,6.532000,-0.598930061,-0.116325095,-0.151949137,-0.0143453032,-0.0187421925,-1.4505769,-5.03186186e-07,2.53295889e-06,-6.0407001e-06,1.59581521e-08,3.90560308e-06,-9.43279588e-07
1634,6.536000,-0.598587632,-0.11642772,-0.151895463,-0.0144462138,-0.0185949001,-1.44986451,-5.10807297e-07,2.53621101e-06,-6.03202488e-06,1.39453817e-08,3.82327244e-06,-9.03695707e-07
1635,6.540000,-0.59826225,-0.116493985,-0.15186125,-0.0145506859,-0.0184469502,-1.44918025,-5.037233e-07,2.53275994e-06,-6.04613706e-06,1.40138674e-08,3.84759323e-06,-9.20757316e-07
1636,6.544000,-0.576056302,-0.119745277,-0.148789704,-0.0142161101,-0.0183014646,-1.27851152,-4.98885925e-07,2.53437952e-06,-6.04197703e-06,1.84730151e-08,3.83772476e-06,-9.20090315e-07
1637,6.548000,-0.567807019,-0.12024501,-0.141125038,-0.0140367597,-0.0181689709,-1.27717698,-4.93807249e-07,2.5399122e-06,-6.05138621e-06,1.39091672e-08,3.79510607e-06,-8.99575639e-07
1638,6.552000,-0.562982261,-0.12234728,-0.137377635,-0.0138925463,-0.0180366561,-1.27598059,-5.02921353e-07,2.54164047e-06,-6.03907029e-06,1.11060103e-08,3.79619655e-06,-9.06673279e-07
1639,6.556000,-0.559966803,-0.12456356,-0.135378361,-0.0138052404,-0.0179031491,-1.27497411,-4.94397739e-07,2.54000679e-06,-6.04783054e-06,1.5682156e-08,3.75421041e-06,-8.87224019e-07
1640,6.560000,-0.557986557,-0.126437232,-0.13420397,-0.0137703866,-0.0177687909,-1.27409256,-4.94589472e-07,2.5415211e-06,-6.05632977e-06,1.0331382e-08,3.7287125e-06,-8.77804496e-07
1641,6.564000,-0.556634724,-0.127893344,-0.133450836,-0.0137816817,-0.0176336691,-1.27329397,-4.90427226e-07,2.54179145e-06,-6.05491459e-06,1.3274601e-08,3.70063526e-06,-8.66490893e-07
1642,6.568000,-0.555677354,-0.128977835,-0.132947534,-0.0138087422,-0.0174976997,-1.27258098,-4.96890266e-07,2.54303404e-06,-6.05677906e-06,1.24757751e-08,3.66134327e-06,-8.46941248e-07
1643,6.572000,-0.554973722,-0.129772335,-0.132604033,-0.0138549656,-0.0173610188,-1.27189934,-4.84249142e-07,2.54366341e-06,-6.05823743e-06,1.31941107e-08,3.6428994e-06,-8.41128099e-07
1644,6.576000,-0.554438889,-0.130340338,-0.132357717,-0.0139150023,-0.0172236692,-1.27127445,-4.72451603e-07,2.54499923e-06,-6.06512458e-06,1.53810404e-08,3.62515448e-06,-8.36883146e-07
1645,6.580000,-0.554012716,-0.130740911,-0.132186264,-0.0139859468,-0.0170856453,-1.27067244,-4.92665947e-07,2.54941097e-06,-6.04967181e-06,6.1480705e-09,3.53829387e-06,-7.95736128e-07
1646,6.584000,-0.553661466,-0.131023198,-0.13207674,-0.0140601099,-0.0169471167,-1.27007496,-4.78860386e-07,2.54805946e-06,-6.04240904e-06,1.0331112e-08,3.55854422e-06,-8.0655127e-07
1647,6.588000,-0.553361297,-0.131218225,-0.132006586,-0.0141429454,-0.0168079026,-1.26949573,-4.74487422e-07,2.54667134e-06,-6.03420312e-06,9.60332791e-09,3.53452538e-06,-8.0005708e-07
1648,6.592000,-0.5530954,-0.1313456,-0.131967187,-0.0142234862,-0.0166683532,-1.26895189,-4.70543227e-07,2.54539623e-06,-6.05538344e-06,9.13257558e-09,3.50561481e-06,-7.88184536e-07
1649,6.596000,-0.552853405,-0.131428689,-0.13195166,-0.0143090785,-0.0165282153,-1.26839244,-4.67703245e-07,2.55092709e-06,-6.05457626e-06,3.84966725e-10,3.47825949e-06,-7.7773808e-07
1650,6.600000,-0.552629411,-0.131477222,-0.131950647,-0.0144027919,-0.0163875613,-1.26785922,-4.75011859e-07,2.53753592e-06,-6.02995624e-06,3.61590757e-09,3.39046005e-06,-7.3154456e-07
1651,6.604000,-0.52646488,-0.132687598,-0.128490865,-0.0143398792,-0.0162473805,-1.09391475,-4.65666545e-07,2.53049302e-06,-6.02990985e-06,8.18883805e-09,3.42592875e-06,-7.56641668e-07
1652,6.608000,-0.516114473,-0.131695569,-0.120132841,-0.0141010731,-0.0161271356,-1.09252536,-4.59367584e-07,2.53033977e-06,-6.03142598e-06,3.48121532e-09,3.39551116e-06,-7.44259182e-07
1653,6.612000,-0.510196924,-0.133047655,-0.116264895,-0.0139028132,-0.0160062443,-1.09137392,-4.47504874e-07,2.53027861e-06,-6.03511535e-06,9.39567624e-09,3.37828214e-06,-7.39412997e-07
1654,6.616000,-0.506614625,-0.134860158,-0.114384018,-0.0137738436,-0.0158839151,-1.09045506,-4.65019639e-07,2.51783899e-06,-6.04345269e-06,2.33162645e-09,3.35323466e-06,-7.30940428e-07
1655,6.620000,-0.504351616,-0.136491641,-0.113400415,-0.0137064457,-0.015760554,-1.08967936,-4.49695193e-07,2.55164969e-06,-6.03944181e-06,2.16560636e-09,3.31165393e-06,-7.0981838e-07
1656,6.624000,-0.502873898,-0.137778521,-0.112837091,-0.0136835277,-0.0156362802,-1.08902657,-4.48462231e-07,2.55483428e-06,-6.0332427e-06,-2.80349965e-10,3.28430338e-06,-7.00370663e-07
1657,6.628000,-0.501879215,-0.138737321,-0.112494893,-0.0136909187,-0.0155110406,-1.08844912,-4.39662614e-07,2.53885469e-06,-6.03412855e-06,1.23557875e-09,3.26806435e-06,-6.95114693e-07
1658,6.632000,-0.501189768,-0.139428675,-0.112277322,-0.0137249827,-0.0153851658,-1.08791625,-4.46099534e-07,2.55548275e-06,-6.04870638e-06,-3.30660477e-09,3.23100608e-06,-6.78588265e-07
1659,6.636000,-0.500696719,-0.139915437,-0.112139165,-0.0137694031,-0.0152586382,-1.08742082,-4.40803262e-07,2.56058229e-06,-6.05577543e-06,-5.79371395e-09,3.21663106e-06,-6.74644809e-07
1660,6.640000,-0.500331581,-0.140254557,-0.112052217,-0.0138329268,-0.015131576,-1.0869565,-4.30523215e-07,2.56301223e-06,-6.04521756e-06,-4.27525571e-09,3.18480807e-06,-6.62969796e-07
1661,6.644000,-0.50004971,-0.140484095,-0.112013005,-0.0138921738,-0.0150040574,-1.08651161,-4.45572994e-07,2.56187604e-06,-6.04495654e-06,-7.42271755e-09,3.10983228e-06,-6.27807538e-07
1662,6.648000,-0.499823511,-0.140636086,-0.112000398,-0.0139575452,-0.0148762912,-1.0860815,-4.36938905e-07,2.56157114e-06,-6.04209799e-06,-5.30583044e-09,3.11820099e-06,-6.3244039e-07
1663,6.652000,-0.499636203,-0.140731663,-0.112006463,-0.0140250176,-0.0147482064,-1.08566844,-4.28582723e-07,2.56096587e-06,-6.03202261e-06,-4.6848978e-09,3.09018378e-06,-6.22113987e-07
1664,6.656000,-0.49947387,-0.140789315,-0.112026647,-0.0141022652,-0.01461979,-1.08526158,-4.24407347e-07,2.56026078e-06,-6.05452215e-06,-8.43489367e-09,3.06224774e-06,-6.1083648e-07
1665,6.660000,-0.499328643,-0.140817285,-0.112063423,-0.0141743124,-0.0144910254,-1.08485973,-4.22433999e-07,2.54901511e-06,-6.04197339e-06,-6.03805894e-10,3.03497086e-06,-6.00128033e-07
1666,6.664000,-0.468873113,-0.140125766,-0.108619444,-0.014580071,-0.0143597201,-0.911406696,-4.34056545e-07,2.56197723e-06,-6.01803822e-06,-7.04391034e-09,2.95882091e-06,-5.65026994e-07
1667,6.668000,-0.456209242,-0.137691915,-0.0998636857,-0.0143084079,-0.0142549984,-0.909964442,-4.19662342e-07,2.55708551e-06,-6.02649288e-06,-8.46861692e-09,2.99452859e-06,-5.85398084e-07
1668,6.672000,-0.449081361,-0.138266549,-0.0960028395,-0.0140756071,-0.0141491378,-0.90881753,-4.15762315e-07,2.56024578e-06,-6.02695309e-06,-7.324231e-09,2.95347536e-06,-5.67334439e-07
1669,6.676000,-0.444865465,-0.139639974,-0.0943004787,-0.013922587,-0.0140413698,-0.907939136,-4.07307965e-07,2.56146723e-06,-6.02425962e-06,-9.45295486e-09,2.92081177e-06,-5.53123925e-07
1670,6.680000,-0.442276031,-0.14099206,-0.0935342014,-0.0138326883,-0.0139324181,-0.907252192,-4.21255436e-07,2.5466868e-06,-6.02020282e-06,-1.4949352e-08,2.89379386e-06,-5.43403871e-07
1671,6.684000,-0.440643936,-0.14209266,-0.0931778103,-0.0138037056,-0.0138222454,-0.90668416,-4.05208198e-07,2.56278304e-06,-6.02637192e-06,-1.25120714e-08,2.86730642e-06,-5.32815079e-07
1672,6.688000,-0.439589709,-0.142907426,-0.0930100903,-0.0137943923,-0.0137112001,-0.906230509,-4.02432988e-07,2.56761791e-06,-6.02778982e-06,-1.31272007e-08,2.84117141e-06,-5.2254228e-07
1673,6.692000,-0.438894123,-0.143491998,-0.0929387733,-0.0138090551,-0.0135994405,-0.905828595,-3.99346277e-07,2.568132e-06,-6.04915112e-06,-1.57496451e-08,2.81263056e-06,-5.11117889e-07
1674,6.696000,-0.438428193,-0.143895686,-0.0929114819,-0.0138460249,-0.013487122,-0.905448675,-4.16047072e-07,2.55727127e-06,-6.04186062e-06,-1.34025804e-08,2.73847013e-06,-4.76854325e-07
1675,6.700000,-0.438106775,-0.144166976,-0.0929122344,-0.0138973743,-0.0133743482,-0.905098498,-4.14443718e-07,2.56754151e-06,-6.04205616e-06,-1.44992489e-08,2.77008871e-06,-4.98041572e-07
1676,6.704000,-0.43787992,-0.144346356,-0.0929352865,-0.0139482915,-0.0132611804,-0.904778779,-4.01002353e-07,2.56997305e-06,-6.0370412e-06,-1.45631329e-08,2.76288392e-06,-4.95921654e-07
1677,6.708000,-0.43771562,-0.144459084,-0.0929711163,-0.0140066445,-0.0131478291,-0.904472709,-4.0035053e-07,2.57445163e-06,-6.02714863e-06,-1.46179246e-08,2.7071942e-06,-4.66029491e-07
1678,6.712000,-0.437590539,-0.144526303,-0.0930165574,-0.0140699446,-0.0130341463,-0.904175758,-3.83247368e-07,2.56955082e-06,-6.02884074e-06,-1.26302711e-08,2.6959774e-06,-4.65657138e-07
1679,6.716000,-0.43749246,-0.144561529,-0.0930725411,-0.0141332895,-0.0129202697,-0.903880239,-3.83194077e-07,2.57227089e-06,-6.03725312e-06,-1.01158131e-08,2.67902169e-06,-4.61290369e-07
1680,6.720000,-0.437412351,-0.144575506,-0.0931332856,-0.0142002106,-0.0128062163,-0.903594971,-3.80314617e-07,2.57453212e-06,-6.03707122e-06,-1.67147647e-08,2.65704693e-06,-4.53667127e-07
1681,6.724000,-0.405328512,-0.138772517,-0.0870668441,-0.0152195096,-0.0126855699,-0.732450128,-3.80829931e-07,2.57547617e-06,-6.03735498e-06,-1.48422004e-08,2.63817196e-06,-4.47200023e-07
1682,6.728000,-0.391459137,-0.133928597,-0.0779115483,-0.0149568319,-0.0125981672,-0.730889678,-3.78508304e-07,2.57767419e-06,-6.03545004e-06,-1.69907199e-08,2.59980129e-06,-4.29385352e-07
1683,6.732000,-0.383732677,-0.133162022,-0.0742223263,-0.014746666,-0.0125089902,-0.729788065,-3.74237004e-07,2.57770807e-06,-6.03516219e-06,-1.86718996e-08,2.55366922e-06,-4.07657467e-07
1684,6.736000,-0.379253924,-0.13370347,-0.0728344619,-0.014593184,-0.0124177728,-0.729021609,-3.62775893e-07,2.57331249e-06,-6.03289982e-06,-1.5762831e-08,2.61539708e-06,-4.4411604e-07
1685,6.740000,-0.376571953,-0.134507224,-0.0723806396,-0.014505282,-0.0123252589,-0.728453934,-3.70449925e-07,2.57608099e-06,-6.03933813e-06,-1.58508282e-08,2.54994166e-06,-4.12680777e-07
1686,6.744000,-0.374930829,-0.135223716,-0.0722945854,-0.0144610405,-0.0122317122,-0.728011727,-3.64538835e-07,2.57606143e-06,-6.02694172e-06,-1.89835916e-08,2.52742939e-06,-4.04951322e-07
1687,6.748000,-0.373906136,-0.135768354,-0.0723420158,-0.0144553781,-0.0121371113,-0.727641284,-3.63836165e-07,2.5747197e-06,-6.02239243e-06,-1.4945126e-08,2.50875996e-06,-3.9994859e-07
1688,6.752000,-0.373259366,-0.136153176,-0.0724347532,-0.0144692808,-0.012041796,-0.72734493,-3.62940057e-07,2.5588306e-06,-6.02594446e-06,-1.84567153e-08,2.48924607e-06,-3.93841646e-07
1689,6.756000,-0.372848302,-0.136413693,-0.0725386217,-0.0144971609,-0.0119458623,-0.727096021,-3.58566524e-07,2.57262786e-06,-6.02293358e-06,-1.71901906e-08,2.51748111e-06,-4.1262831e-07
1690,6.760000,-0.372585148,-0.136581585,-0.0726403147,-0.0145352781,-0.0118495766,-0.726871431,-3.75673011e-07,2.57749116e-06,-6.02922773e-06,-2.09028048e-08,2.44913099e-06,-3.81531834e-07
1691,6.764000,-0.372417241,-0.136686414,-0.0727400258,-0.0145814717,-0.0117530674,-0.726652205,-3.75633505e-07,2.58097202e-06,-6.03748458e-06,-2.21028245e-08,2.41300336e-06,-3.64545429e-07
1692,6.768000,-0.372310609,-0.136746749,-0.0728317201,-0.0146342069,-0.0116563383,-0.726442814,-3.59806307e-07,2.58150658e-06,-6.04382603e-06,-2.20687486e-08,2.40761119e-06,-3.64447942e-07
1693,6.772000,-0.372243226,-0.136777818,-0.0729204714,-0.0146888196,-0.0115594342,-0.726256251,-3.55894429e-07,2.56837029e-06,-6.0383104e-06,-2.17299672e-08,2.3815353e-06,-3.52613199e-07
1694,6.776000,-0.37220031,-0.136788607,-0.0730056837,-0.0147453547,-0.0114624109,-0.726059914,-3.47287937e-07,2.5838292e-06,-6.0431571e-06,-2.29853505e-08,2.36497203e-06,-3.47679219e-07
1695,6.780000,-0.372174114,-0.136789203,-0.0730912536,-0.0148019195,-0.0113652311,-0.725875914,-3.55390313e-07,2.55610189e-06,-6.04585966e-06,-2.10747277e-08,2.35786524e-06,-3.4804853e-07
1696,6.784000,-0.338785499,-0.124554366,-0.0630589202,-0.0164873451,-0.0112565588,-0.556497097,-3.5110844e-07,2.55325881e-06,-6.04994693e-06,-2.19594707e-08,2.34237382e-06,-3.44686384e-07
1697,6.788000,-0.32384491,-0.116989955,-0.0533942059,-0.0162462741,-0.0111878626,-0.554791749,-3.54461264e-07,2.58765021e-06,-6.03981835e-06,-2.36829294e-08,2.32909497e-06,-3.40836749e-07
1698,6.792000,-0.315599054,-0.114771299,-0.049920097,-0.0160501897,-0.0111170448,-0.553772449,-3.42671711e-07,2.58605996e-06,-6.04127445e-06,-2.33247981e-08,2.32483535e-06,-3.42907526e-07
1699,6.796000,-0.310904294,-0.114413977,-0.0488677397,-0.0159054846,-0.0110442899,-0.553106785,-3.3439315e-07,2.5821389e-06,-6.03323315e-06,-2.3424354e-08,2.35895504e-06,-3.66377634e-07
1700,6.800000,-0.308153808,-0.114625871,-0.0487363786,-0.0158205554,-0.0109701436,-0.55262351,-3.36676351e-07,2.58269711e-06,-6.03057015e-06,-2.45312961e-08,2.320867e-06,-3.45990458e-07
1701,6.804000,-0.30651328,-0.114938229,-0.0489212051,-0.0157734677,-0.0108949151,-0.552284002,-3.258329e-07,2.58159048e-06,-6.03485887e-06,-2.37926745e-08,2.33774517e-06,-3.60489253e-07
1702,6.808000,-0.305519283,-0.115198717,-0.0491835773,-0.0157596841,-0.0108186584,-0.552040935,-3.28815958e-07,2.58221576e-06,-6.03104218e-06,-2.21387637e-08,2.32478624e-06,-3.57265577e-07
1703,6.812000,-0.304916918,-0.115384795,-0.0494514257,-0.0157636106,-0.0107416976,-0.5518471,-3.28886784e-07,2.55210102e-06,-6.03751505e-06,-2.17565894e-08,2.3624093e-06,-3.80903714e-07
1704,6.816000,-0.304554492,-0.115504757,-0.0496887192,-0.0157835782,-0.0106641408,-0.551682949,-3.34342843e-07,2.57828287e-06,-6.0359298e-06,-2.03205346e-08,2.40309555e-06,-4.06215605e-07
1705,6.820000,-0.304340452,-0.115573406,-0.049893178,-0.0158085674,-0.0105862617,-0.551551104,-3.35407321e-07,2.54777456e-06,-6.04138722e-06,-1.19917685e-08,2.4411795e-06,-4.30001592e-07
1706,6.824000,-0.304222107,-0.115610749,-0.0500661656,-0.0158447102,-0.0105081163,-0.551436305,-3.31336508e-07,2.57633178e-06,-6.02489399e-06,-1.25995214e-08,2.48975425e-06,-4.60145145e-07
1707,6.828000,-0.304162592,-0.11563006,-0.0502203628,-0.0158848539,-0.0104298126,-0.551316857,-3.35131176e-07,2.57453166e-06,-6.04472007e-06,-7.22164017e-09,2.5134209e-06,-4.74167734e-07
1708,6.832000,-0.304141313,-0.115634784,-0.0503543168,-0.0159255341,-0.0103513747,-0.55121696,-3.3831256e-07,2.57633974e-06,-6.05816058e-06,-1.27910376e-08,2.53727194e-06,-4.90263858e-07
1709,6.836000,-0.304144114,-0.115633264,-0.050473623,-0.0159689486,-0.0102728661,-0.551122904,-3.32838681e-07,2.56641215e-06,-6.0633447e-06,-1.26122597e-08,2.58462433e-06,-5.19590969e-07
1710,6.840000,-0.304162145,-0.115627795,-0.0505821854,-0.0160142034,-0.0101942345,-0.551032245,-3.36573351e-07,2.56153339e-06,-6.05197511e-06,-6.2424661e-09,2.625658e-06,-5.46664126e-07
1711,6.844000,-0.266411185,-0.0987814963,-0.0381385311,-0.0184443593,-0.0100978455,-0.379436105,-3.39635875e-07,2.57355941e-06,-6.05576724e-06,-1.16720269e-08,2.66444226e-06,-5.69591805e-07
1712,6.848000,-0.249129266,-0.0895190537,-0.0285450667,-0.018224895,-0.010049467,-0.377977729,-3.42704482e-07,2.55577925e-06,-6.03781109e-06,-6.75521861e-09,2.70494161e-06,-5.96533482e-07
1713,6.852000,-0.239680111,-0.0862863958,-0.0253238603,-0.0180084109,-0.00999940466,-0.376945198,-3.46546898e-07,2.55210716e-06,-6.03257786e-06,-8.36302938e-09,2.7450094e-06,-6.21508093e-07
1714,6.856000,-0.234357134,-0.0853263885,-0.024595812,-0.0178530142,-0.00994740799,-0.376291633,-3.47874959e-07,2.56486487e-06,-6.03103445e-06,-9.48022105e-10,2.78328162e-06,-6.45192983e-07
1715,6.860000,-0.231280014,-0.0851572752,-0.0247836113,-0.0177482069,-0.00989374053,-0.375878543,-3.48300574e-07,2.55033729e-06,-6.03898934e-06,2.92696889e-09,2.82001156e-06,-6.68694497e-07
1716,6.864000,-0.22947225,-0.085212484,-0.0252429768,-0.0176855624,-0.00983884186,-0.375597358,-3.50689049e-07,2.54853717e-06,-6.03279568e-06,2.96405744e-09,2.84209182e-06,-6.81969709e-07
1717,6.868000,-0.228402779,-0.0852982402,-0.0257322863,-0.0176563114,-0.00978274457,-0.375417799,-3.5082212e-07,2.54232941e-06,-6.03486978e-06,6.41705888e-09,2.8966972e-06,-7.16543866e-07
1718,6.872000,-0.227772623,-0.0853582621,-0.0261638239,-0.017652221,-0.00972582959,-0.375292033,-3.49795812e-07,2.54701763e-06,-6.04121851e-06,7.8145419e-09,2.93021321e-06,-7.37307914e-07
1719,6.876000,-0.227410734,-0.0853881314,-0.026535891,-0.0176552236,-0.00966831297,-0.375210285,-3.53996654e-07,2.55810323e-06,-6.02847967e-06,1.01893463e-08,2.97261818e-06,-7.64841275e-07
1720,6.880000,-0.227213115,-0.0853967518,-0.0268418491,-0.017664887,-0.00961047783,-0.375162125,-3.58119195e-07,2.55383975e-06,-6.03678745e-06,7.66150166e-09,3.0129122e-06,-7.89473631e-07
1721,6.884000,-0.227121636,-0.0853933692,-0.0270934403,-0.0176838711,-0.00955246389,-0.375115126,-3.61945581e-07,2.55778127e-06,-6.02491036e-06,7.79028042e-09,3.03503816e-06,-8.03963303e-07
1722,6.888000,-0.22709401,-0.0853845477,-0.0272991061,-0.0177118331,-0.00949416682,-0.375085384,-3.54688922e-07,2.54901215e-06,-6.02304226e-06,7.2328934e-09,3.09871098e-06,-8.43325665e-07
1723,6.892000,-0.227108181,-0.0853764117,-0.0274772272,-0.0177402943,-0.00943581387,-0.375051349,-3.66747059e-07,2.538123e-06,-6.024291e-06,1.12357093e-08,3.1121192e-06,-8.525044e-07
1724,6.896000,-0.227147833,-0.0853687674,-0.0276330337,-0.0177619904,-0.00937740132,-0.375042617,-3.68303574e-07,2.53571397e-06,-6.02545515e-06,1.47570507e-08,3.14577392e-06,-8.73659758e-07
1725,6.900000,-0.227204397,-0.0853685364,-0.0277702808,-0.017795518,-0.00931883976,-0.375021279,-3.67783997e-07,2.51852885e-06,-6.03082617e-06,1.33459235e-08,3.1786517e-06,-8.94429377e-07
1726,6.904000,-0.187337831,-0.0664894804,-0.0149662495,-0.0205970332,-0.00923865847,-0.208170861,-3.67550825e-07,2.5484967e-06,-6.04320758e-06,1.28096822e-08,3.22774395e-06,-9.25826157e-07
1727,6.908000,-0.168731987,-0.0572977215,-0.00737402216,-0.0201884657,-0.0092115216,-0.205217779,-3.73725925e-07,2.55242071e-06,-6.06050071e-06,1.46598076e-08,3.24822327e-06,-9.38141056e-07
1728,6.912000,-0.158686206,-0.0541101545,-0.00565315038,-0.0198992863,-0.00918241963,-0.203780264,-3.68019471e-07,2.55203486e-06,-6.05695277e-06,1.52054067e-08,3.29252134e-06,-9.65063464e-07
1729,6.916000,-0.153109729,-0.0529154316,-0.00567402691,-0.0197308511,-0.00915102568,-0.20315659,-3.76520575e-07,2.55046939e-06,-6.04331535e-06,1.9997513e-08,3.31609908e-06,-9.80878895e-07
1730,6.920000,-0.149922594,-0.0524176508,-0.00618657097,-0.0196318552,-0.00911779888,-0.202892631,-3.77474407e-07,2.54795987e-06,-6.04059642e-06,1.69841616e-08,3.3494855e-06,-1.00196053e-06
1731,6.924000,-0.148070559,-0.0521616563,-0.00676379353,-0.0195773393,-0.00908308662,-0.20280616,-3.7911559e-07,2.54528686e-06,-6.03000581e-06,2.422507e-08,3.38376617e-06,-1.02326487e-06
1732,6.928000,-0.146988273,-0.0519946851,-0.00726854429,-0.0195545927,-0.00904719159,-0.202795982,-3.74965055e-07,2.54212364e-06,-6.05755304e-06,2.44457574e-08,3.42977455e-06,-1.05224274e-06
1733,6.932000,-0.146364823,-0.0518683121,-0.0076790005,-0.0195482075,-0.00901038665,-0.202836409,-3.84083535e-07,2.54605357e-06,-6.07464062e-06,2.67352114e-08,3.452275e-06,-1.06644438e-06
1734,6.936000,-0.146021768,-0.0517682619,-0.00800381601,-0.0195520744,-0.00897297449,-0.202895403,-3.78555058e-07,2.54887027e-06,-6.07985385e-06,2.69820362e-08,3.51206108e-06,-1.10381609e-06
1735,6.940000,-0.145851389,-0.0516935289,-0.00825702399,-0.019565694,-0.00893511623,-0.202970594,-3.81091269e-07,2.54919905e-06,-6.07595484e-06,3.06861381e-08,3.54683584e-06,-1.12598252e-06
1736,6.944000,-0.145788968,-0.0516373478,-0.00845658779,-0.0195835531,-0.00889708195,-0.203051403,-3.90822152e-07,2.54514475e-06,-6.05502646e-06,3.08826102e-08,3.55515317e-06,-1.13152919e-06
1737,6.948000,-0.145794332,-0.0516030118,-0.00861895457,-0.019604139,-0.0088588763,-0.203116745,-3.85381696e-07,2.54064844e-06,-6.05704145e-06,3.12640225e-08,3.599509e-06,-1.15838179e-06
1738,6.952000,-0.145842597,-0.0515859425,-0.00875139236,-0.0196249709,-0.00882061943,-0.203201115,-3.92887443e-07,2.55477767e-06,-6.04155775e-06,2.95038483e-08,3.62261562e-06,-1.17419563e-06
1739,6.956000,-0.145917296,-0.0515872911,-0.00886682048,-0.0196515992,-0.00878220797,-0.203251421,-3.95190654e-07,2.538525e-06,-6.04882325e-06,3.50926896e-08,3.65700771e-06,-1.19562787e-06
1740,6.960000,-0.146007925,-0.0515945442,-0.00896300003,-0.01967071,-0.00874387845,-0.203340873,-3.95715716e-07,2.53364874e-06,-6.04975685e-06,3.48793776e-08,3.70717544e-06,-1.22709844e-06
1741,6.964000,-0.10288623,-0.0366358235,-0.00606177188,-0.0219757035,-0.00868669152,-0.03019014,-3.92539022e-07,2.53423082e-06,-6.04443539e-06,3.4047769e-08,3.75252216e-06,-1.25487213e-06
1742,6.968000,-0.0831104815,-0.026679676,-0.000465236604,-0.02154148,-0.00868028589,-0.0271527618,-3.97108863e-07,2.5182344e-06,-6.04708839e-06,3.81059735e-08,3.77272227e-06,-1.26904001e-06
1743,6.972000,-0.0724858195,-0.0223314669,0.00081622228,-0.021245338,-0.00867243577,-0.0258015171,-4.06155067e-07,2.51682968e-06,-6.05799323e-06,3.84157381e-08,3.77958395e-06,-1.27269107e-06
1744,6.976000,-0.0665693134,-0.0202428177,0.00073079206,-0.0210509375,-0.00866221637,-0.0251211375,-4.03989418e-07,2.53196595e-06,-6.0670136e-06,4.22626769e-08,3.82741655e-06,-1.30336264e-06
1745,6.980000,-0.0631806031,-0.0191368032,0.000282652676,-0.0209279694,-0.00864991546,-0.0247809812,-4.08140153e-07,2.53432268e-06,-6.0675643e-06,4.57064608e-08,3.86229613e-06,-1.32550736e-06
1746,6.984000,-0.0612103641,-0.0184956416,-0.000177908689,-0.0208551288,-0.00863583665,-0.0246040523,-4.10424377e-07,2.51965298e-06,-6.0522857e-06,4.31179892e-08,3.89690922e-06,-1.34725587e-06
1747,6.988000,-0.0600643829,-0.0180987269,-0.000553932041,-0.0208106972,-0.00862042047,-0.024548173,-4.0280645e-07,2.51374649e-06,-6.04537672e-06,4.95272019e-08,3.95627831e-06,-1.38352641e-06
1748,6.992000,-0.0594111308,-0.0178536382,-0.000842789188,-0.0207911991,-0.00860397145,-0.0245186314,-4.13468911e-07,2.4960982e-06,-6.06416779e-06,4.30265779e-08,3.96117002e-06,-1.38737653e-06
1749,6.996000,-0.0590609387,-0.0177087113,-0.0010559652,-0.0207844116,-0.00858682953,-0.0245393962,-4.11147994e-07,2.4966746e-06,-6.0698344e-06,4.87991265e-08,4.00494946e-06,-1.41510679e-06
1750,7.000000,-0.0588976666,-0.0176342651,-0.00121204928,-0.020783972,-0.00856931135,-0.0245972946,-4.10775044e-07,2.5104971e-06,-6.06228878e-06,5.39212124e-08,4.03149625e-06,-1.43096804e-06
1751,7.004000,-0.058850944,-0.017611267,-0.00133193657,-0.0207912773,-0.00855150912,-0.0246329159,-4.17618139e-07,2.52684367e-06,-6.04772731e-06,4.88945666e-08,4.04938555e-06,-1.44354715e-06
1752,7.008000,-0.0588778816,-0.0176267195,-0.00142363645,-0.020805791,-0.00853350945,-0.0246760771,-4.09287281e-07,2.50759626e-06,-6.06980893e-06,5.39062022e-08,4.10218172e-06,-1.47493051e-06
1753,7.012000,-0.058950197,-0.0176666826,-0.00149302371,-0.0208172947,-0.00851549301,-0.0247469768,-4.26636745e-07,2.51182746e-06,-6.06161848e-06,5.41436052e-08,4.09567019e-06,-1.47279104e-06
1754,7.016000,-0.0590510033,-0.0177272465,-0.00154917687,-0.0208302364,-0.00849742815,-0.0248212963,-4.22386421e-07,2.50915809e-06,-6.07502125e-06,5.55192088e-08,4.13844373e-06,-1.50012534e-06
1755,7.020000,-0.0591688119,-0.0178041868,-0.0015987996,-0.0208454244,-0.00847931206,-0.0248826295,-4.25805439e-07,2.49688173e-06,-6.07215588e-06,5.4113702e-08,4.16959665e-06,-1.51942845e-06
1756,7.024000,-0.0256534312,-0.00875564851,-0.00657027867,-0.00194924045,0.0013138674,-0.0019339053,-4.23413724e-07,2.51068673e-06,-6.05869172e-06,5.44243903e-08,4.20848073e-06,-1.54407883e-06
1757,7.028000,-0.00947341137,-0.00432028715,-0.0033229664,-0.0012719091,0.00155290077,-0.00193221681,-4.30506077e-07,2.50448147e-06,-6.04854267e-06,6.02646821e-08,4.22266339e-06,-1.55254202e-06
1758,7.032000,-0.00123302569,-0.00395738706,-0.00251982827,-0.00063075684,0.00152825378,-0.00193221215,-4.32019419e-07,2.48952142e-06,-6.06171352e-06,5.47478294e-08,4.24784048e-06,-1.56859608e-06
1759,7.036000,-0.000871303258,-0.00432650652,-0.00246413006,-1.21071935e-07,0.00152815273,-0.00193206733,-4.33679446e-07,2.50182939e-06,-6.05010518e-06,6.40232116e-08,4.26934366e-06,-1.58253363e-06
1760,7.040000,-0.000780332834,-0.00446525775,-0.0027456875,-0.00151715986,-0.000121355988,1.03814527e-05,-4.33646022e-07,2.50196945e-06,-6.04297566e-06,5.2949332e-08,4.27148916e-06,-1.58256103e-06
1761,7.044000,-0.000744069461,-0.00433098665,-0.00288731325,-0.00270872377,-0.00134793762,0.00141896214,-4.39783463e-07,2.4878525e-06,-6.07023094e-06,5.58671367e-08,4.27249415e-06,-1.58454338e-06
1762,7.048000,-0.000738626812,-0.00423158566,-0.00302601745,-0.00293823006,-0.0015907234,0.00169284409,-4.40791126e-07,2.49151663e-06,-6.06722733e-06,5.85738249e-08,4.27295345e-06,-1.58507964e-06
1763,7.052000,-0.000738475705,-0.00416582217,-0.00308295293,-0.00301696407,-0.00167631474,0.00179391308,-4.41239735e-07,2.49139134e-06,-6.06686899e-06,6.01815913e-08,4.27304985e-06,-1.58517025e-06
1764,7.056000,-0.000742436154,-0.00412383955,-0.00309413904,-0.00308643514,-0.00175140193,0.0018871231,-4.41631499e-07,2.49126674e-06,-6.06651201e-06,5.80585109e-08,4.27322675e-06,-1.58524119e-06
1765,7.060000,-0.000747416867,-0.00409543002,-0.0030835839,-0.0031157895,-0.0017827251,0.00193014741,-4.42007575e-07,2.49140271e-06,-6.06675258e-06,5.96567489e-08,4.27372925e-06,-1.58559453e-06
1766,7.064000,-0.000752615277,-0.00407862244,-0.00306495652,-0.00310764415,-0.0017757304,0.00193018094,-4.42395219e-07,2.49134473e-06,-6.06654612e-06,5.84720787e-08,4.27378927e-06,-1.58566399e-06
1767,7.068000,-0.000759518472,-0.00406857207,-0.00304309186,-0.00309572369,-0.00176619296,0.00193023542,-4.42749524e-07,2.49143227e-06,-6.06667982e-06,5.93765002e-08,4.27393388e-06,-1.58577404e-06
1768,7.072000,-0.000766921788,-0.0040641739,-0.00302311592,-0.00306666642,-0.00173761835,0.00190821989,-4.43099907e-07,2.49140317e-06,-6.06654748e-06,5.86543365e-08,4.27398345e-06,-1.58606986e-06
1769,7.076000,-0.00077210064,-0.00405952753,-0.00300418725,-0.00301104551,-0.00168573461,0.00186003419,-4.43444719e-07,2.49145728e-06,-6.06660296e-06,5.90941411e-08,4.27400983e-06,-1.58617718e-06
1770,7.080000,-0.000778391492,-0.00405835034,-0.00298218941,-0.00296487566,-0.00164151727,0.00182027277,-4.43784756e-07,2.49146024e-06,-6.06654521e-06,5.88356919e-08,4.27404302e-06,-1.58645935e-06
1771,7.084000,-0.00078458176,-0.00405484904,-0.00296129612,-0.0029227701,-0.00160224107,0.00178660266,-4.44128744e-07,2.49149844e-06,-6.06656613e-06,5.90470393e-08,4.27418854e-06,-1.58656326e-06
1772,7.088000,-0.000790962717,-0.00405258359,-0.00294245128,-0.00288202008,-0.00156252971,0.00175126921,-4.44461989e-07,2.49150116e-06,-6.06650883e-06,5.87866538e-08,4.27468149e-06,-1.58660873e-06
1773,7.092000,-0.000797513407,-0.00405180361,-0.00292402506,-0.00283218222,-0.00151567184,0.00170959672,-4.44809075e-07,2.491538e-06,-6.06652929e-06,5.90025131e-08,4.27471923e-06,-1.58671651e-06
1774,7.096000,-0.000802540686,-0.00404694071,-0.00290443143,-0.00278786523,-0.00147458818,0.0016727678,-4.44409466e-07,2.49151685e-06,-6.06648609e-06,5.87376192e-08,4.27453369e-06,-1.58676107e-06
1775,7.100000,-0.000807370059,-0.0040420983,-0.00288149435,-0.0027488647,-0.00143844937,0.0016408728,-4.43762985e-07,2.49151753e-06,-6.06651793e-06,5.8929686e-08,4.27373288e-06,-1.58661339e-06
1776,7.104000,-0.000814197119,-0.0040378524,-0.0028613871,-0.00271813618,-0.0014078361,0.00161552429,-4.43955372e-07,2.49151208e-06,-6.06645835e-06,5.86717235e-08,4.27403256e-06,-1.58661101e-06
1777,7.108000,-0.00081805652,-0.0040292386,-0.00283812825,-0.00267859129,-0.00137151382,0.00158260716,-4.41884964e-07,2.49146706e-06,-6.06652702e-06,5.8846144e-08,4.27253735e-06,-1.58607895e-06
1778,7.112000,-0.000824101502,-0.00402639573,-0.00281873485,-0.00262911012,-0.00132439262,0.00153955375,-4.37934773e-07,2.49130039e-06,-6.06657613e-06,5.87446465e-08,4.27097984e-06,-1.5855926e-06
1779,7.116000,-0.000829038443,-0.00402229186,-0.00280171353,-0.00258682948,-0.00128545193,0.00150497095,-4.2720751e-07,2.49101572e-06,-6.06716412e-06,5.97833605e-08,4.271747e-06,-1.58424939e-06
1780,7.120000,-0.000834191334,-0.0040168236,-0.00277946237,-0.00254890509,-0.00124896714,0.00147202471,-4.45005355e-07,2.49328264e-06,-6.06555932e-06,5.6072146e-08,4.22414223e-06,-1.56028545e-06
1781,7.124000,-0.000838469365,-0.00401122682,-0.00275840331,-0.00250855135,-0.00121095823,0.00143694784,-4.45146782e-07,2.51821393e-06,-6.04428078e-06,6.28124965e-08,4.27491932e-06,-1.58724993e-06
1782,7.128000,-0.000842602458,-0.00400327519,-0.00273634028,-0.00247735297,-0.00118196732,0.0014116622,-4.47229866e-07,2.51530992e-06,-6.04869228e-06,6.35765645e-08,4.27622081e-06,-1.58810644e-06
1783,7.132000,-0.000847801915,-0.00399646582,-0.00271586608,-0.00244290195,-0.0011493552,0.00138338003,-4.47747368e-07,2.51581764e-06,-6.04607385e-06,6.05238739e-08,4.27692839e-06,-1.5881983e-06
1784,7.136000,-0.000851910328,-0.00398981385,-0.00269405358,-0.00240272144,-0.00111251185,0.00135011785,-4.48064014e-07,2.51551864e-06,-6.04910474e-06,6.14395006e-08,4.2772067e-06,-1.58828823e-06
1785,7.140000,-0.000857312931,-0.00398274697,-0.00267702527,-0.00236880686,-0.00108032674,0.00132245943,-4.48342234e-07,2.51608844e-06,-6.04665456e-06,5.95544378e-08,4.27707118e-06,-1.58853902e-06
1786,7.144000,-0.000860276166,-0.00397309801,-0.00265532779,-0.00233219191,-0.00104700378,0.00129173161,-4.48566141e-07,2.5157151e-06,-6.04952902e-06,6.3263677e-08,4.27730765e-06,-1.58865976e-06
1787,7.148000,-0.000864665606,-0.00396698713,-0.00263523031,-0.00229020137,-0.0010066072,0.00125355949,-4.4882168e-07,2.51607071e-06,-6.04659044e-06,6.20709741e-08,4.27717123e-06,-1.58866533e-06
1788,7.152000,-0.000868845615,-0.00395884691,-0.00261710724,-0.00226036552,-0.000980381621,0.00123237655,-4.49037742e-07,2.51560505e-06,-6.04924981e-06,6.43943849e-08,4.27752093e-06,-1.58872376e-06
1789,7.156000,-0.000873718411,-0.00395173766,-0.00259717414,-0.00223120116,-0.000952861737,0.00120912795,-4.4929854e-07,2.51602978e-06,-6.04646675e-06,6.04085955e-08,4.27762143e-06,-1.58908608e-06
1790,7.160000,-0.00087685429,-0.00394134782,-0.00257793721,-0.00219083484,-0.000915045151,0.0011731179,-4.49527846e-07,2.51577762e-06,-6.04961087e-06,6.2028839e-08,4.27773375e-06,-1.58902742e-06
1791,7.164000,-0.000880857115,-0.00393497571,-0.00255689025,-0.00216250075,-0.000888868934,0.00115062809,-4.49770226e-07,2.51631286e-06,-6.04708293e-06,6.33998951e-08,4.27758232e-06,-1.58925877e-06
1792,7.168000,-0.000884511392,-0.00392712699,-0.00253998395,-0.00212016422,-0.000849153148,0.00111307413,-4.49974323e-07,2.51610049e-06,-6.04659226e-06,5.98882366e-08,4.27791247e-06,-1.58954242e-06
1793,7.172000,-0.00088739919,-0.00391568337,-0.00251378119,-0.00209773704,-0.000828745542,0.00109567749,-4.50203714e-07,2.51593087e-06,-6.04992601e-06,6.26749141e-08,4.27826035e-06,-1.58942498e-06
1794,7.176000,-0.0008904438,-0.00390530447,-0.00249475753,-0.00207063183,-0.000803602627,0.00107312342,-4.50443423e-07,2.51640063e-06,-6.04724619e-06,6.31126085e-08,4.27787927e-06,-1.58965349e-06
1795,7.180000,-0.000894831377,-0.00389683363,-0.00247547915,-0.00204055756,-0.000775027089,0.00104804244,-4.50625862e-07,2.5162542e-06,-6.04690695e-06,6.05419501e-08,4.27842815e-06,-1.58992827e-06
1796,7.184000,-0.000897826045,-0.00388720445,-0.00245727785,-0.00200493913,-0.000742548844,0.00101811322,-4.50864945e-07,2.51642223e-06,-6.04727575e-06,5.86619215e-08,4.27841587e-06,-1.58980993e-06
1797,7.188000,-0.000901059946,-0.00387648563,-0.00243770285,-0.00197030092,-0.000710160471,0.000987962587,-4.51072566e-07,2.51663346e-06,-6.04774823e-06,6.1203977e-08,4.27849955e-06,-1.58979731e-06
1798,7.192000,-0.000904507819,-0.00386792887,-0.00241924287,-0.0019424588,-0.000684280647,0.000965013402,-4.51282148e-07,2.51653182e-06,-6.0475104e-06,5.93257354e-08,4.27836721e-06,-1.58990304e-06
1799,7.196000,-0.000907456735,-0.00385678443,-0.0023989419,-0.00191618619,-0.000659418874,0.00094226934,-4.51460949e-07,2.51665938e-06,-6.04779598e-06,6.07091977e-08,4.27866917e-06,-1.59011495e-06
1800,7.200000,-0.000910373288,-0.00384558295,-0.00238150195,-0.00188593171,-0.000633473857,0.000920390477,-4.51665272e-07,2.51662345e-06,-6.04770821e-06,5.97573688e-08,4.27841405e-06,-1.5900423e-06
1801,7.204000,0.0109499181,0.00877890363,0.00412992481,0.00581181049,0.00146932993,0.00195192546,-4.51856295e-07,2.51671804e-06,-6.04791694e-06,6.06791488e-08,4.27872828e-06,-1.59019532e-06
1802,7.208000,0.0165736303,0.0127083771,0.00626990758,0.00619107112,0.00158894062,0.00195278227,-4.52038677e-07,2.51669962e-06,-6.04786965e-06,5.99641936e-08,4.27857913e-06,-1.59035085e-06
1803,7.212000,0.0200747289,0.0146379946,0.00686784089,0.00636779517,0.00164326187,0.00195318088,-4.5222248e-07,2.51677807e-06,-6.04804109e-06,6.06467907e-08,4.27877194e-06,-1.59056003e-06
1804,7.216000,0.0224588066,0.0158810169,0.00705332495,0.0064807348,0.00167959183,0.00195344537,-4.52414099e-07,2.51677602e-06,-6.04802699e-06,6.01689862e-08,4.27909481e-06,-1.59042418e-06
1805,7.220000,0.0242453534,0.0168479774,0.00712848641,0.00656232797,0.00170718227,0.00195368752,-4.52595657e-07,2.51683787e-06,-6.04816523e-06,6.06226251e-08,4.27895066e-06,-1.59063734e-06
1806,7.224000,0.0256907213,0.0177045353,0.00718378276,0.00662415661,0.00172983203,0.00195393339,-4.52765221e-07,2.51685083e-06,-6.04818797e-06,6.03752426e-08,4.27913983e-06,-1.59078206e-06
1807,7.228000,0.0269337222,0.0185248703,0.00724422187,0.00667625107,0.00175268715,0.001954142,-4.5293956e-07,2.51689949e-06,-6.04828801e-06,6.0592221e-08,4.27898249e-06,-1.59069418e-06
1808,7.232000,0.0280498862,0.019324176,0.00732542947,0.0067207776,0.00177096389,0.00195435062,-4.53110857e-07,2.51692836e-06,-6.04835259e-06,6.0580156e-08,4.27917348e-06,-1.5908978e-06
1809,7.236000,0.029080309,0.0201012678,0.00741695985,0.0067594517,0.00179010583,0.00195453689,-4.53269109e-07,2.51695701e-06,-6.0484158e-06,6.05651849e-08,4.27924306e-06,-1.59098056e-06
1810,7.240000,0.0300507378,0.0208570883,0.00751537457,0.0067953039,0.00180813763,0.00195472687,-4.53440464e-07,2.51700385e-06,-6.04851266e-06,6.07824688e-08,4.27967188e-06,-1.59100694e-06
1811,7.244000,0.0309778154,0.0215953328,0.00762437657,0.00682799704,0.00182493962,0.00195491314,-4.53623443e-07,2.51703568e-06,-6.04857723e-06,6.07761592e-08,4.27964233e-06,-1.59104263e-06
1812,7.248000,0.031870462,0.02231309,0.00773649663,0.00685909577,0.0018423805,0.00195512921,-4.53777375e-07,2.51706456e-06,-6.04863817e-06,6.07646911e-08,4.27947316e-06,-1.59112051e-06
1813,7.252000,0.0327348821,0.0230164006,0.00785182044,0.00689044781,0.00185684534,0.00195529684,-4.53912236e-07,2.51709184e-06,-6.04869592e-06,6.07441137e-08,4.27964596e-06,-1.59130946e-06
1814,7.256000,0.0335747227,0.0236980543,0.007967012,0.0069178734,0.0018729968,0.00195546076,-4.54078247e-07,2.51714096e-06,-6.0487987e-06,6.09728943e-08,4.27937084e-06,-1.5914477e-06
1815,7.260000,0.0343941152,0.0243669469,0.00808393396,0.00694582425,0.00188939972,0.00195566192,-4.5421254e-07,2.51716892e-06,-6.04886236e-06,6.0957575e-08,4.27989835e-06,-1.59140711e-06
1816,7.264000,5.31850383e-05,0.0207121894,0.0036511831,0.00492270291,0.00132088177,0.00195190124,-4.54380086e-07,2.51719962e-06,-6.04892466e-06,6.09489845e-08,4.27985333e-06,-1.59148726e-06
1817,7.268000,-0.00056570489,0.0212616511,1.19283795e-05,0.00347779319,0.00116616441,0.00195098482,-4.54525463e-07,2.5172294e-06,-6.04898469e-06,6.09363582e-08,4.27980376e-06,-1.59150409e-06
1818,7.272000,-0.000678688753,0.0223860219,-0.000252831727,0.00341202691,0.00123528298,0.00195153244,-4.54655179e-07,2.51727351e-06,-6.04908246e-06,6.11520719e-08,4.28008752e-06,-1.59156878e-06
1819,7.276000,-0.000751353567,0.0227240697,-0.000369634479,0.00475791097,0.00264377519,0.000454317778,-4.54806639e-07,2.51730489e-06,-6.04914612e-06,6.11496631e-08,4.27980831e-06,-1.59182207e-06
1820,7.280000,-0.000793593936,0.0228181127,-0.000421535224,0.00561738014,0.00352904387,-0.000552784652,-4.54934224e-07,2.51733218e-06,-6.04920842e-06,6.11402271e-08,4.28021394e-06,-1.59182969e-06
1821,7.284000,-0.000819089822,0.0228884928,-0.00045864284,0.00587583706,0.00380001147,-0.000855958089,-4.55100178e-07,2.5177651e-06,-6.04645493e-06,5.73947112e-08,4.28014846e-06,-1.59190574e-06
1822,7.288000,-0.000837751664,0.0229603741,-0.000541582704,0.0060005933,0.00393063854,-0.00099108927,-4.55213126e-07,2.51750225e-06,-6.04959087e-06,5.90183582e-08,4.28044677e-06,-1.59191234e-06
1823,7.292000,-0.000852252124,0.0230369717,-0.000664193183,0.00611961633,0.00404825993,-0.00110996887,-4.55360862e-07,2.51801225e-06,-6.04701609e-06,6.01636003e-08,4.28013982e-06,-1.59198032e-06
1824,7.296000,-0.000867867842,0.0231136158,-0.000818807632,0.00624460354,0.00416790834,-0.00122646801,-4.5546841e-07,2.51740494e-06,-6.04936713e-06,6.06291266e-08,4.28057047e-06,-1.59239585e-06
1825,7.300000,-0.000879460014,0.0231951308,-0.000973235816,0.00635128096,0.0042692353,-0.00132585503,-4.5560617e-07,2.51793676e-06,-6.04684101e-06,5.82805306e-08,4.28025123e-06,-1.59210958e-06
1826,7.304000,-0.000893743476,0.0232757367,-0.00113967434,0.00644913688,0.00436103344,-0.00140928477,-4.55720567e-07,2.51757479e-06,-6.04975139e-06,6.22360758e-08,4.28044086e-06,-1.59217302e-06
1827,7.308000,-0.000904848799,0.0233637318,-0.00129591301,0.00651747361,0.00442253286,-0.00145908259,-4.55854945e-07,2.51790948e-06,-6.04677462e-06,6.08226713e-08,4.2803631e-06,-1.59217643e-06
1828,7.312000,-0.000917806989,0.0234490912,-0.00145674124,0.00659404323,0.00449302467,-0.00151802041,-4.55959906e-07,2.51745496e-06,-6.04947081e-06,5.96629661e-08,4.28055364e-06,-1.5924694e-06
1829,7.316000,-0.000929504866,0.0235340074,-0.00161862746,0.00666900724,0.00456126034,-0.0015754234,-4.56092039e-07,2.51811548e-06,-6.04723891e-06,5.91724856e-08,4.28046633e-06,-1.59247588e-06
1830,7.320000,-0.000941988546,0.0236202106,-0.00177145004,0.00672864541,0.00461519789,-0.00161495619,-4.56195437e-07,2.51767187e-06,-6.04996467e-06,6.19670502e-08,4.28042404e-06,-1.59253455e-06
1831,7.324000,-0.00407576142,0.0427519009,-0.0486971736,0.0938509107,0.00589502696,0.00198297203,-4.56313984e-07,2.5180716e-06,-6.04713659e-06,6.14859488e-08,4.28056273e-06,-1.59253113e-06
1832,7.328000,-0.00517316349,0.0425013267,-0.0838569701,0.13579458,0.00873768236,-0.0018853955,-4.56416103e-07,2.51755068e-06,-6.04968591e-06,6.31181933e-08,4.28053318e-06,-1.5928282e-06
1833,7.332000,-0.00660957024,0.0439325124,-0.0980738699,0.145894766,0.00857455842,-0.00188665837,-4.56526067e-07,2.51802089e-06,-6.04701472e-06,5.9838527e-08,4.28067506e-06,-1.59258786e-06
1834,7.336000,-0.00786235556,0.047867503,-0.101904973,0.145234972,0.00857057702,-0.0018867515,-4.56633103e-07,2.51772735e-06,-6.05007926e-06,6.10008826e-08,4.2810866e-06,-1.5926471e-06
1835,7.340000,-0.00880951621,0.0510178357,-0.104306117,0.144917905,0.00857923739,-0.0018867366,-4.56772256e-07,2.51825986e-06,-6.04755314e-06,5.86530859e-08,4.28100066e-06,-1.59264641e-06
1836,7.344000,-0.0095064342,0.0536436662,-0.105954491,0.144800901,0.00858970452,-0.00188671425,-4.56870339e-07,2.5179163e-06,-6.050504e-06,6.28439238e-08,4.28072326e-06,-1.59270292e-06
1837,7.348000,-0.0100505855,0.055770766,-0.107157603,0.144759506,0.00860059354,-0.00188668072,-4.56949948e-07,2.51823053e-06,-6.0474872e-06,6.11996853e-08,4.28108842e-06,-1.59292483e-06
1838,7.352000,-0.0105060376,0.0574915744,-0.108073734,0.144783571,0.00860986114,-0.00188664719,-4.57059741e-07,2.5177942e-06,-6.0502216e-06,6.02722992e-08,4.28126714e-06,-1.5932078e-06
1839,7.356000,-0.0109110903,0.0589071363,-0.108773828,0.144821376,0.00862151571,-0.00188658386,-4.57184257e-07,2.51844062e-06,-6.04795696e-06,5.95519438e-08,4.28105704e-06,-1.59302954e-06
1840,7.360000,-0.0112852026,0.0600831993,-0.109331593,0.144909441,0.00862998981,-0.00188659877,-4.57258778e-07,2.51801202e-06,-6.05071682e-06,6.25788488e-08,4.28087924e-06,-1.59295848e-06
1841,7.364000,-0.0116404342,0.0610859655,-0.109766275,0.144993111,0.00864031725,-0.00188658014,-4.57351007e-07,2.51839401e-06,-6.04784964e-06,6.18684197e-08,4.28114572e-06,-1.59312515e-06
1842,7.368000,-0.0119835977,0.0619462132,-0.110134572,0.145117685,0.00864568166,-0.00188660249,-4.57447697e-07,2.51789038e-06,-6.05043215e-06,6.37308943e-08,4.28132262e-06,-1.59322872e-06
1843,7.372000,-0.0123163965,0.0627074689,-0.110431865,0.145240024,0.00865323935,-0.00188656896,-4.57547458e-07,2.51834399e-06,-6.0477264e-06,6.02257444e-08,4.28122848e-06,-1.59316096e-06
1844,7.376000,-0.0126423724,0.063393198,-0.11067681,0.145354301,0.00866143778,-0.00188655034,-4.57623827e-07,2.51805113e-06,-6.05079276e-06,6.13880289e-08,4.28140265e-06,-1.59327055e-06
1845,7.380000,-0.0129610253,0.0640204996,-0.110879064,0.145466119,0.00866871234,-0.00188652053,-4.57730948e-07,2.51859638e-06,-6.04829938e-06,5.92720575e-08,4.28118847e-06,-1.59320041e-06
1846,7.384000,0.00110207312,0.0586034618,-0.184169859,0.281843245,0.00535805989,-0.00190859183,-4.5781195e-07,2.5186373e-06,-6.04839624e-06,5.94977791e-08,4.28134217e-06,-1.59335877e-06
1847,7.388000,0.00159316114,0.0782078132,-0.182863176,0.285614133,0.00505236257,-0.00191100221,-4.57915888e-07,2.51866368e-06,-6.04845718e-06,5.94935941e-08,4.28126214e-06,-1.5932311e-06
1848,7.392000,0.00154526043,0.0894806013,-0.184985787,0.286261052,0.00502003357,-0.00191118137,-4.57982026e-07,2.51868732e-06,-6.04851311e-06,5.94841367e-08,4.28141857e-06,-1.59339004e-06
1849,7.396000,0.00150961056,0.0967921093,-0.187515289,0.286265492,0.00500942022,-0.001911239,-4.58072577e-07,2.51871393e-06,-6.0485736e-06,5.94781575e-08,4.28123167e-06,-1.59349793e-06
1850,7.400000,0.00149618322,0.101861238,-0.189709008,0.286120087,0.00500553288,-0.00191128859,-4.5814474e-07,2.51875508e-06,-6.04867182e-06,5.97046963e-08,4.28160638e-06,-1.59341687e-06
1851,7.404000,0.00149370916,0.105505206,-0.191464543,0.285934329,0.00500684697,-0.00191125076,-4.5822739e-07,2.51876213e-06,-6.04869138e-06,5.94641527e-08,4.2817619e-06,-1.59357876e-06
1852,7.408000,0.00149764563,0.108185291,-0.192842379,0.285767078,0.00501106028,-0.00191122666,-4.58318141e-07,2.51882079e-06,-6.04882825e-06,5.99238277e-08,4.28168414e-06,-1.59344711e-06
1853,7.412000,0.00150425266,0.110198207,-0.19391191,0.285638571,0.00501484238,-0.00191118859,-4.58389508e-07,2.51881261e-06,-6.04880961e-06,5.94522547e-08,4.28171688e-06,-1.59360354e-06
1854,7.416000,0.00150973955,0.111744747,-0.19472155,0.285517931,0.00501958653,-0.00191117439,-4.58473295e-07,2.51887286e-06,-6.04894467e-06,5.99170846e-08,4.28163594e-06,-1.59352817e-06
1855,7.420000,0.00151741249,0.112944528,-0.195355892,0.285454303,0.00502101798,-0.00191115914,-4.58540143e-07,2.518879e-06,-6.04896331e-06,5.96735035e-08,4.28178055e-06,-1.59362196e-06
1856,7.424000,0.00152206933,0.113905355,-0.195833415,0.285392195,0.00502336398,-0.00191116461,-4.58622537e-07,2.51892197e-06,-6.04906381e-06,5.99000458e-08,4.28158728e-06,-1.59378067e-06
1857,7.428000,0.00152766006,0.114681095,-0.196214885,0.285373688,0.00502454303,-0.001911161,-4.58683161e-07,2.51894699e-06,-6.04912339e-06,5.98895156e-08,4.28195835e-06,-1.59363594e-06
1858,7.432000,0.00153141352,0.115328491,-0.196500331,0.285351247,0.00502706785,-0.00191113993,-4.58763822e-07,2.51897404e-06,-6.04918432e-06,5.98880945e-08,4.2815318e-06,-1.59385456e-06
1859,7.436000,0.00153474766,0.115871303,-0.196725488,0.285347164,0.00502689742,-0.00191115111,-4.58820978e-07,2.51901474e-06,-6.049283e-06,6.01157382e-08,4.28190469e-06,-1.59388446e-06
1860,7.440000,0.00153616723,0.116345361,-0.196891636,0.285328805,0.00502771605,-0.00191118056,-4.58885268e-07,2.51902452e-06,-6.04930619e-06,5.98749139e-08,4.28181238e-06,-1.59391993e-06
1861,7.444000,0.00244561769,0.116623253,-0.239181295,0.357285559,0.00251889369,-0.00192785263,-4.58964422e-07,2.51908432e-06,-6.04944171e-06,6.03377686e-08,4.28184876e-06,-1.59390106e-06
1862,7.448000,0.00238295062,0.130880326,-0.241212323,0.358285397,0.00245911651,-0.00192863122,-4.59023056e-07,2.51907795e-06,-6.0494267e-06,5.98698193e-08,4.28175781e-06,-1.59393221e-06
1863,7.452000,0.00234171632,0.139842734,-0.244096726,0.358365953,0.00242552604,-0.00192885101,-4.59095645e-07,2.51913639e-06,-6.0495604e-06,6.03250925e-08,4.28178828e-06,-1.59396711e-06
1864,7.456000,0.00233137142,0.145907983,-0.24665913,0.358153552,0.00240936875,-0.00192900188,-4.59154961e-07,2.51914412e-06,-6.04958404e-06,6.00873733e-08,4.28193198e-06,-1.59394187e-06
1865,7.460000,0.00233869976,0.150162309,-0.248731062,0.35787195,0.00239969487,-0.0019290857,-4.5922647e-07,2.51918641e-06,-6.04967681e-06,6.03113435e-08,4.28172871e-06,-1.59403362e-06
1866,7.464000,0.00235735509,0.153212741,-0.250362337,0.35762006,0.00239152461,-0.00192917883,-4.59269216e-07,2.51921028e-06,-6.0497382e-06,6.03069097e-08,4.28209523e-06,-1.59394244e-06
1867,7.468000,0.00237966864,0.155443996,-0.251620144,0.357394844,0.00238614739,-0.00192925707,-4.59357835e-07,2.5192378e-06,-6.04979823e-06,6.03058581e-08,4.28213707e-06,-1.59410092e-06
1868,7.472000,0.00240381411,0.157096967,-0.252582282,0.357215106,0.00237872219,-0.00192934088,-4.59417123e-07,2.51928009e-06,-6.04989555e-06,6.05325639e-08,4.2820443e-06,-1.59418721e-06
1869,7.476000,0.00242677587,0.158341169,-0.253311604,0.357069671,0.00237113237,-0.00192941353,-4.59466207e-07,2.51928805e-06,-6.04991419e-06,6.02934165e-08,4.28218209e-06,-1.59410024e-06
1870,7.480000,0.0024465106,0.159298345,-0.253843844,0.356916785,0.00236648507,-0.00192947499,-4.59530611e-07,2.51932943e-06,-6.05000787e-06,6.05219483e-08,4.28221438e-06,-1.59425076e-06
1871,7.484000,0.0024691869,0.16002579,-0.25426957,0.356848389,0.00235580211,-0.00192960165,-4.59584442e-07,2.51935489e-06,-6.05006699e-06,6.05153403e-08,4.28211615e-06,-1.59410115e-06
1872,7.488000,0.00248806365,0.160608873,-0.254566431,0.356752604,0.00234823092,-0.00192965753,-4.59648447e-07,2.51937809e-06,-6.05012201e-06,6.0511276e-08,4.28215117e-06,-1.59431215e-06
1873,7.492000,0.00250732712,0.161071092,-0.25479424,0.356688499,0.00234006229,-0.00192975253,-4.59686134e-07,2.5194197e-06,-6.05021933e-06,6.07437016e-08,4.2822785e-06,-1.59433228e-06
1874,7.496000,0.00252551981,0.161447629,-0.254959852,0.356631875,0.00233085966,-0.00192983821,-4.59759036e-07,2.51942947e-06,-6.05023843e-06,6.05063804e-08,4.28208477e-06,-1.59436934e-06
1875,7.500000,0.00254386687,0.161755279,-0.255087972,0.356595814,0.00232076971,-0.00192994252,-4.59785355e-07,2.51948495e-06,-6.05036985e-06,6.09649646e-08,4.28243402e-06,-1.59432784e-06
1876,7.504000,0.00145624042,0.160760939,-0.280471563,0.409342259,0.00324536837,-0.0019238703,-4.59868062e-07,2.51947768e-06,-6.05035029e-06,6.04947559e-08,4.28201201e-06,-1.59442334e-06
1877,7.508000,0.00139018893,0.168759584,-0.280034453,0.410427213,0.0031959042,-0.00192456506,-4.5988125e-07,2.51953406e-06,-6.05048172e-06,6.09587332e-08,4.28259273e-06,-1.59432147e-06
1878,7.512000,0.00134031929,0.173399448,-0.280788958,0.410696566,0.00316512887,-0.00192486309,-4.59963331e-07,2.51954179e-06,-6.050499e-06,6.07180439e-08,4.2824031e-06,-1.59447484e-06
1879,7.516000,0.0013119285,0.176367104,-0.281679332,0.410710931,0.00314999931,-0.00192504935,-4.60009545e-07,2.51958477e-06,-6.05059586e-06,6.09509385e-08,4.28195744e-06,-1.59438321e-06
1880,7.520000,0.0013056288,0.178385675,-0.282441109,0.410594702,0.00314093661,-0.00192521699,-4.60022903e-07,2.51960569e-06,-6.05064861e-06,6.0943762e-08,4.28207386e-06,-1.59445403e-06
1881,7.524000,0.00130887341,0.179784834,-0.283077657,0.410480201,0.00313426601,-0.00192533806,-4.60083641e-07,2.51963161e-06,-6.05070636e-06,6.09391932e-08,4.28256544e-06,-1.59442607e-06
1882,7.528000,0.00131398044,0.180791661,-0.28356111,0.410339862,0.00313067995,-0.00192547776,-4.60163221e-07,2.52007658e-06,-6.04798788e-06,5.74330628e-08,4.28235217e-06,-1.59445926e-06
1883,7.532000,0.00132131611,0.181529105,-0.283928186,0.410208106,0.00312730158,-0.00192558579,-4.60197612e-07,2.51977735e-06,-6.05104424e-06,5.86010316e-08,4.28226349e-06,-1.59447791e-06
1884,7.536000,0.00133000361,0.18207705,-0.284211993,0.410097778,0.00312442658,-0.001925705,-4.60244934e-07,2.52031509e-06,-6.04854631e-06,6.02178147e-08,4.28225803e-06,-1.5945011e-06
1885,7.540000,0.00133797596,0.182492852,-0.284418285,0.409993678,0.0031207439,-0.0019258447,-4.60268041e-07,2.51967163e-06,-6.05081595e-06,6.0226526e-08,4.28242129e-06,-1.59470017e-06
1886,7.544000,0.00134626019,0.182817668,-0.284564495,0.409891456,0.00311828312,-0.00192592479,-4.60338811e-07,2.52021778e-06,-6.04832803e-06,5.81183812e-08,4.28219346e-06,-1.59455169e-06
1887,7.548000,0.00135420216,0.183067247,-0.284673303,0.409807563,0.0031125755,-0.00192603096,-4.60350719e-07,2.51984943e-06,-6.05122796e-06,6.20783354e-08,4.28256135e-06,-1.59491356e-06
1888,7.552000,0.00136227917,0.183268085,-0.284749538,0.409732431,0.00310889259,-0.0019261688,-4.60420466e-07,2.52018253e-06,-6.04825573e-06,6.06749211e-08,4.28258045e-06,-1.59482522e-06
1889,7.556000,0.001369501,0.183434665,-0.284794211,0.409651816,0.00310523272,-0.00192626938,-4.6045875e-07,2.51972415e-06,-6.05094374e-06,5.95148997e-08,4.2826241e-06,-1.59490992e-06
1890,7.560000,0.00137658813,0.183570445,-0.284821928,0.409579158,0.00310124503,-0.00192640163,-4.60510876e-07,2.52038171e-06,-6.0487132e-06,5.90327502e-08,4.28249587e-06,-1.59463696e-06
1891,7.564000,0.000465655816,0.183206052,-0.282740891,0.416187704,0.00438921247,-0.00191793311,-4.60542878e-07,2.51991878e-06,-6.05139394e-06,6.16018525e-08,4.28277008e-06,-1.59495266e-06
1892,7.568000,0.000449636369,0.182602763,-0.280786633,0.416741133,0.00437559281,-0.00191808771,-4.60599551e-07,2.52033169e-06,-6.04860315e-06,6.13596143e-08,4.28230987e-06,-1.59485705e-06
1893,7.572000,0.000426869025,0.181828797,-0.279642373,0.41699639,0.0043668719,-0.00191825535,-4.60608845e-07,2.51980509e-06,-6.05114292e-06,5.92652611e-08,4.28245585e-06,-1.59498654e-06
1894,7.576000,0.000407094485,0.18117404,-0.278838694,0.417107433,0.00436188933,-0.00191840064,-4.60664808e-07,2.52051382e-06,-6.0490238e-06,5.94864282e-08,4.28267595e-06,-1.5946606e-06
1895,7.580000,0.000393125811,0.180655062,-0.278265059,0.417190582,0.00435785251,-0.00191851705,-4.60705763e-07,2.52001678e-06,-6.05162859e-06,6.15917912e-08,4.28249496e-06,-1.59497836e-06
1896,7.584000,0.000381708378,0.180266008,-0.277829051,0.417218894,0.00435541058,-0.00191865396,-4.60727762e-07,2.52044515e-06,-6.04887373e-06,6.15767703e-08,4.28282328e-06,-1.59492845e-06
1897,7.588000,0.00037182495,0.179981604,-0.277493775,0.417212605,0.00435461802,-0.00191877875,-4.6077912e-07,2.51990514e-06,-6.05137939e-06,6.29809804e-08,4.28241674e-06,-1.59495812e-06
1898,7.592000,0.000363325002,0.179780036,-0.277234256,0.417177975,0.00435629394,-0.00191887468,-4.60804898e-07,2.52038581e-06,-6.04873685e-06,5.99412715e-08,4.28239855e-06,-1.59496642e-06
1899,7.596000,0.000356735312,0.179636002,-0.277037442,0.417141378,0.00435651653,-0.00191896036,-4.60815812e-07,2.52007408e-06,-6.0517641e-06,6.08760544e-08,4.28253588e-06,-1.5949804e-06
1900,7.600000,0.000350827468,0.179542035,-0.276878566,0.417083353,0.00435731793,-0.00191906001,-4.60868023e-07,2.52061704e-06,-6.04926936e-06,5.87680589e-08,4.28276462e-06,-1.59476974e-06
1901,7.604000,0.000345018576,0.179479152,-0.276759863,0.417029053,0.00435832469,-0.00191920344,-4.60916368e-07,2.52025256e-06,-6.05217383e-06,6.27321626e-08,4.28257999e-06,-1.59496892e-06
1902,7.608000,0.000339562888,0.179448217,-0.276658505,0.416953057,0.00436113309,-0.00191928633,-4.60938736e-07,2.52058248e-06,-6.04919478e-06,6.13303968e-08,4.28291514e-06,-1.59503725e-06
1903,7.612000,0.000334350159,0.179433718,-0.276576996,0.416879982,0.00436268048,-0.00191939343,-4.60976594e-07,2.52012319e-06,-6.05188279e-06,6.01664425e-08,4.28249587e-06,-1.59517833e-06
1904,7.616000,0.000329837552,0.179439649,-0.276501954,0.416790307,0.00436444255,-0.00191949401,-4.61001548e-07,2.52078098e-06,-6.04964771e-06,5.96865846e-08,4.28293288e-06,-1.59489241e-06
1905,7.620000,0.000324552646,0.179456234,-0.276438236,0.416696906,0.00436757132,-0.0019195769,-4.61058619e-07,2.52071914e-06,-6.04951492e-06,5.85227227e-08,4.28297153e-06,-1.59515685e-06
1906,7.624000,3.88249755e-05,0.188556999,-0.224499732,0.316812932,0.00476723909,-0.00191708421,-4.6107732e-07,2.52042037e-06,-6.0525681e-06,6.34164365e-08,4.28287422e-06,-1.5951689e-06
1907,7.628000,0.000118197175,0.177285448,-0.224950641,0.315211743,0.00483426265,-0.00191603368,-4.6111802e-07,2.52068662e-06,-6.04943989e-06,6.10836182e-08,4.28264866e-06,-1.59512899e-06
1908,7.632000,0.000180574367,0.170975924,-0.223587289,0.314775944,0.0048730881,-0.00191588234,-4.61125779e-07,2.52027417e-06,-6.05223704e-06,6.06231083e-08,4.28267367e-06,-1.59519618e-06
1909,7.636000,0.000210045837,0.167033747,-0.222092867,0.314748704,0.0048904568,-0.00191579573,-4.61167645e-07,2.52089944e-06,-6.04992738e-06,5.9675358e-08,4.28266048e-06,-1.59492242e-06
1910,7.640000,0.000216393266,0.164442852,-0.220789194,0.314821959,0.00490012951,-0.00191579899,-4.61196919e-07,2.52086875e-06,-6.04986462e-06,5.89727946e-08,4.28279236e-06,-1.59522722e-06
1911,7.644000,0.000211818144,0.162678033,-0.219741702,0.314941049,0.00490334723,-0.001915853,-4.61223834e-07,2.5209406e-06,-6.05003288e-06,5.96684302e-08,4.28279964e-06,-1.59512433e-06
1912,7.648000,0.000200619223,0.161464363,-0.218908429,0.315035939,0.00490570208,-0.00191590749,-4.61268002e-07,2.52092968e-06,-6.05001105e-06,5.92021792e-08,4.28259182e-06,-1.59526166e-06
1913,7.652000,0.000187637284,0.160623908,-0.218255311,0.315095544,0.00490921782,-0.00191595592,-4.61265785e-07,2.52098175e-06,-6.05013975e-06,5.96593708e-08,4.28293606e-06,-1.59538365e-06
1914,7.656000,0.000173944049,0.160034075,-0.217751339,0.315134197,0.00491165929,-0.00191602623,-4.61308417e-07,2.52097334e-06,-6.05012247e-06,5.9200012e-08,4.28319026e-06,-1.59528872e-06
1915,7.660000,0.000161095988,0.159618363,-0.21737051,0.315161169,0.00491346745,-0.00191609375,-4.61361338e-07,2.52102836e-06,-6.05025116e-06,5.96571113e-08,4.28275052e-06,-1.59536887e-06
1916,7.664000,0.000149413943,0.159331292,-0.217089266,0.315180868,0.00491675409,-0.00191615662,-4.61335645e-07,2.52329551e-06,-6.05540026e-06,5.70603262e-08,4.28209569e-06,-1.59527076e-06
1917,7.668000,0.000137181487,0.159142435,-0.216864377,0.315162957,0.00492139207,-0.00191617385,-4.61363953e-07,2.52481914e-06,-6.0513994e-06,5.58658328e-08,4.28225758e-06,-1.59515946e-06
1918,7.672000,0.000125961145,0.159018695,-0.21669516,0.315132856,0.00492535811,-0.00191624649,-4.61390812e-07,2.5243271e-06,-6.05403739e-06,5.8433038e-08,4.28206204e-06,-1.59523427e-06
1919,7.676000,0.000116222538,0.158941433,-0.216575563,0.315113038,0.00492905453,-0.00191629492,-4.61401299e-07,2.52470272e-06,-6.05116793e-06,5.79612838e-08,4.28239809e-06,-1.59518368e-06
1920,7.680000,0.00010510697,0.158905268,-0.216471359,0.315054595,0.00493520917,-0.00191634847,-4.61445069e-07,2.52415111e-06,-6.05366131e-06,5.95909704e-08,4.28198427e-06,-1.59526371e-06
1921,7.684000,-6.32710289e-05,0.168710724,-0.129580989,0.143045962,0.00517672207,-0.00191482506,-4.6146269e-07,2.52457698e-06,-6.05090736e-06,5.60997151e-08,4.28196608e-06,-1.59544788e-06
1922,7.688000,9.26193316e-05,0.147223055,-0.129927754,0.140259266,0.00529952114,-0.00191340083,-4.61479345e-07,2.52426003e-06,-6.05393097e-06,5.726395e-08,4.28199928e-06,-1.59523063e-06
1923,7.692000,0.000217640772,0.13515678,-0.127055526,0.139751494,0.00536240963,-0.00191300525,-4.61519249e-07,2.52478253e-06,-6.05139121e-06,5.51589032e-08,4.2824563e-06,-1.59524234e-06
1924,7.696000,0.000273056794,0.127613604,-0.123983681,0.139883399,0.00538863521,-0.00191278965,-4.61549405e-07,2.52437417e-06,-6.05421792e-06,5.88860232e-08,4.28261046e-06,-1.59549484e-06
1925,7.700000,0.000286826631,0.122628137,-0.121357247,0.140214831,0.00539922062,-0.00191269268,-4.6160045e-07,2.52470068e-06,-6.0512366e-06,5.77123593e-08,4.28239082e-06,-1.59551234e-06
1926,7.704000,0.000278744614,0.119236089,-0.119239897,0.140558898,0.00540397223,-0.001912651,-4.61587433e-07,2.52420205e-06,-6.05384639e-06,5.63268543e-08,4.28229168e-06,-1.59545948e-06
1927,7.708000,0.000262826448,0.116879657,-0.117589056,0.140887648,0.00540259387,-0.00191266532,-4.61632339e-07,2.52485734e-06,-6.05160994e-06,5.60830031e-08,4.28216526e-06,-1.59512649e-06
1928,7.712000,0.000243701972,0.115218982,-0.11633186,0.1411888,0.00540085044,-0.00191270001,-4.61639473e-07,2.52434916e-06,-6.05420473e-06,5.84170898e-08,4.28231124e-06,-1.59542583e-06
1929,7.716000,0.000222912058,0.114055254,-0.115359187,0.141399503,0.00540027302,-0.00191270863,-4.61671135e-07,2.52473978e-06,-6.05137029e-06,5.81746349e-08,4.28230624e-06,-1.59537967e-06
1930,7.720000,0.000203327741,0.113233581,-0.114634253,0.141580611,0.00540159736,-0.00191270933,-4.61685005e-07,2.52417749e-06,-6.05383411e-06,5.958033e-08,4.2823458e-06,-1.59539502e-06
1931,7.724000,0.000185768818,0.112663582,-0.11408449,0.141705975,0.00540405326,-0.00191273494,-4.61723175e-07,2.52461882e-06,-6.05111654e-06,5.63115563e-08,4.28210524e-06,-1.59540718e-06
1932,7.728000,0.000169615261,0.112266742,-0.113692179,0.141820133,0.0054056677,-0.00191274565,-4.61724767e-07,2.52430141e-06,-6.05413425e-06,5.74789532e-08,4.28247313e-06,-1.59541332e-06
1933,7.732000,0.000153525965,0.112009957,-0.113393158,0.141878724,0.00541019859,-0.00191274728,-4.61771151e-07,2.52480663e-06,-6.05155901e-06,5.51383259e-08,4.28270459e-06,-1.59543174e-06
1934,7.736000,0.000140160322,0.111844599,-0.113189794,0.141945094,0.00541475322,-0.00191275473,-4.61812391e-07,2.5244201e-06,-6.05442256e-06,5.91044511e-08,4.28228395e-06,-1.59545186e-06
1935,7.740000,0.000125702238,0.111758031,-0.113035455,0.141965553,0.00542034162,-0.00191275659,-4.6181006e-07,2.52472637e-06,-6.05140121e-06,5.77002126e-08,4.28226576e-06,-1.59539388e-06
1936,7.744000,-0.000377551652,0.106862515,-0.0389847904,0.00545617193,0.00398432044,-0.00192245073,-4.61819155e-07,2.52422888e-06,-6.0540101e-06,5.63114426e-08,4.28229805e-06,-1.59546585e-06
1937,7.748000,-0.000187896425,0.0815395638,-0.0354043767,0.00597953051,0.00405274378,-0.00192182441,-4.61852693e-07,2.52488303e-06,-6.05177365e-06,5.60697906e-08,4.28228122e-06,-1.59524416e-06
1938,7.752000,-6.81332313e-05,0.0664839149,-0.0294895284,0.00627325848,0.00408469141,-0.00192150171,-4.61861617e-07,2.52439418e-06,-6.05440755e-06,5.86374824e-08,4.28242356e-06,-1.59565718e-06
1939,7.756000,-2.47799326e-05,0.0566623807,-0.0241150819,0.00637599826,0.00409571268,-0.00192134245,-4.61891972e-07,2.52476957e-06,-6.05154173e-06,5.81609072e-08,4.28218755e-06,-1.59549381e-06
1940,7.760000,-1.73381995e-05,0.0499784946,-0.0197432339,0.0063887015,0.00409679627,-0.00192129053,-4.61899901e-07,2.52422274e-06,-6.05403466e-06,5.97975642e-08,4.28245448e-06,-1.59562285e-06
1941,7.764000,-2.94239726e-05,0.0453214794,-0.0163255706,0.00635821,0.00409434456,-0.00192129728,-4.61939493e-07,2.52466657e-06,-6.05131572e-06,5.65277354e-08,4.28268913e-06,-1.59552178e-06
1942,7.768000,-4.7595473e-05,0.0420276597,-0.0137742721,0.00631630421,0.004091301,-0.00192130613,-4.61959587e-07,2.52433279e-06,-6.05429841e-06,5.74645362e-08,4.28248222e-06,-1.59564684e-06
1943,7.772000,-6.61450904e-05,0.0396919325,-0.0118959136,0.00627042353,0.00408686511,-0.00192133582,-4.61970671e-07,2.52485438e-06,-6.0517641e-06,5.53572228e-08,4.28281101e-06,-1.59553565e-06
1944,7.776000,-8.12371727e-05,0.0380480662,-0.0105175301,0.00623496994,0.00408392865,-0.00192134758,-4.61996763e-07,2.52446739e-06,-6.05462674e-06,5.93223675e-08,4.28239173e-06,-1.59567503e-06
1945,7.780000,-9.78389289e-05,0.0368973166,-0.00952023268,0.00620127842,0.00408229697,-0.00192137947,-4.62007279e-07,2.52476161e-06,-6.05157038e-06,5.76884496e-08,4.28236854e-06,-1.5955552e-06
1946,7.784000,-0.000108245062,0.0361042507,-0.00880731642,0.0061760731,0.00407989556,-0.00192140334,-4.62013588e-07,2.52427844e-06,-6.05421292e-06,5.65345175e-08,4.282399e-06,-1.59562467e-06
1947,7.788000,-0.000118676573,0.035565611,-0.00831287354,0.00615599379,0.00407937309,-0.00192140625,-4.62045051e-07,2.52493237e-06,-6.05197647e-06,5.62835609e-08,4.2823799e-06,-1.59540139e-06
1948,7.792000,-0.000126430532,0.0352195203,-0.00797727332,0.00614210218,0.00407927576,-0.0019214215,-4.62051048e-07,2.52443101e-06,-6.0545749e-06,5.8621346e-08,4.28241174e-06,-1.59558385e-06
1949,7.796000,-0.000133607071,0.0350097455,-0.00776061043,0.00612880662,0.00407891674,-0.00192143209,-4.62076741e-07,2.52482096e-06,-6.05174137e-06,5.83835984e-08,4.28218027e-06,-1.59565457e-06
1950,7.800000,-0.000137938187,0.034900479,-0.00763545185,0.00612105429,0.00407893769,-0.00192142243,-4.62069437e-07,2.52425752e-06,-6.05419928e-06,5.97844547e-08,4.28255589e-06,-1.59560363e-06
1951,7.804000,-0.00100509729,0.0211855844,-0.00310785882,0.000386817381,0.0020968169,-0.00193479611,-4.62110393e-07,2.52470295e-06,-6.05148489e-06,5.65197809e-08,4.28278645e-06,-1.59567526e-06
1952,7.808000,-0.000932907802,0.0127077457,-0.00233228924,0.000288960524,0.00171157729,-0.00144229096,-4.6212898e-07,2.52438531e-06,-6.05450123e-06,5.76880268e-08,4.28258409e-06,-1.59562705e-06
1953,7.812000,-0.000898715458,0.0104615074,-0.00145870633,0.000377051532,0.00162328652,-0.00131289568,-4.62157715e-07,2.52489235e-06,-6.05192918e-06,5.5352757e-08,4.28257317e-06,-1.59569777e-06
1954,7.816000,-0.000896336627,0.0097212363,-0.0010778443,0.000591391698,0.00178227888,-0.00149619591,-4.62169794e-07,2.52450582e-06,-6.0547909e-06,5.931307e-08,4.28259909e-06,-1.59559045e-06
1955,7.820000,-0.000899156672,0.00940435566,-0.000919169281,0.000734954141,0.00190685899,-0.0016442216,-4.62184488e-07,2.52481436e-06,-6.05176865e-06,5.79119401e-08,4.28259227e-06,-1.59571084e-06
1956,7.824000,-0.000901364721,0.00922297128,-0.00085073011,0.000832471065,0.00199728133,-0.00175537844,-4.62184573e-07,2.52431755e-06,-6.05437572e-06,6.02444175e-08,4.28273324e-06,-1.5958351e-06
1957,7.828000,-0.000902978936,0.00909053255,-0.000830282457,0.000907168724,0.00206744159,-0.00184244406,-4.62203673e-07,2.52471068e-06,-6.05154628e-06,5.62760327e-08,4.28272097e-06,-1.59572471e-06
1958,7.832000,-0.000903793261,0.00897826348,-0.000828815624,0.000951362774,0.00210949592,-0.00189659651,-4.62206458e-07,2.52442669e-06,-6.05463902e-06,5.79113362e-08,4.28274325e-06,-1.59584647e-06
1959,7.836000,-0.000903254724,0.00887965877,-0.000831668265,0.000972436741,0.00212909351,-0.0019244228,-4.62246049e-07,2.52491827e-06,-6.05203059e-06,5.90682276e-08,4.28250223e-06,-1.59574108e-06
1960,7.840000,-0.000903985579,0.00878562685,-0.000839813147,0.000974804163,0.00213240739,-0.00193180563,-4.62240877e-07,2.52428936e-06,-6.05433797e-06,5.95472862e-08,4.28276553e-06,-1.59580486e-06
1961,7.844000,-0.000902308268,0.00870045833,-0.000842720736,0.000959431753,0.00211595162,-0.00191569119,-4.62274784e-07,2.5247848e-06,-6.051735e-06,5.6974379e-08,4.28252497e-06,-1.5957587e-06
1962,7.848000,-0.000901875435,0.00861453824,-0.000850927085,0.000948506407,0.00210485607,-0.00190536189,-4.62268929e-07,2.52441669e-06,-6.05463947e-06,5.74446801e-08,4.28277508e-06,-1.59582032e-06
1963,7.852000,-0.00090173271,0.00853162073,-0.000858340878,0.000936556607,0.00209418265,-0.00189619034,-4.62300591e-07,2.52497375e-06,-6.05217974e-06,5.58054474e-08,4.28252679e-06,-1.59576859e-06
1964,7.856000,-0.000900562853,0.00845056586,-0.000865350943,0.000922676641,0.00207898906,-0.00188062014,-4.62289051e-07,2.52455334e-06,-6.05496689e-06,5.93042664e-08,4.28289331e-06,-1.59582908e-06
1965,7.860000,-0.000900002255,0.00837014802,-0.000871371478,0.000907606911,0.00206415402,-0.00186591549,-4.62333844e-07,2.52488121e-06,-6.0519842e-06,5.81374664e-08,4.28232488e-06,-1.59578929e-06
1966,7.864000,-0.000898374594,0.00828978047,-0.000875493512,0.000894235447,0.002050129,-0.0018529502,-4.62296697e-07,2.52438258e-06,-6.05459172e-06,6.04704766e-08,4.28267231e-06,-1.59577962e-06
1967,7.868000,-0.000898242521,0.00820916332,-0.000884977635,0.000891750678,0.00204708613,-0.00185183296,-4.62342996e-07,2.52478003e-06,-6.05176365e-06,5.65047671e-08,4.28256863e-06,-1.59585613e-06
1968,7.872000,-0.000896612299,0.00813249405,-0.00088685099,0.000866936054,0.00202237722,-0.00182590645,-4.6232995e-07,2.52447762e-06,-6.05481546e-06,5.79036694e-08,4.28292606e-06,-1.59574222e-06
1969,7.876000,-0.000896380923,0.0080545824,-0.000893083867,0.000849761534,0.00200508232,-0.00180721958,-4.62376988e-07,2.5249858e-06,-6.05224386e-06,5.92949512e-08,4.28292651e-06,-1.59592855e-06
1970,7.880000,-0.00089573022,0.00797666796,-0.00089833606,0.000844770111,0.00199985225,-0.00180421071,-4.62383042e-07,2.5243437e-06,-6.0545226e-06,5.95406107e-08,4.28296516e-06,-1.59570732e-06
1971,7.884000,-0.000894706172,0.00790116098,-0.000902449712,0.000835155603,0.00199012202,-0.00179608166,-4.6239947e-07,2.52485211e-06,-6.05194873e-06,5.7198065e-08,4.28294561e-06,-1.59594447e-06
1972,7.888000,-0.000892759359,0.00782732107,-0.000905146357,0.000816527754,0.00197037845,-0.00177574228,-4.62402454e-07,2.52447148e-06,-6.05482182e-06,5.74359476e-08,4.28296971e-06,-1.59595072e-06
1973,7.892000,-0.000892997952,0.00775175542,-0.000910104252,0.000806233846,0.00196127524,-0.00176769262,-4.62420132e-07,2.52504356e-06,-6.05239711e-06,5.60305367e-08,4.28294834e-06,-1.59595277e-06
1974,7.896000,-0.00089131936,0.00767908851,-0.000911449548,0.000789261423,0.00194260455,-0.00174778292,-4.62415187e-07,2.52460813e-06,-6.05514742e-06,5.92931535e-08,4.28308385e-06,-1.59595822e-06
1975,7.900000,-0.000891603529,0.00760362996,-0.000918089412,0.000781873241,0.00193584,-0.00174214644,-4.62449037e-07,2.52495261e-06,-6.05220521e-06,5.83614828e-08,4.28273552e-06,-1.59596664e-06
1976,7.904000,-0.000890663418,0.00753277214,-0.000921706669,0.000771882012,0.00192374876,-0.00172916206,-4.62425078e-07,2.52443965e-06,-6.05477135e-06,6.04610193e-08,4.28263365e-06,-1.59590616e-06
1977,7.908000,-0.000888846116,0.00746240746,-0.000922694802,0.000765555073,0.00191770075,-0.00172686437,-4.62438152e-07,2.52485052e-06,-6.05198011e-06,5.67308298e-08,4.28285057e-06,-1.59579372e-06
1978,7.912000,-0.000888067181,0.0073939655,-0.000925295521,0.000745937228,0.00189764483,-0.0017048486,-4.62447758e-07,2.52455106e-06,-6.0550351e-06,5.812905e-08,4.28264048e-06,-1.59591968e-06
1979,7.916000,-0.000887797098,0.00732383132,-0.000930033624,0.000741960946,0.00189095293,-0.00169718103,-4.6245566e-07,2.52503924e-06,-6.0524244e-06,5.92858598e-08,4.28284693e-06,-1.59580327e-06
1980,7.920000,-0.000886711641,0.00725483801,-0.000931226183,0.000727568753,0.00187728822,-0.00168459001,-4.62463078e-07,2.52441259e-06,-6.05473133e-06,5.9762101e-08,4.28265639e-06,-1.59587137e-06
1981,7.924000,-0.00088450755,0.00718967244,-0.000930782175,0.000714670867,0.00186315831,-0.00167125731,-4.62487463e-07,2.5249085e-06,-6.05212972e-06,5.7192036e-08,4.28287422e-06,-1.59581953e-06
1982,7.928000,-0.000884050853,0.00712257996,-0.000933254138,0.000709185842,0.00185681961,-0.00166569254,-4.62499202e-07,2.52454288e-06,-6.05503647e-06,5.76602233e-08,4.28266912e-06,-1.59588512e-06
1983,7.932000,-0.000884003355,0.00705530634,-0.000936642988,0.000697665848,0.00184454536,-0.00165213144,-4.62515175e-07,2.52509835e-06,-6.05257219e-06,5.60249944e-08,4.28264639e-06,-1.59583101e-06
1984,7.936000,-0.000881932501,0.00699119596,-0.000936069991,0.000690259971,0.00183638558,-0.0016464967,-4.62514066e-07,2.52468135e-06,-6.05536343e-06,5.95254832e-08,4.2826714e-06,-1.59589547e-06
1985,7.940000,-0.000881097978,0.00692635635,-0.000939185498,0.000681366771,0.0018255061,-0.00163472036,-4.62537145e-07,2.52500763e-06,-6.05237574e-06,5.83528745e-08,4.28266594e-06,-1.5958434e-06
1986,7.944000,-0.000879938714,0.00686270045,-0.00093572936,0.000658171717,0.00180224457,-0.0016092828,-4.62523502e-07,2.52451105e-06,-6.05498508e-06,6.06900059e-08,4.282801e-06,-1.59590047e-06
1987,7.948000,-0.000878715015,0.00679873256,-0.000937269535,0.000658590347,0.00180039462,-0.00160916219,-4.62552549e-07,2.52490781e-06,-6.05215655e-06,5.67233727e-08,4.28267913e-06,-1.59585011e-06
1988,7.952000,-0.000877426937,0.00673560612,-0.000938100275,0.000653992407,0.00179436477,-0.00160450954,-4.62544079e-07,2.52462587e-06,-6.05525065e-06,5.83603423e-08,4.28280555e-06,-1.59591207e-06
1989,7.956000,-0.000877105223,0.00667108502,-0.000939648366,0.000640837941,0.00178180379,-0.00159198011,-4.62567442e-07,2.52511541e-06,-6.05263904e-06,5.95152798e-08,4.28279509e-06,-1.59585898e-06
1990,7.960000,-0.000875069236,0.0066115614,-0.000938362442,0.000631289557,0.00176969415,-0.00157965231,-4.62563918e-07,2.52489167e-06,-6.05213745e-06,5.62556721e-08,4.28280146e-06,-1.59586148e-06
1991,7.964000,-0.000874309568,0.00655098027,-0.000936286757,0.000611225143,0.00174869923,-0.00155573641,-4.62570569e-07,2.52465861e-06,-6.05534206e-06,5.85864939e-08,4.28281601e-06,-1.5958658e-06
1992,7.968000,-0.000874062884,0.00648905011,-0.000938937999,0.000613041222,0.00174921949,-0.00155792723,-4.62578583e-07,2.52511541e-06,-6.05265677e-06,5.92816427e-08,4.28279645e-06,-1.59586921e-06
1993,7.972000,-0.000872258155,0.00643017609,-0.000937205972,0.000607093796,0.00174256274,-0.00155365281,-4.62599871e-07,2.524926e-06,-6.05222931e-06,5.64870959e-08,4.28281828e-06,-1.59587569e-06
1994,7.976000,-0.000870162563,0.00637429254,-0.000934242969,0.000592416152,0.00172504375,-0.00153423147,-4.62618601e-07,2.52467748e-06,-6.05539753e-06,5.85862487e-08,4.28261365e-06,-1.59588615e-06
1995,7.980000,-0.000869763084,0.0063154283,-0.000935799908,0.000589155592,0.00172108668,-0.00153138652,-4.6262079e-07,2.52515065e-06,-6.05274681e-06,5.95060818e-08,4.28282101e-06,-1.59588842e-06
1996,7.984000,-0.000867979194,0.00625889655,-0.000933670904,0.000581576489,0.00171199604,-0.00152325188,-4.62637701e-07,2.52492782e-06,-6.05224523e-06,5.62513307e-08,4.28261092e-06,-1.59589672e-06
1997,7.988000,-0.000867533265,0.00619990146,-0.000932650641,0.000572990626,0.00170300016,-0.00151433935,-4.62627412e-07,2.52470863e-06,-6.05548485e-06,5.8815683e-08,4.28284739e-06,-1.59589388e-06
1998,7.992000,-0.000866237853,0.00614576833,-0.000931085786,0.000559398439,0.00168671459,-0.00149543362,-4.62657482e-07,2.52515019e-06,-6.05276227e-06,5.92751626e-08,4.28261046e-06,-1.59590286e-06
1999,7.996000,-0.000864792964,0.00608991832,-0.000928591006,0.000555595383,0.00168252038,-0.0014938768,-4.62636081e-07,2.52495875e-06,-6.05233208e-06,5.64845024e-08,4.28295607e-06,-1.59584272e-06
2000,8.000000,-0.000863157155,0.0060363505,-0.00092535466,0.000545668416,0.00167042855,-0.00148111407,-4.62663934e-07,2.5247266e-06,-6.0555376e-06,5.88165463e-08,4.28310113e-06,-1.5959713e-06
2001,8.004000,-0.000861954701,0.00598157384,-0.000924970489,0.000540639739,0.00166398031,-0.00147550704,-4.62675644e-07,2.52516656e-06,-6.05280866e-06,5.9269432e-08,4.28296835e-06,-1.59608919e-06
2002,8.008000,-0.000861435838,0.00592694571,-0.000924129039,0.000533896498,0.00165607734,-0.00146734307,-4.62681385e-07,2.52499376e-06,-6.05242303e-06,5.67143346e-08,4.28298017e-06,-1.59591934e-06
2003,8.012000,-0.000860076165,0.00587401399,-0.000920350431,0.000521733426,0.00164249528,-0.00145287055,-4.62679139e-07,2.52472728e-06,-6.05555033e-06,5.85810653e-08,4.28299472e-06,-1.59586148e-06
2004,8.016000,-0.00085806381,0.00582209276,-0.000916616526,0.000515022315,0.00163359847,-0.00144459342,-4.62695596e-07,2.52519999e-06,-6.0528987e-06,5.95050622e-08,4.28297699e-06,-1.59598449e-06
2005,8.020000,-0.000857266365,0.00576893147,-0.000915626762,0.000508359168,0.00162610412,-0.00143751677,-4.62703269e-07,2.52499376e-06,-6.05243531e-06,5.64802178e-08,4.28299381e-06,-1.59604542e-06
2006,8.024000,-0.000856027706,0.00571641559,-0.000914432807,0.000504376367,0.00161967287,-0.00143106643,-4.62704435e-07,2.52476207e-06,-6.05563764e-06,5.88143081e-08,4.28300791e-06,-1.59599267e-06
2007,8.028000,-0.000855073333,0.00566527154,-0.000912793679,0.000496476423,0.00160951575,-0.00141962897,-4.62718276e-07,2.52521841e-06,-6.05294963e-06,5.95037193e-08,4.28298972e-06,-1.59605122e-06
2008,8.032000,-0.000853635836,0.00561538571,-0.000906959642,0.000486399047,0.00159976201,-0.00141139701,-4.62718219e-07,2.52501172e-06,-6.05248715e-06,5.64800722e-08,4.28300154e-06,-1.5959987e-06
2009,8.036000,-0.000852971629,0.00556287169,-0.000906043919,0.000480385497,0.0015929389,-0.00140496623,-4.62718958e-07,2.52479435e-06,-6.05572768e-06,5.90453553e-08,4.28301655e-06,-1.59606088e-06
2010,8.040000,-0.000851438206,0.00551508833,-0.000902833184,0.00047472259,0.00158494001,-0.00139685767,-4.62733283e-07,2.52522022e-06,-6.05296418e-06,5.92721285e-08,4.28299927e-06,-1.59600484e-06
2011,8.044000,-0.000816492131,0.00562069938,-0.000719071366,-0.000900802668,0.000293938967,0.000115909439,-4.62733396e-07,2.52504469e-06,-6.05257446e-06,5.67156775e-08,4.28301064e-06,-1.59606645e-06
2012,8.048000,-0.000816107553,0.00563780731,-0.000655234093,-0.000914992765,0.00028797792,0.000115823234,-4.62733055e-07,2.52479617e-06,-6.05574223e-06,5.88074585e-08,4.28302383e-06,-1.59600847e-06
2013,8.052000,-0.000808307261,0.00559239043,-0.000646300381,-0.000916145043,0.00030327795,6.88261352e-05,-4.62747096e-07,2.5252707e-06,-6.05308969e-06,5.97351857e-08,4.28300518e-06,-1.59607123e-06
2014,8.056000,-0.000810790225,0.00552243134,-0.000672277529,-0.000674480805,0.000540560985,-0.000396681018,-4.6274539e-07,2.52504606e-06,-6.05258811e-06,5.64811131e-08,4.28301792e-06,-1.59595743e-06
2015,8.060000,-0.000815568899,0.00545862922,-0.00065477076,-0.000536760315,0.000680668396,-0.000552783487,-4.62747636e-07,2.52483051e-06,-6.05583091e-06,5.90430105e-08,4.28302928e-06,-1.59613296e-06
2016,8.064000,-0.000833181315,0.00524231186,-0.000902954489,0.000782662071,0.00194631855,-0.00193254557,-4.62758322e-07,2.52527093e-06,-6.05310197e-06,5.94979674e-08,4.28301428e-06,-1.59596073e-06
2017,8.068000,-0.000826380972,0.00516468752,-0.000898374245,0.000805247109,0.00194938201,-0.0019326969,-4.62759829e-07,2.52507994e-06,-6.05267269e-06,5.67078118e-08,4.28302565e-06,-1.59608214e-06
2018,8.072000,-0.000825133466,0.00509983627,-0.00091863377,0.000817088177,0.00195203384,-0.00193269784,-4.62768924e-07,2.52525069e-06,-6.05306514e-06,5.53099468e-08,4.28301928e-06,-1.596027e-06
2019,8.076000,-0.000821015681,0.0050527351,-0.000932687428,0.000822931528,0.00195066468,-0.00193264126,-4.62763296e-07,2.52538234e-06,-6.05337436e-06,5.71678278e-08,4.28312569e-06,-1.59608146e-06
2020,8.080000,-0.000818384637,0.00500708818,-0.000941943144,0.000825407216,0.00194902043,-0.00193259306,-4.62788677e-07,2.52528798e-06,-6.05316245e-06,5.57706343e-08,4.28279873e-06,-1.5960336e-06
2021,8.084000,-0.000817257911,0.00496303011,-0.000947865658,0.000829774188,0.00194920192,-0.00193256384,-4.62763779e-07,2.52536961e-06,-6.05336209e-06,5.69382799e-08,4.28289559e-06,-1.5960851e-06
2022,8.088000,-0.000815810636,0.00491863769,-0.000949095818,0.000833107159,0.00194878457,-0.00193256373,-4.62784868e-07,2.52530731e-06,-6.05322612e-06,5.60052769e-08,4.28255953e-06,-1.59603348e-06
2023,8.092000,-0.000816194224,0.00487155467,-0.000952303642,0.000838152599,0.00195022987,-0.00193255651,-4.62763211e-07,2.5253571e-06,-6.05334708e-06,5.6700511e-08,4.28312615e-06,-1.59608521e-06
2024,8.096000,-0.000812515325,0.00483156415,-0.000945129083,0.000840778695,0.00194812939,-0.00193256489,-4.62803115e-07,2.52532936e-06,-6.05328978e-06,5.62376066e-08,4.28280464e-06,-1.59604281e-06
2025,8.100000,-0.000811960141,0.00478609418,-0.000946624437,0.000845665345,0.00194889156,-0.00193254848,-4.62783248e-07,2.52534664e-06,-6.05333616e-06,5.64693963e-08,4.28290696e-06,-1.5960394e-06
2026,8.104000,-0.000772617641,0.00495447405,-0.000664134976,-0.000993635971,0.000215363994,0.000115223462,-4.6279942e-07,2.52534983e-06,-6.05335072e-06,5.6469613e-08,4.28268459e-06,-1.59604463e-06
2027,8.108000,-0.000775014574,0.00498304889,-0.000597207341,-0.00100905681,0.000211104285,0.000115148257,-4.62794588e-07,2.52535301e-06,-6.05336345e-06,5.64713645e-08,4.28291332e-06,-1.59604224e-06
2028,8.112000,-0.00077835354,0.00481433095,-0.000816912623,0.000106438762,0.00128949736,-0.00121498678,-4.62810277e-07,2.52535665e-06,-6.05337846e-06,5.64696947e-08,4.28269004e-06,-1.59604906e-06
2029,8.116000,-0.000773328298,0.00475710444,-0.000801639631,0.000117041869,0.00130292424,-0.00131213735,-4.62815535e-07,2.52535938e-06,-6.05338982e-06,5.64695952e-08,4.28292878e-06,-1.59605167e-06
2030,8.120000,-0.000776979839,0.00471767783,-0.00076502352,9.2420727e-05,0.0012853865,-0.00129373535,-4.62827643e-07,2.52536324e-06,-6.0534021e-06,5.64672824e-08,4.2831648e-06,-1.59605474e-06
2031,8.124000,-0.000787375378,0.00459946366,-0.000863307854,0.000706081279,0.00187262043,-0.00192976743,-4.62849187e-07,2.52536597e-06,-6.05341347e-06,5.64637297e-08,4.28294743e-06,-1.59606373e-06
2032,8.128000,-0.000786152028,0.00453925831,-0.000853569363,0.000723769888,0.00187789334,-0.00192991062,-4.62834095e-07,2.5253687e-06,-6.05342802e-06,5.64644083e-08,4.28316935e-06,-1.59605906e-06
2033,8.132000,-0.000783886935,0.00449058088,-0.000858815387,0.00073837419,0.00188127742,-0.00192989095,-4.62845946e-07,2.52537257e-06,-6.05343985e-06,5.6465332e-08,4.28294516e-06,-1.59606566e-06
2034,8.136000,-0.000780664617,0.00444549927,-0.000865621259,0.000743328128,0.00188023201,-0.00192981469,-4.62839608e-07,2.52537598e-06,-6.05345576e-06,5.64650264e-08,4.28317389e-06,-1.59606634e-06
2035,8.140000,-0.000778256159,0.00440682098,-0.000871061464,0.000748322112,0.00187987322,-0.00192974624,-4.62856093e-07,2.52537939e-06,-6.05346713e-06,5.64666927e-08,4.28295152e-06,-1.59607328e-06
2036,8.144000,-0.000777543697,0.00436703069,-0.000876954175,0.000754607609,0.00188118126,-0.00192970096,-4.62845719e-07,2.52538143e-06,-6.05348077e-06,5.64656091e-08,4.28317799e-06,-1.59607043e-06
2037,8.148000,-0.000775330584,0.00432924088,-0.000873811659,0.000760136405,0.00188125379,-0.00192969188,-4.62861209e-07,2.52538416e-06,-6.05349351e-06,5.64636551e-08,4.28295425e-06,-1.59607714e-06
2038,8.152000,-0.000775314402,0.00428760238,-0.000876625651,0.000767050195,0.00188326719,-0.0019296715,-4.62853023e-07,2.52540372e-06,-6.05354217e-06,5.66960665e-08,4.28318026e-06,-1.59607441e-06
2039,8.156000,-0.000775068707,0.00424718624,-0.000877767336,0.000774082961,0.00188520132,-0.0019296431,-4.62865927e-07,2.52539076e-06,-6.05351852e-06,5.64641311e-08,4.28295789e-06,-1.59607839e-06
2040,8.160000,-0.00077330519,0.00420898292,-0.000879820436,0.000782456482,0.00188666245,-0.00192961353,-4.62859163e-07,2.52541213e-06,-6.05357172e-06,5.67000598e-08,4.28318526e-06,-1.59607919e-06
2041,8.164000,-0.000732554414,0.00438417681,-0.000592043973,-0.00105521176,0.000153672328,0.000114638009,-4.62871355e-07,2.52539985e-06,-6.05354808e-06,5.64645752e-08,4.28295971e-06,-1.59608021e-06
2042,8.168000,-0.000734372879,0.00441853656,-0.000524122152,-0.00106774946,0.000150300271,0.000114568509,-4.62864563e-07,2.52541804e-06,-6.05359855e-06,5.66995588e-08,4.28318708e-06,-1.59607976e-06
2043,8.172000,-0.000743662997,0.00418096222,-0.000875882222,0.000669530593,0.00182000175,-0.00192707044,-4.62875789e-07,2.5254069e-06,-6.053574e-06,5.64649412e-08,4.28296244e-06,-1.59608476e-06
2044,8.176000,-0.000738463074,0.00411383528,-0.00087103236,0.00065568625,0.00180948828,-0.00192641222,-4.62869792e-07,2.52542463e-06,-6.05362129e-06,5.66951108e-08,4.28319072e-06,-1.59608317e-06
2045,8.180000,-0.000738901726,0.00408101315,-0.000832865597,0.00059832097,0.00175719184,-0.00187114254,-4.62880053e-07,2.52541349e-06,-6.05360128e-06,5.64648772e-08,4.28296516e-06,-1.59608942e-06
2046,8.184000,-0.000743640121,0.00403638091,-0.000816723448,0.000662470935,0.00181489077,-0.00192676613,-4.62867717e-07,2.52543123e-06,-6.05364903e-06,5.66956935e-08,4.28318936e-06,-1.59608442e-06
2047,8.188000,-0.000744608871,0.00399350841,-0.000801805407,0.000678185141,0.00182120642,-0.00192690443,-4.62892586e-07,2.5254194e-06,-6.05362357e-06,5.64635059e-08,4.2829738e-06,-1.59609669e-06
2048,8.192000,-0.000743181445,0.00395335164,-0.000800291891,0.000690477202,0.00182442821,-0.00192687602,-4.62881189e-07,2.52543896e-06,-6.05367268e-06,5.66926914e-08,4.2830784e-06,-1.59603326e-06
2049,8.196000,-0.000740912685,0.00391558511,-0.000803939532,0.000699751661,0.00182586652,-0.00192677299,-4.62883094e-07,2.525441e-06,-6.05368405e-06,5.66920235e-08,4.28308022e-06,-1.59609226e-06
2050,8.200000,-0.000738589675,0.00388203817,-0.000805844436,0.000706214109,0.00182625232,-0.00192668708,-4.62885112e-07,2.5254451e-06,-6.05369496e-06,5.66941374e-08,4.28308249e-06,-1.59603678e-06
2051,8.204000,-0.000736216141,0.00384814176,-0.000805774471,0.000713375281,0.00182690169,-0.00192663982,-4.62887215e-07,2.52544874e-06,-6.0537086e-06,5.66939811e-08,4.2830834e-06,-1.59609692e-06
2052,8.208000,-0.000737245602,0.00381107745,-0.000809124787,0.000722216209,0.00183047797,-0.00192660047,-4.6288946e-07,2.52545215e-06,-6.05372043e-06,5.66962939e-08,4.28308613e-06,-1.59603735e-06
2053,8.212000,-0.000735341629,0.00377969863,-0.000806919415,0.000731321983,0.00183228217,-0.00192657614,-4.62892416e-07,2.52545487e-06,-6.0537327e-06,5.66937572e-08,4.28308613e-06,-1.59609772e-06
2054,8.216000,-0.000733874098,0.00374475913,-0.000805770746,0.000739178504,0.00183381233,-0.00192654494,-4.62895059e-07,2.52545942e-06,-6.0537418e-06,5.66965781e-08,4.28308886e-06,-1.5960411e-06
2055,8.220000,-0.000732624554,0.00371069741,-0.000803814502,0.000746027683,0.00183512527,-0.00192651246,-4.62896566e-07,2.52546283e-06,-6.05375544e-06,5.66967095e-08,4.28309204e-06,-1.59610124e-06
2056,8.224000,-0.000692824367,0.00388842076,-0.0005228956,-0.00108632282,0.000105536485,0.000114141032,-4.62900232e-07,2.52546579e-06,-6.05376636e-06,5.66927625e-08,4.28309068e-06,-1.5960436e-06
2057,8.228000,-0.000693119131,0.00393038103,-0.000454274705,-0.00109507306,0.000102792517,0.000114069786,-4.62902221e-07,2.52546897e-06,-6.05378045e-06,5.66924072e-08,4.28309249e-06,-1.59610363e-06
2058,8.232000,-0.000705316546,0.00369421695,-0.000809396501,0.000641587423,0.00177354703,-0.00192391942,-4.62904637e-07,2.52547147e-06,-6.05379046e-06,5.66901193e-08,4.28309386e-06,-1.59604735e-06
2059,8.236000,-0.000698936987,0.00363144255,-0.000801422051,0.000627946341,0.00176239794,-0.00192326331,-4.62906826e-07,2.52547602e-06,-6.05380274e-06,5.66915901e-08,4.28309386e-06,-1.59610647e-06
2060,8.240000,-0.000700848352,0.00359729701,-0.000779113383,0.000626660651,0.00176278874,-0.00192332617,-4.62908929e-07,2.52547989e-06,-6.05381501e-06,5.66931604e-08,4.28309704e-06,-1.5960527e-06
2061,8.244000,-0.000703357044,0.00356303737,-0.000752298278,0.000640042941,0.00176951336,-0.00192359276,-4.62911601e-07,2.52548352e-06,-6.05382866e-06,5.66923148e-08,4.2830975e-06,-1.59611216e-06
2062,8.248000,-0.000703355239,0.00352780148,-0.00073697255,0.000656836899,0.00177572144,-0.00192372897,-4.62913704e-07,2.52548648e-06,-6.05383866e-06,5.668916e-08,4.28309795e-06,-1.5960552e-06
2063,8.252000,-0.000702313439,0.00348911434,-0.000736883492,0.00067126425,0.00178007816,-0.00192368578,-4.62915011e-07,2.52549034e-06,-6.05385185e-06,5.66904603e-08,4.28310341e-06,-1.59611648e-06
2064,8.256000,-0.000700655044,0.00345313922,-0.000740804244,0.000682524405,0.00178275036,-0.00192356692,-4.6291683e-07,2.5255124e-06,-6.05390414e-06,5.69260195e-08,4.28310341e-06,-1.59606009e-06
2065,8.260000,-0.000697997923,0.00342133013,-0.0007408862,0.000689029577,0.00178296678,-0.00192347774,-4.62920667e-07,2.52549989e-06,-6.05387777e-06,5.66909506e-08,4.28310386e-06,-1.59611557e-06
2066,8.264000,-0.000698039948,0.00338860764,-0.000744770223,0.000699061435,0.0017863973,-0.00192340533,-4.62921662e-07,2.52551922e-06,-6.0539287e-06,5.69230849e-08,4.28310295e-06,-1.59605872e-06
2067,8.268000,-0.000696899137,0.00335805863,-0.000745004101,0.000706908526,0.0017882355,-0.00192337192,-4.62923595e-07,2.52550785e-06,-6.05390505e-06,5.66937146e-08,4.28310523e-06,-1.59611795e-06
2068,8.272000,-0.000695649942,0.00332577177,-0.00074418314,0.00071796414,0.00179124076,-0.00192333374,-4.62924987e-07,2.52552695e-06,-6.05395326e-06,5.69200722e-08,4.28310568e-06,-1.59606054e-06
2069,8.276000,-0.000694830727,0.00329488819,-0.000745446363,0.000727894017,0.00179408852,-0.00192328938,-4.62928483e-07,2.52551558e-06,-6.05393052e-06,5.66885703e-08,4.28310614e-06,-1.59612057e-06
2070,8.280000,-0.000693844573,0.00326440437,-0.000746354868,0.000736439484,0.00179629971,-0.00192324515,-4.62938971e-07,2.52553787e-06,-6.05398463e-06,5.69279521e-08,4.28311841e-06,-1.59606941e-06
2071,8.284000,-0.000653717434,0.00344766234,-0.000465770485,-0.00109286152,6.83844264e-05,0.0001137082,-4.62938601e-07,2.52552536e-06,-6.05395599e-06,5.66913627e-08,4.28311614e-06,-1.59612887e-06
2072,8.288000,-0.000654624368,0.00349136791,-0.000399355777,-0.00110109348,6.63200335e-05,0.00011364161,-4.62942438e-07,2.52554582e-06,-6.05400783e-06,5.69237386e-08,4.28311569e-06,-1.59606964e-06
2073,8.292000,-0.000666001462,0.00325939641,-0.00075487158,0.000636411714,0.00173623697,-0.00192063581,-4.62945394e-07,2.52553241e-06,-6.05398191e-06,5.66892595e-08,4.2831216e-06,-1.59613342e-06
2074,8.296000,-0.000658633711,0.00320413499,-0.000743634766,0.000623156666,0.00172471115,-0.00191997783,-4.6294636e-07,2.52555446e-06,-6.05403466e-06,5.69245913e-08,4.28312069e-06,-1.59607521e-06
2075,8.300000,-0.000660530059,0.00317339529,-0.000721603457,0.000621830346,0.00172512815,-0.00192003883,-4.62944598e-07,2.52555856e-06,-6.05404921e-06,5.69235041e-08,4.28311841e-06,-1.59613228e-06
2076,8.304000,-0.000664770196,0.00314393896,-0.000697404786,0.000636529527,0.00173360924,-0.00192028575,-4.62948663e-07,2.5255647e-06,-6.05406285e-06,5.692565e-08,4.28312069e-06,-1.59607441e-06
2077,8.308000,-0.000665352505,0.0031122996,-0.00068516226,0.000656083808,0.00174137601,-0.00192040624,-4.62951562e-07,2.52556697e-06,-6.05407286e-06,5.69185836e-08,4.28312387e-06,-1.59613535e-06
2078,8.312000,-0.000663607148,0.00308044557,-0.000683476159,0.000671362737,0.00174572412,-0.00192035944,-4.6294889e-07,2.52557243e-06,-6.05408513e-06,5.6920765e-08,4.2831216e-06,-1.59607623e-06
2079,8.316000,-0.000661170634,0.00305064558,-0.000687415188,0.000683148857,0.00174818211,-0.00192023895,-4.62958127e-07,2.52557834e-06,-6.05410196e-06,5.69208609e-08,4.28312569e-06,-1.59613774e-06
2080,8.320000,-0.000658761128,0.00302280416,-0.000689915381,0.000692164409,0.00174961076,-0.00192013662,-4.62951817e-07,2.52558357e-06,-6.05411697e-06,5.69236462e-08,4.28312205e-06,-1.59607725e-06
2081,8.324000,-0.000658528297,0.00299515482,-0.000693478796,0.000702584395,0.00175310473,-0.00192005956,-4.62955654e-07,2.52558584e-06,-6.05412652e-06,5.69200793e-08,4.28312433e-06,-1.59613774e-06
2082,8.328000,-0.000657774392,0.00296809268,-0.000694459944,0.000712048321,0.00175590278,-0.00192001997,-4.62959406e-07,2.52558948e-06,-6.05413925e-06,5.69179974e-08,4.28312524e-06,-1.59608066e-06
2083,8.332000,-0.000655469077,0.00294133509,-0.000691649155,0.000720221258,0.00175715657,-0.00191998784,-4.62958923e-07,2.52559425e-06,-6.05415153e-06,5.69196814e-08,4.28312569e-06,-1.59614194e-06
2084,8.336000,-0.000654954521,0.00291346293,-0.000694960414,0.000731983921,0.00176099967,-0.00191993546,-4.62961737e-07,2.52559994e-06,-6.05416426e-06,5.6919113e-08,4.28312705e-06,-1.5960851e-06
2085,8.340000,-0.00065352465,0.00288599776,-0.000694765535,0.000741161231,0.00176321622,-0.00191988552,-4.62961992e-07,2.52560176e-06,-6.05417245e-06,5.69155532e-08,4.28312705e-06,-1.59614376e-06
2086,8.344000,-0.000613246346,0.00307083386,-0.000415789429,-0.00108364737,3.75809614e-05,0.000113313086,-4.62963982e-07,2.52560744e-06,-6.05418927e-06,5.69210101e-08,4.28312751e-06,-1.59608567e-06
2087,8.348000,-0.000614831573,0.00311690639,-0.00034934713,-0.00109188235,3.6028563e-05,0.000113249756,-4.62976629e-07,2.52561222e-06,-6.054202e-06,5.69199372e-08,4.28290332e-06,-1.59614979e-06
2088,8.352000,-0.000625968212,0.00288984366,-0.000702323217,0.000646713655,0.0017056237,-0.00191725371,-4.62967449e-07,2.52563268e-06,-6.05425112e-06,5.71531231e-08,4.28266367e-06,-1.59603064e-06
2089,8.356000,-0.000619945,0.00283563486,-0.000696291565,0.000635818578,0.0016959291,-0.00191657897,-4.62957246e-07,2.5256204e-06,-6.05422474e-06,5.69210741e-08,4.28289013e-06,-1.59620038e-06
2090,8.360000,-0.00062226411,0.00280350284,-0.000678436481,0.000637651538,0.0016978319,-0.00191663206,-4.62961225e-07,2.52564109e-06,-6.05427294e-06,5.71467744e-08,4.28289059e-06,-1.59625779e-06
2091,8.364000,-0.000626060064,0.00277458131,-0.000654684438,0.000654225936,0.00170677016,-0.00191687804,-4.62961481e-07,2.5256295e-06,-6.05424884e-06,5.69190988e-08,4.2828965e-06,-1.59620276e-06
2092,8.368000,-0.000626402907,0.00274465233,-0.000641406106,0.000672683062,0.00171398057,-0.0019169969,-4.62978818e-07,2.52565064e-06,-6.05429705e-06,5.71500109e-08,4.28266776e-06,-1.59626404e-06
2093,8.372000,-0.000624633336,0.00271340786,-0.000640700106,0.000687893771,0.0017182969,-0.00191694871,-4.62969126e-07,2.52563655e-06,-6.05426931e-06,5.69141143e-08,4.28289832e-06,-1.59614592e-06
2094,8.376000,-0.000623369298,0.00268418761,-0.000647921173,0.000701372919,0.00172222476,-0.00191681157,-4.62987089e-07,2.52565792e-06,-6.05431842e-06,5.71466749e-08,4.28267413e-06,-1.59609328e-06
2095,8.380000,-0.000621784187,0.00265816576,-0.00065323984,0.000710766064,0.00172440754,-0.00191670004,-4.62977624e-07,2.52564496e-06,-6.05429204e-06,5.69154111e-08,4.28290195e-06,-1.5960934e-06
2096,8.384000,-0.000620793959,0.00263261306,-0.000657896162,0.000723325647,0.00172826578,-0.00191662076,-4.62993484e-07,2.52566679e-06,-6.05434252e-06,5.71490872e-08,4.28267731e-06,-1.59609681e-06
2097,8.388000,-0.000618933176,0.00260823523,-0.000655622571,0.000731451088,0.00172983878,-0.00191658328,-4.62983792e-07,2.52565292e-06,-6.05431615e-06,5.69152014e-08,4.2829065e-06,-1.59609544e-06
2098,8.392000,-0.000618912978,0.0025820334,-0.000657433819,0.000740876189,0.00173314509,-0.00191653427,-4.62998941e-07,2.52567588e-06,-6.05436708e-06,5.71515137e-08,4.28268186e-06,-1.59610158e-06
2099,8.396000,-0.000616390025,0.00255876151,-0.000657447556,0.000752472377,0.00173565513,-0.00191648887,-4.62985014e-07,2.52567975e-06,-6.05437708e-06,5.71507357e-08,4.28302246e-06,-1.59609783e-06
2100,8.400000,-0.000615480589,0.00253651128,-0.000660175574,0.00076547591,0.00173982035,-0.00191642204,-4.63003403e-07,2.52568429e-06,-6.0543889e-06,5.7149812e-08,4.28314934e-06,-1.59610408e-06
2101,8.404000,-0.000576572143,0.00272315717,-0.000380131591,-0.0010608834,1.50953128e-05,0.000112974318,-4.63015084e-07,2.52568952e-06,-6.05440255e-06,5.71486467e-08,4.28304111e-06,-1.59610636e-06
2102,8.408000,-0.000591633201,0.00282485643,-0.000283296511,-0.00100669393,4.85837227e-05,0.000113142421,-4.62999395e-07,2.52569316e-06,-6.05441483e-06,5.71497765e-08,4.28326211e-06,-1.59610124e-06
2103,8.412000,-0.00061734044,0.00264660944,-0.000597988488,0.000780072296,0.00174743123,-0.00191336265,-4.63011105e-07,2.52569998e-06,-6.05442847e-06,5.71523344e-08,4.28303611e-06,-1.59610454e-06
2104,8.416000,-0.000628967129,0.00288070785,0.000407238433,-0.00110867713,4.85494966e-05,-0.00011249911,-4.6300184e-07,2.52570271e-06,-6.0544362e-06,5.71488741e-08,4.28326166e-06,-1.59610147e-06
2105,8.420000,-0.000616454287,0.00270526577,0.000240334368,-0.00113021466,2.80124368e-05,-0.000112654641,-4.63015908e-07,2.52570817e-06,-6.05445257e-06,5.7151361e-08,4.28304429e-06,-1.59611e-06
2106,8.424000,-0.00051957817,0.00241516158,-0.00051190384,-0.000653493451,0.000289491029,-0.000385242049,-4.63003659e-07,2.52571158e-06,-6.05446257e-06,5.71482452e-08,4.2832653e-06,-1.59610386e-06
2107,8.428000,-0.00054312381,0.00232903147,-0.00104422227,0.000780365255,0.00169039145,-0.00191462808,-4.63017216e-07,2.52571772e-06,-6.0544744e-06,5.7149748e-08,4.28304293e-06,-1.59611011e-06
2108,8.432000,-0.000566193194,0.00241277739,-0.000892106909,0.000744050485,0.00169387797,-0.00191477325,-4.63003005e-07,2.52572022e-06,-6.05448577e-06,5.71466785e-08,4.28325984e-06,-1.59610443e-06
2109,8.436000,-0.00057706621,0.00240513869,-0.000780004892,0.000743127195,0.00170123996,-0.00191474147,-4.63017273e-07,2.52572636e-06,-6.05450032e-06,5.7149542e-08,4.28304247e-06,-1.59611318e-06
2110,8.440000,-0.000578908832,0.00237995107,-0.000708719948,0.000749124505,0.00170468714,-0.00191464578,-4.63006018e-07,2.52573091e-06,-6.05451214e-06,5.71488847e-08,4.28326302e-06,-1.59610806e-06
2111,8.444000,-0.000581203727,0.00234726118,-0.000669339555,0.00075550098,0.00170835806,-0.0019145289,-4.63018296e-07,2.52573523e-06,-6.05452306e-06,5.71480427e-08,4.28304293e-06,-1.59611488e-06
2112,8.448000,-0.000580382883,0.00232169661,-0.000644500018,0.000764467113,0.00171100732,-0.0019144495,-4.63007808e-07,2.52573932e-06,-6.0545367e-06,5.71539189e-08,4.28326621e-06,-1.59610977e-06
2113,8.452000,-0.000580980384,0.00229589874,-0.000634077704,0.000773766078,0.00171472947,-0.00191438594,-4.63019347e-07,2.52576001e-06,-6.0545799e-06,5.73807064e-08,4.2830402e-06,-1.59611352e-06
2114,8.456000,-0.000580009597,0.00227177097,-0.000626962516,0.000784140197,0.0017178352,-0.00191433332,-4.63008718e-07,2.54064844e-06,-6.05455307e-06,5.71488172e-08,4.28326757e-06,-1.59610863e-06
2115,8.460000,-0.000580313557,0.00224830583,-0.000625071931,0.000794975902,0.00172199029,-0.00191427441,-4.63050611e-07,2.5416573e-06,-6.05686e-06,5.73658383e-08,4.28300973e-06,-1.5960029e-06
2116,8.464000,-0.00053992786,0.00243842741,-0.000342591782,-0.00102807453,-2.03558011e-06,0.000112736598,-4.63032706e-07,2.52568611e-06,-6.06563481e-06,5.66828149e-08,4.28329213e-06,-1.59606327e-06
2117,8.468000,-0.00053720607,0.0024236294,-0.000418398646,-0.000865723589,5.97061589e-05,0.000113095623,-4.63067551e-07,2.52773521e-06,-6.06282401e-06,5.75776724e-08,4.28273142e-06,-1.59600256e-06
2118,8.472000,-0.000691269292,0.00259572617,1.84819219e-05,0.000295202481,0.00160626357,-0.0019120588,-4.63020911e-07,2.52593873e-06,-6.07365337e-06,5.59812996e-08,4.28303611e-06,-1.59599983e-06
2119,8.476000,-0.000443070021,0.00216799299,-0.00035296753,-0.000867680123,1.86588295e-06,-0.000112663489,-4.63054107e-07,2.52747691e-06,-6.08457958e-06,5.921531e-08,4.28320118e-06,-1.59611795e-06
2120,8.480000,-0.000561102061,0.00244784099,-0.000315332902,-0.000990350149,9.83720529e-05,-0.000223264331,-4.63122632e-07,2.52968971e-06,-6.07467109e-06,5.70759795e-08,4.28288968e-06,-1.59606748e-06
2121,8.484000,-0.000595826888,0.00255865371,0.000282223336,-0.00101856596,0.000156144029,-0.000300154788,-4.63076873e-07,2.52844575e-06,-6.07929724e-06,5.52422392e-08,4.28281282e-06,-1.5960037e-06
2122,8.488000,-0.00059455377,0.00225822651,3.21290572e-05,0.000310326228,0.00136547803,-0.00158531964,-4.6310447e-07,2.52918039e-06,-6.07723177e-06,5.68554945e-08,4.28267049e-06,-1.59612205e-06
2123,8.492000,-0.000536484702,0.00200293027,-0.000544915907,0.00077632477,0.00167962839,-0.00191245019,-4.63078123e-07,2.52851487e-06,-6.0794473e-06,5.75678882e-08,4.28292378e-06,-1.59600108e-06
2124,8.496000,-0.0005405384,0.00205376535,-0.000647012435,0.000766420853,0.00167907379,-0.00191251666,-4.631043e-07,2.52894029e-06,-6.07667243e-06,5.47667582e-08,4.2831457e-06,-1.5961225e-06
2125,8.500000,-0.000545461662,0.00208106847,-0.000641592662,0.000764378114,0.00168213597,-0.00191250572,-4.63106062e-07,2.5285226e-06,-6.07944958e-06,5.89620939e-08,4.28293924e-06,-1.59601234e-06
2126,8.504000,-0.000549919961,0.00207396201,-0.000620895065,0.000768336467,0.00168671377,-0.0019124574,-4.63103504e-07,2.52874838e-06,-6.07622496e-06,5.70938781e-08,4.28315434e-06,-1.59612318e-06
2127,8.508000,-0.000548801327,0.00206016353,-0.000597535807,0.000777512556,0.00168941915,-0.00191241049,-4.63100463e-07,2.52822247e-06,-6.07875336e-06,5.59417899e-08,4.28295016e-06,-1.5960095e-06
2128,8.512000,-0.000548852317,0.00203585415,-0.000588797557,0.000788411009,0.00169338332,-0.00191235566,-4.63094835e-07,2.52839004e-06,-6.07912671e-06,5.89666236e-08,4.28316707e-06,-1.59612523e-06
2129,8.516000,-0.00054821535,0.00201070169,-0.000593880482,0.000801252143,0.00169760128,-0.0019123049,-4.63109245e-07,2.52858445e-06,-6.07582842e-06,5.66327429e-08,4.28292788e-06,-1.59600768e-06
2130,8.520000,-0.000546444557,0.00198820746,-0.000596617116,0.000813954393,0.00170102506,-0.00191226043,-4.63089322e-07,2.52807217e-06,-6.07838956e-06,5.57134996e-08,4.28317935e-06,-1.59612443e-06
2131,8.524000,-0.000458291848,0.00206639012,-0.000747010636,-0.00091393193,-2.08623678e-05,0.000112504233,-4.63104499e-07,2.52824134e-06,-6.07876518e-06,5.87340594e-08,4.28294379e-06,-1.59601018e-06
2132,8.528000,-0.000494659354,0.00220095599,-0.000501459173,-0.000990658533,-2.35215994e-05,0.000112429494,-4.63091169e-07,2.52803147e-06,-6.07827997e-06,6.01317183e-08,4.28317708e-06,-1.59612273e-06
2133,8.532000,-0.000509349571,0.00220500003,-0.000321909843,-0.0010004834,-1.71384891e-05,0.000112383626,-4.63098047e-07,2.5278448e-06,-6.07784341e-06,5.80407118e-08,4.28295925e-06,-1.59600972e-06
2134,8.536000,-0.0005158438,0.00217347406,-0.000213765888,-0.000995372655,-1.13240094e-05,0.000112329144,-4.63090146e-07,2.52790096e-06,-6.07796483e-06,5.94369887e-08,4.28318481e-06,-1.59612216e-06
2135,8.540000,-0.00051864842,0.00213936996,-0.000152189168,-0.000985312043,-6.27571717e-06,0.000112268375,-4.63096711e-07,2.52777932e-06,-6.07767743e-06,5.82800794e-08,4.2829588e-06,-1.59600961e-06
2136,8.544000,-0.0005196727,0.00211065798,-0.000119637407,-0.000973810442,-1.86398393e-06,0.000112206675,-4.63090259e-07,2.52778705e-06,-6.0776847e-06,5.89768234e-08,4.28318799e-06,-1.59612136e-06
2137,8.548000,-0.000519172929,0.00208538957,-0.00010258652,-0.000960769714,2.13482417e-06,0.000112142414,-4.63096512e-07,2.5276986e-06,-6.07747279e-06,5.82828648e-08,4.28296107e-06,-1.59600688e-06
2138,8.552000,-0.00051935052,0.00206417171,-9.33442498e-05,-0.000949937734,5.75830927e-06,0.000112075824,-4.63090402e-07,2.52768837e-06,-6.07744187e-06,5.87436872e-08,4.28319026e-06,-1.59612409e-06
2139,8.556000,-0.00051799824,0.00204367028,-9.16468562e-05,-0.000936260447,9.48313391e-06,0.000112013891,-4.63096683e-07,2.52759901e-06,-6.07723132e-06,5.80441935e-08,4.28296426e-06,-1.59600859e-06
2140,8.560000,-0.000516768428,0.00202424871,-9.48110828e-05,-0.000923494692,1.29323453e-05,0.000111950561,-4.63089236e-07,2.52758969e-06,-6.07720222e-06,5.85118514e-08,4.28319163e-06,-1.59612e-06
2141,8.564000,-0.000515516789,0.00200632121,-9.89722903e-05,-0.00091086165,1.63523364e-05,0.000111890491,-4.63095574e-07,2.5275167e-06,-6.07702805e-06,5.80440727e-08,4.28296698e-06,-1.59600609e-06
2142,8.568000,-0.00051424402,0.00198894436,-0.000103591592,-0.000898605445,1.96243636e-05,0.000111830654,-4.63089663e-07,2.52749169e-06,-6.07696302e-06,5.82806017e-08,4.28319663e-06,-1.59612171e-06
2143,8.572000,-0.000512987433,0.00197180081,-0.000108416774,-0.000886583119,2.28268327e-05,0.000111772213,-4.63095347e-07,2.52743598e-06,-6.07682614e-06,5.80462789e-08,4.28296835e-06,-1.59600768e-06
2144,8.576000,-0.000511765073,0.00195476599,-0.000113386079,-0.000874646707,2.60328525e-05,0.00011171517,-4.63087815e-07,2.52739369e-06,-6.07672519e-06,5.80477781e-08,4.28319936e-06,-1.59612034e-06
2145,8.580000,-0.000510552607,0.00193783583,-0.000118293276,-0.000863108435,2.90982425e-05,0.000111658825,-4.63094551e-07,2.52733844e-06,-6.07659058e-06,5.7818319e-08,4.2829688e-06,-1.59600484e-06
2146,8.584000,-0.000495020417,0.00191693578,-0.000208909274,-0.000936508877,-1.15438015e-05,0.000111306319,-4.63088611e-07,2.52729546e-06,-6.07648553e-06,5.78160915e-08,4.283198e-06,-1.59612171e-06
2147,8.588000,-0.000509739039,0.00193648832,-0.000118329132,-0.000892043696,1.58809708e-05,0.00011135824,-4.63091027e-07,2.52685186e-06,-6.07919992e-06,6.15491729e-08,4.28299109e-06,-1.59600586e-06
2148,8.592000,-0.000511450984,0.00190755341,-9.03434702e-05,-0.000853751786,3.06048896e-05,0.000111244386,-4.63082927e-07,2.52710265e-06,-6.07602578e-06,5.99145054e-08,4.28320482e-06,-1.59611955e-06
2149,8.596000,-0.000509858073,0.00187673245,-9.47524968e-05,-0.000825263211,3.88601911e-05,0.000111053232,-4.6309259e-07,2.52658265e-06,-6.07856191e-06,5.87608113e-08,4.28300518e-06,-1.59600722e-06
2150,8.600000,-0.000507575227,0.00185245369,-0.0001093951,-0.000803694944,4.3926033e-05,0.000110826921,-4.6309728e-07,2.52715904e-06,-6.07612947e-06,5.80567772e-08,4.28297153e-06,-1.59612227e-06
2151,8.604000,-0.000505397911,0.0018327547,-0.000125011575,-0.000786307675,4.74552216e-05,0.000110588036,-4.63076702e-07,2.52664904e-06,-6.07869333e-06,6.08552853e-08,4.28322164e-06,-1.59600188e-06
2152,8.608000,-0.000503438467,0.00181527622,-0.000138491974,-0.000771567458,5.01381874e-05,0.000110344496,-4.6309421e-07,2.52694758e-06,-6.07563197e-06,5.61941675e-08,4.28298108e-06,-1.59612227e-06
2153,8.612000,-0.000501706323,0.00179868483,-0.000149375264,-0.000758197624,5.24795614e-05,0.000110103749,-4.6307386e-07,2.52663335e-06,-6.0786424e-06,5.80590829e-08,4.28321891e-06,-1.59600131e-06
2154,8.616000,-0.000500168419,0.00178234465,-0.000158054725,-0.000745623023,5.46660158e-05,0.000109864864,-4.63101316e-07,2.52706013e-06,-6.07587208e-06,5.8979758e-08,4.28297699e-06,-1.59612068e-06
2155,8.620000,-0.000498726789,0.00176594791,-0.000165305042,-0.000733892201,5.66237723e-05,0.000109630171,-4.63071814e-07,2.5263862e-06,-6.07806624e-06,5.94626002e-08,4.28322573e-06,-1.59599608e-06
2156,8.624000,-0.000497374625,0.0017496153,-0.000171358988,-0.000722476805,5.85418602e-05,0.000109403161,-4.63102339e-07,2.52681525e-06,-6.07529728e-06,5.66592817e-08,4.28298881e-06,-1.59612432e-06
2157,8.628000,-0.000496042718,0.0017336281,-0.000176203612,-0.000711168977,6.04804372e-05,0.00010918011,-4.63115072e-07,2.52414156e-06,-6.07295624e-06,5.94996905e-08,4.28365411e-06,-1.59604735e-06
2158,8.632000,-0.000494722801,0.00171777711,-0.000180196454,-0.000700270815,6.22942462e-05,0.000108961249,-4.63131585e-07,2.52483437e-06,-6.06334106e-06,5.92516969e-08,4.2837396e-06,-1.59610261e-06
2159,8.636000,-0.000493437052,0.00170186057,-0.000183825323,-0.000689661538,6.40492653e-05,0.000108748558,-4.63102225e-07,2.52298719e-06,-6.05542709e-06,6.16124112e-08,4.28359181e-06,-1.59599062e-06
2160,8.640000,-0.00049217284,0.00168602495,-0.000187088182,-0.000679169258,6.57956116e-05,0.000108541572,-4.63060616e-07,2.521331e-06,-6.04421894e-06,6.07122601e-08,4.28377052e-06,-1.59627803e-06
2161,8.644000,-0.000476821675,0.00166625681,-0.00027470896,-0.00075034285,2.67078285e-05,0.00010804506,-4.63018921e-07,2.51890833e-06,-6.05363448e-06,6.00565571e-08,4.28365092e-06,-1.59622073e-06
2162,8.648000,-0.000491191051,0.00168577861,-0.000184089004,-0.000707622734,5.13251289e-05,0.000107951229,-4.63024236e-07,2.52028849e-06,-6.04929801e-06,6.02636163e-08,4.28380827e-06,-1.5960959e-06
2163,8.652000,-0.000492828141,0.00165799714,-0.000154527341,-0.000671491085,6.39794162e-05,0.000107697328,-4.62992375e-07,2.52194513e-06,-6.05677769e-06,5.83749227e-08,4.28295516e-06,-1.59611704e-06
2164,8.656000,-0.000491247629,0.00162850739,-0.000156870694,-0.000645010441,7.05790881e-05,0.000107373577,-4.63002607e-07,2.52395466e-06,-6.05015339e-06,5.8337843e-08,4.28319345e-06,-1.5959306e-06
2165,8.660000,-0.000489036844,0.00160512293,-0.000170207408,-0.000625461922,7.41039112e-05,0.00010701851,-4.62996951e-07,2.5232323e-06,-6.05224477e-06,5.74196939e-08,4.28311751e-06,-1.59604951e-06
2166,8.664000,-0.000486916746,0.00158614386,-0.000185191835,-0.000609880546,7.62219715e-05,0.000106656225,-4.63008178e-07,2.52340556e-06,-6.05264313e-06,5.60194984e-08,4.28299791e-06,-1.59616889e-06
2167,8.668000,-0.000485010678,0.00156937435,-0.000198363035,-0.000596837141,7.75640074e-05,0.000106293941,-4.62988538e-07,2.52354425e-06,-6.05296236e-06,5.78798236e-08,4.28332669e-06,-1.59581327e-06
2168,8.672000,-0.000483298267,0.00155393081,-0.000208315323,-0.000584985828,7.86462624e-05,0.000105935032,-4.63006899e-07,2.52345126e-06,-6.05275181e-06,6.02061476e-08,4.28299609e-06,-1.59617161e-06
2169,8.676000,-0.000481747556,0.00153888005,-0.000215698965,-0.000573798199,7.96224922e-05,0.000105584855,-4.62986975e-07,2.52328186e-06,-6.05236846e-06,5.76536223e-08,4.2833417e-06,-1.5962803e-06
2170,8.680000,-0.000480315357,0.00152398308,-0.000221952592,-0.000563148293,8.0519676e-05,0.000105241081,-4.63019887e-07,2.52344125e-06,-6.05273135e-06,5.60176616e-08,4.28277144e-06,-1.59617434e-06
2171,8.684000,-0.000478946196,0.00150928251,-0.000226944831,-0.000553183083,8.12469807e-05,0.000104905688,-4.62980751e-07,2.52359132e-06,-6.05308105e-06,5.81089665e-08,4.28308931e-06,-1.59604326e-06
2172,8.688000,-0.000477627618,0.00149450649,-0.000231487895,-0.000543476781,8.19514098e-05,0.000104576349,-4.63001498e-07,2.52348445e-06,-6.05283913e-06,6.02105743e-08,4.28322573e-06,-1.59616832e-06
2173,8.692000,-0.000476355315,0.00147972628,-0.000235793996,-0.000534019549,8.26374744e-05,0.000104256673,-4.63003602e-07,2.52331506e-06,-6.05245032e-06,5.76483501e-08,4.28311796e-06,-1.59605565e-06
2174,8.696000,-0.000475121313,0.0014649746,-0.000240021021,-0.000524722098,8.33334489e-05,0.000103944563,-4.63009599e-07,2.52347309e-06,-6.05281093e-06,5.60157538e-08,4.28311478e-06,-1.59617093e-06
2175,8.700000,-0.000473908265,0.0014505646,-0.000244151975,-0.000515564287,8.40373687e-05,0.000103639672,-4.63010252e-07,2.52362679e-06,-6.05316245e-06,5.81096984e-08,4.2831075e-06,-1.59605645e-06
2176,8.704000,-0.000458867755,0.00143265584,-0.000330489915,-0.000583905727,4.79073788e-05,0.000103052706,-4.63010906e-07,2.52351856e-06,-6.05291962e-06,6.02055863e-08,4.28311341e-06,-1.59617321e-06
2177,8.708000,-0.000472777931,0.00145344727,-0.000241741523,-0.000543067232,6.93081238e-05,0.00010286842,-4.63008462e-07,2.52336599e-06,-6.05256992e-06,5.78834332e-08,4.28311978e-06,-1.59628701e-06
2178,8.712000,-0.000474380155,0.00142743811,-0.000213371095,-0.000509947888,7.9748017e-05,0.000102531747,-4.63009883e-07,2.52350674e-06,-6.05289233e-06,5.97416232e-08,4.28311296e-06,-1.59616991e-06
2179,8.716000,-0.000472892832,0.0013999478,-0.000216583212,-0.000486128498,8.4741012e-05,0.000102131977,-4.63011361e-07,2.52341988e-06,-6.05269406e-06,5.83500963e-08,4.2831216e-06,-1.59605725e-06
2180,8.720000,-0.000470758765,0.00137914275,-0.00023023269,-0.000468801125,8.6998436e-05,0.000101701822,-4.63013862e-07,2.5235106e-06,-6.05290097e-06,5.95079612e-08,4.28311614e-06,-1.59617491e-06
2181,8.724000,-0.000468713581,0.00136323669,-0.000245200936,-0.000455073721,8.80542793e-05,0.000101267826,-4.63013748e-07,2.52345581e-06,-6.05277546e-06,5.85811648e-08,4.28311751e-06,-1.59628814e-06
2182,8.728000,-0.000466840167,0.00135025568,-0.000257791718,-0.000443578174,8.84608453e-05,0.000100836507,-4.63012213e-07,2.52351492e-06,-6.0529137e-06,5.92746865e-08,4.28311569e-06,-1.59617173e-06
2183,8.732000,-0.000465170015,0.0013388294,-0.000267689524,-0.000433331734,8.86153866e-05,0.00010041229,-4.63015738e-07,2.52349173e-06,-6.05285823e-06,5.88108797e-08,4.28311978e-06,-1.59628939e-06
2184,8.736000,-0.000463658769,0.00132770243,-0.000275573228,-0.000423756748,8.86658381e-05,9.99976182e-05,-4.63014572e-07,2.52353652e-06,-6.05295963e-06,5.92782392e-08,4.28311478e-06,-1.59617446e-06
2185,8.740000,-0.000462250027,0.00131671573,-0.000281816698,-0.000414542039,8.8705332e-05,9.95919108e-05,-4.63012725e-07,2.52351401e-06,-6.05290688e-06,5.88122937e-08,4.28311978e-06,-1.59628928e-06
2186,8.744000,-0.000460932497,0.00130571332,-0.000286932365,-0.000405624189,8.8744011e-05,9.91974957e-05,-4.63015482e-07,2.5235563e-06,-6.05300602e-06,5.9278463e-08,4.28311932e-06,-1.59617389e-06
2187,8.748000,-0.00045963726,0.00129461638,-0.000291320612,-0.000397211115,8.86791095e-05,9.88095999e-05,-4.63014914e-07,2.52353379e-06,-6.05295372e-06,5.88124962e-08,4.28311978e-06,-1.5962919e-06
2188,8.752000,-0.000458369032,0.00128349883,-0.000295257138,-0.000389020279,8.85938935e-05,9.84325306e-05,-4.63017244e-07,2.52357768e-06,-6.05305377e-06,5.92775606e-08,4.28311841e-06,-1.59617355e-06
2189,8.756000,-0.000457134098,0.00127241109,-0.000298804283,-0.000381070015,8.85045301e-05,9.8066288e-05,-4.63017926e-07,2.52356949e-06,-6.05303558e-06,5.90463536e-08,4.28311751e-06,-1.59628928e-06
2190,8.760000,-0.000455903006,0.00126131845,-0.000302202388,-0.000373264949,8.84184992e-05,9.77081945e-05,-4.63019376e-07,2.52359678e-06,-6.05309742e-06,5.92750666e-08,4.2831166e-06,-1.59617264e-06
2191,8.764000,-0.000441280834,0.00124686095,-0.000385517022,-0.000437309791,5.65476657e-05,9.70754772e-05,-4.63019688e-07,2.52359064e-06,-6.05308287e-06,5.90419873e-08,4.28311887e-06,-1.59628996e-06
2192,8.768000,-0.000454695895,0.00126818067,-0.000299885927,-0.00039854474,7.46000878e-05,9.6841366e-05,-4.63021223e-07,2.5236161e-06,-6.05313926e-06,5.92736562e-08,4.28311796e-06,-1.59617309e-06
2193,8.772000,-0.000456304289,0.00124543568,-0.000272355595,-0.000368412817,8.30377976e-05,9.64648789e-05,-4.63017784e-07,2.52360928e-06,-6.05312607e-06,5.9040012e-08,4.28311705e-06,-1.59629064e-06
2194,8.776000,-0.000454908877,0.0012218717,-0.000274640537,-0.000347153808,8.6740416e-05,9.60258767e-05,-4.63026879e-07,2.52363657e-06,-6.05318974e-06,5.92777631e-08,4.28311841e-06,-1.59617684e-06
2195,8.780000,-0.000452921086,0.00120406551,-0.000286945928,-0.000331585412,8.81842861e-05,9.5565978e-05,-4.63019802e-07,2.52364589e-06,-6.05320793e-06,5.92759939e-08,4.28311523e-06,-1.5962919e-06
2196,8.784000,-0.000451003551,0.00119032233,-0.000300324085,-0.000319460582,8.85404879e-05,9.51002585e-05,-4.63027959e-07,2.52365567e-06,-6.05323021e-06,5.92736207e-08,4.2831216e-06,-1.5961748e-06
2197,8.788000,-0.000449270825,0.00117857929,-0.000311802811,-0.0003093532,8.83547327e-05,9.46397195e-05,-4.63023667e-07,2.52366658e-06,-6.05325386e-06,5.92762888e-08,4.28311796e-06,-1.59629076e-06
2198,8.792000,-0.000447722618,0.00116776465,-0.000320732623,-0.000300254382,8.7979759e-05,9.41879116e-05,-4.63029039e-07,2.52367727e-06,-6.05327887e-06,5.9277486e-08,4.28312205e-06,-1.59617593e-06
2199,8.796000,-0.000446307764,0.00115747913,-0.000327158778,-0.000291656179,8.75694968e-05,9.37465229e-05,-4.63025145e-07,2.52368704e-06,-6.05330024e-06,5.92758731e-08,4.28311932e-06,-1.5962911e-06
2200,8.800000,-0.000444996345,0.00114712212,-0.000332086405,-0.000283423229,8.71459488e-05,9.33146221e-05,-4.63025486e-07,2.52369682e-06,-6.05332207e-06,5.92754716e-08,4.28311796e-06,-1.59617639e-06
2201,8.804000,-0.000443748781,0.00113674765,-0.000335902238,-0.000275405822,8.67418712e-05,9.2895003e-05,-4.63031427e-07,2.5237066e-06,-6.0533439e-06,5.92769958e-08,4.2831216e-06,-1.59629462e-06
2202,8.808000,-0.000442547782,0.00112635002,-0.000338949147,-0.000267711759,8.63167879e-05,9.24849301e-05,-4.6303245e-07,2.5237332e-06,-6.05340438e-06,5.95080287e-08,4.28312023e-06,-1.59617844e-06
2203,8.812000,-0.00044134038,0.001115922,-0.000341519364,-0.000260450295,8.58007188e-05,9.20854509e-05,-4.63029352e-07,2.52372729e-06,-6.05338892e-06,5.92754645e-08,4.28312069e-06,-1.59629258e-06
2204,8.816000,-0.000440154981,0.00110550609,-0.000343739608,-0.000253403559,8.52925223e-05,9.1694179e-05,-4.63033473e-07,2.52375321e-06,-6.0534494e-06,5.95045151e-08,4.2831216e-06,-1.59617639e-06
2205,8.820000,-0.000438993156,0.00109510892,-0.000345756765,-0.000246449519,8.48085983e-05,9.13159456e-05,-4.63030602e-07,2.52374662e-06,-6.05343484e-06,5.92736349e-08,4.28311978e-06,-1.59629371e-06
2206,8.824000,-0.000434359186,0.00108399754,-0.000368150155,-0.000257322303,7.7205128e-05,9.08708898e-05,-4.63036315e-07,2.52377299e-06,-6.05349487e-06,5.95034635e-08,4.28312296e-06,-1.59617753e-06
2207,8.828000,-0.000436957169,0.00108163815,-0.000347633089,-0.000242511509,8.08637196e-05,9.0541027e-05,-4.63033501e-07,2.52378254e-06,-6.05351624e-06,5.95051262e-08,4.28311978e-06,-1.59629496e-06
2208,8.832000,-0.000436511531,0.00106839533,-0.000341479958,-0.000230457139,8.22868387e-05,9.01785097e-05,-4.63036571e-07,2.52379391e-06,-6.05353989e-06,5.95077445e-08,4.28312296e-06,-1.59617775e-06
2209,8.836000,-0.00043531938,0.00105505937,-0.000342771702,-0.000220672635,8.2694045e-05,8.98094149e-05,-4.63035178e-07,2.52380369e-06,-6.05356263e-06,5.95041136e-08,4.28311932e-06,-1.59629258e-06
2210,8.840000,-0.000433980837,0.00104324135,-0.000346518034,-0.000212363084,8.26112882e-05,8.94406112e-05,-4.63037964e-07,2.5238146e-06,-6.05358764e-06,5.95079186e-08,4.28312387e-06,-1.59617878e-06
2211,8.844000,-0.000432664179,0.00103246898,-0.000350522838,-0.000204849668,8.23217269e-05,8.90762894e-05,-4.6303748e-07,2.52382415e-06,-6.05360628e-06,5.95053216e-08,4.28312023e-06,-1.59629383e-06
2212,8.848000,-0.000431411434,0.00102222199,-0.00035400255,-0.000197866757,8.19497e-05,8.87194765e-05,-4.6304018e-07,2.52383415e-06,-6.05362811e-06,5.95046181e-08,4.28312205e-06,-1.59618025e-06
2213,8.852000,-0.000430211308,0.00101213052,-0.000356940058,-0.000191236031,8.15389067e-05,8.8372035e-05,-4.63038987e-07,2.52384484e-06,-6.05365267e-06,5.95049698e-08,4.2831216e-06,-1.59629656e-06
2214,8.856000,-0.000429018226,0.00100215117,-0.000359214318,-0.000185134879,8.10069541e-05,8.8031753e-05,-4.63040692e-07,2.52387099e-06,-6.05371497e-06,5.97391789e-08,4.28312342e-06,-1.59618128e-06
2215,8.860000,-0.000427853025,0.000992190675,-0.000361094746,-0.000179228286,8.04720912e-05,8.76977574e-05,-4.63040465e-07,2.52386326e-06,-6.05369496e-06,5.95016765e-08,4.28312342e-06,-1.59629587e-06
2216,8.864000,-0.000426717976,0.000982271507,-0.000362623483,-0.00017350234,7.99513873e-05,8.73740646e-05,-4.63041772e-07,2.523891e-06,-6.05375772e-06,5.97388947e-08,4.28312433e-06,-1.59618014e-06
2217,8.868000,-0.000425612496,0.000972307287,-0.000364238775,-0.000167885533,7.9446836e-05,8.70581134e-05,-4.63041886e-07,2.52388486e-06,-6.05374362e-06,5.95076237e-08,4.28312524e-06,-1.59629701e-06
2218,8.872000,-0.000424511964,0.000962414837,-0.000365755084,-0.00016241218,7.89508049e-05,8.67499621e-05,-4.62937294e-07,2.52391078e-06,-6.05380228e-06,5.97367631e-08,4.28312842e-06,-1.59618196e-06
2219,8.876000,-0.000423430232,0.000952597009,-0.000367151486,-0.000157039933,7.8468518e-05,8.64487374e-05,-4.63047428e-07,2.52430641e-06,-6.0509733e-06,5.57732811e-08,4.28322164e-06,-1.59629747e-06
2220,8.880000,-0.000422358571,0.000942805607,-0.000368420093,-0.000151789063,7.80104747e-05,8.61563021e-05,-4.63056921e-07,2.5240272e-06,-6.05407331e-06,5.74103431e-08,4.28312887e-06,-1.59618457e-06
2221,8.884000,-0.000421290868,0.000933041447,-0.000369682937,-0.000146587234,7.75664448e-05,8.58710846e-05,-4.63062889e-07,2.52451696e-06,-6.05146033e-06,5.48400259e-08,4.28310204e-06,-1.59629849e-06
2222,8.888000,-0.000420228054,0.000923398416,-0.000370737427,-0.000141451965,7.71496998e-05,8.55913386e-05,-4.63058768e-07,2.52414975e-06,-6.05436344e-06,5.9038296e-08,4.2831216e-06,-1.59618378e-06
2223,8.892000,-0.00041913375,0.000914455683,-0.000370862166,-0.00013633036,7.67840102e-05,8.53203237e-05,-4.63066215e-07,2.52444397e-06,-6.05130435e-06,5.73986227e-08,4.28310977e-06,-1.59629997e-06
2224,8.896000,-0.000418044219,0.000905508234,-0.000370823691,-0.000131233945,7.64351207e-05,8.5055246e-05,-4.63055102e-07,2.52396603e-06,-6.0539528e-06,5.62432589e-08,4.28313024e-06,-1.59618423e-06
2225,8.900000,-0.000416965457,0.000896560727,-0.000370643218,-0.000126222745,7.61019764e-05,8.47967458e-05,-4.63068346e-07,2.52460632e-06,-6.05168225e-06,5.57703963e-08,4.28310477e-06,-1.59607021e-06
2226,8.904000,-0.000415889954,0.000887629518,-0.000370430324,-0.000121309073,7.57874222e-05,8.45447066e-05,-4.63060132e-07,2.52412246e-06,-6.05431796e-06,5.83374842e-08,4.28312433e-06,-1.59618753e-06
2227,8.908000,-0.000414829992,0.000878762628,-0.000370084046,-0.000116458061,7.54836219e-05,8.4299536e-05,-4.63069455e-07,2.52451628e-06,-6.0514858e-06,5.80944715e-08,4.28310886e-06,-1.59630349e-06
2228,8.912000,-0.000413722359,0.000869910698,-0.000369658141,-0.000112092253,7.50695181e-05,8.4058498e-05,-4.63054533e-07,2.5239558e-06,-6.05394644e-06,5.9505048e-08,4.28312978e-06,-1.59618401e-06
2229,8.916000,-0.000412625261,0.000861111155,-0.000369165617,-0.000107774671,7.46662845e-05,8.38236301e-05,-4.63063657e-07,2.52440191e-06,-6.05123114e-06,5.6238342e-08,4.28311569e-06,-1.59630463e-06
2230,8.920000,-0.000411524263,0.000852340483,-0.000368635694,-0.000103596569,7.42658085e-05,8.35938845e-05,-4.63055187e-07,2.5240879e-06,-6.05425203e-06,5.74089114e-08,4.28312705e-06,-1.59618708e-06
2231,8.924000,-0.000410433451,0.000843613117,-0.000368032081,-9.94912407e-05,7.38789167e-05,8.33685626e-05,-4.63069313e-07,2.52459381e-06,-6.05167861e-06,5.50709842e-08,4.28310432e-06,-1.5963011e-06
2232,8.928000,-0.00040933938,0.00083517551,-0.000367431901,-9.54564894e-05,7.3505209e-05,8.3150313e-05,-4.63056864e-07,2.52421137e-06,-6.05454397e-06,5.90332547e-08,4.28312114e-06,-1.59618548e-06
2233,8.932000,-0.000408252061,0.000826838426,-0.000366777938,-9.15170385e-05,7.31294131e-05,8.29362543e-05,-4.63069114e-07,2.5245231e-06,-6.05152127e-06,5.76340398e-08,4.28310886e-06,-1.59630133e-06
2234,8.936000,-0.000407187152,0.000818536617,-0.000366067718,-8.76700942e-05,7.27705265e-05,8.27279582e-05,-4.63058171e-07,2.5240297e-06,-6.05413379e-06,5.62463676e-08,4.2831316e-06,-1.59618799e-06
2235,8.940000,-0.000406120962,0.00081025128,-0.000365358545,-8.38400883e-05,7.24279816e-05,8.25242023e-05,-4.63070876e-07,2.52468271e-06,-6.05189325e-06,5.60001396e-08,4.28310659e-06,-1.59607362e-06
2236,8.944000,-0.000405067985,0.000802020018,-0.000364587846,-8.01104761e-05,7.20937387e-05,8.23259179e-05,-4.63058427e-07,2.52420023e-06,-6.05453215e-06,5.85730149e-08,4.28312433e-06,-1.5961881e-06
2237,8.948000,-0.000404019665,0.000793814659,-0.000363773288,-7.64437573e-05,7.17724615e-05,8.21310969e-05,-4.63065902e-07,2.52457744e-06,-6.0516636e-06,5.80994737e-08,4.28310886e-06,-1.59630258e-06
2238,8.952000,-0.000402974489,0.000785626995,-0.00036295352,-7.28068553e-05,7.14620546e-05,8.1941369e-05,-4.63057148e-07,2.52403538e-06,-6.05416017e-06,5.97374168e-08,4.28313115e-06,-1.59618548e-06
2239,8.956000,-0.000401936297,0.000777472393,-0.000362060964,-6.92746689e-05,7.11656467e-05,8.17561813e-05,-4.63065021e-07,2.5244799e-06,-6.05144351e-06,5.64705118e-08,4.28311296e-06,-1.59630542e-06
2240,8.960000,-0.000400903169,0.000769347535,-0.000361134065,-6.57702767e-05,7.08802982e-05,8.15757958e-05,-4.63059052e-07,2.52415293e-06,-6.05442983e-06,5.74055434e-08,4.28312615e-06,-1.5961848e-06
2241,8.964000,-0.000399862474,0.000761207368,-0.000360259437,-6.22956286e-05,7.06042629e-05,8.13999504e-05,-4.63069313e-07,2.52467498e-06,-6.05189189e-06,5.53027633e-08,4.28310568e-06,-1.59630338e-06
2242,8.968000,-0.000398844189,0.000753147237,-0.000359256461,-5.89256961e-05,7.03388505e-05,8.12269573e-05,-4.63061326e-07,2.5242914e-06,-6.05475361e-06,5.926697e-08,4.28311978e-06,-1.59618742e-06
2243,8.972000,-0.000397838478,0.000745085767,-0.000358277146,-5.55574952e-05,7.00854944e-05,8.10591155e-05,-4.63068574e-07,2.52458426e-06,-6.05169225e-06,5.76302881e-08,4.2831125e-06,-1.59630417e-06
2244,8.976000,-0.000396836724,0.000737045775,-0.000357232464,-5.22589107e-05,6.984637e-05,8.08939803e-05,-4.63061866e-07,2.52410814e-06,-6.05434025e-06,5.64720892e-08,4.28313115e-06,-1.59618958e-06
2245,8.980000,-0.000395859242,0.000728998915,-0.000356579869,-4.90681123e-05,6.96006318e-05,8.07345787e-05,-4.63071785e-07,2.52476343e-06,-6.05210516e-06,5.62345051e-08,4.28310523e-06,-1.59607328e-06
2246,8.984000,-0.00039487984,0.000720993441,-0.000356263045,-4.59419389e-05,6.93617403e-05,8.0576865e-05,-4.63065561e-07,2.52426344e-06,-6.05470495e-06,5.85678066e-08,4.28312842e-06,-1.5961898e-06
2247,8.988000,-0.000393883558,0.00071318337,-0.000355780299,-4.31841763e-05,6.90350062e-05,8.04229931e-05,-4.63072297e-07,2.52465907e-06,-6.05187279e-06,5.83333275e-08,4.28311114e-06,-1.59630599e-06
2248,8.992000,-0.000392894784,0.000705686922,-0.000355238211,-4.05232568e-05,6.87084685e-05,8.02726718e-05,-4.63059905e-07,2.52409814e-06,-6.05433388e-06,5.9734802e-08,4.28313206e-06,-1.59618992e-06
2249,8.996000,-0.000391952461,0.000698190066,-0.000355031691,-3.79011763e-05,6.83953913e-05,8.01240094e-05,-4.63071956e-07,2.52455925e-06,-6.05165269e-06,5.66979352e-08,4.28311341e-06,-1.59630702e-06
2250,9.000000,-0.000391037611,0.000690774643,-0.000355012133,-3.54399235e-05,6.80764642e-05,7.99790723e-05,-4.6306144e-07,2.52421455e-06,-6.05459991e-06,5.74066306e-08,4.28312705e-06,-1.59618764e-06
2251,9.004000,-0.000390126719,0.000683669467,-0.000355273427,-3.2994416e-05,6.77620919e-05,7.98385881e-05,-4.63075764e-07,2.52475502e-06,-6.05209971e-06,5.55335902e-08,4.28310705e-06,-1.59630599e-06
2252,9.008000,-0.000389223394,0.000676709926,-0.000355559343,-3.0635958e-05,6.74563489e-05,7.97006069e-05,-4.63063543e-07,2.52435575e-06,-6.05492824e-06,5.92662488e-08,4.2831216e-06,-1.59618685e-06
2253,9.012000,-0.000388324494,0.000670070178,-0.00035583257,-2.82989931e-05,6.71566959e-05,7.95650412e-05,-4.63075139e-07,2.52466634e-06,-6.05190462e-06,5.78659503e-08,4.28311296e-06,-1.59630827e-06
2254,9.016000,-0.000387416745,0.000664039515,-0.000356108882,-2.60494708e-05,6.6856599e-05,7.94333173e-05,-4.63060758e-07,2.5241884e-06,-6.05454943e-06,6.04343953e-08,4.28313115e-06,-1.5961906e-06
2255,9.020000,-0.000386526925,0.00065841747,-0.000356539385,-2.3859393e-05,6.65584957e-05,7.93037179e-05,-4.63072979e-07,2.52456903e-06,-6.05168634e-06,5.62356099e-08,4.2831166e-06,-1.59630497e-06
2256,9.024000,-0.000385633262,0.000653173542,-0.000357066107,-2.17154302e-05,6.62697348e-05,7.91773491e-05,-4.63062662e-07,2.52428867e-06,-6.0547809e-06,5.78707429e-08,4.28312478e-06,-1.59618924e-06
2257,9.028000,-0.000384742103,0.000648586079,-0.000357587502,-1.96105539e-05,6.59898942e-05,7.90542981e-05,-4.63073576e-07,2.52478071e-06,-6.05216701e-06,5.90262701e-08,4.28310841e-06,-1.59630952e-06
2258,9.032000,-0.000383855659,0.000644134241,-0.000358135178,-1.75420428e-05,6.57172131e-05,7.89343321e-05,-4.63058456e-07,2.52415521e-06,-6.05448031e-06,5.94998184e-08,4.28313069e-06,-1.59613046e-06
2259,9.036000,-0.000382971717,0.000639688049,-0.000358937948,-1.55127418e-05,6.54502292e-05,7.88153557e-05,-4.63071729e-07,2.52464906e-06,-6.05187233e-06,5.69302188e-08,4.28311478e-06,-1.59613444e-06
2260,9.040000,-0.00038210256,0.000635337667,-0.000359730271,-1.35283481e-05,6.51884911e-05,7.87009194e-05,-4.6306215e-07,2.52428777e-06,-6.05478317e-06,5.74036392e-08,4.28312796e-06,-1.59613353e-06
2261,9.044000,-0.000381229213,0.000630994909,-0.000360559265,-1.15977964e-05,6.4932552e-05,7.85877346e-05,-4.63076987e-07,2.52484551e-06,-6.05231844e-06,5.57661473e-08,4.2831075e-06,-1.59613478e-06
2262,9.048000,-0.000380361394,0.000626689405,-0.000361381739,-9.66694643e-06,6.46837943e-05,7.84764125e-05,-4.63064566e-07,2.52442942e-06,-6.05511104e-06,5.92620921e-08,4.28312251e-06,-1.59613171e-06
2263,9.052000,-0.00037949573,0.000622391351,-0.000362171442,-7.78510002e-06,6.44426837e-05,7.83702999e-05,-4.63075082e-07,2.52475616e-06,-6.05212517e-06,5.80976689e-08,4.28311068e-06,-1.59613592e-06
2264,9.056000,-0.000378644152,0.000618098711,-0.000363147934,-5.95160236e-06,6.42006707e-05,7.82641582e-05,-4.63061781e-07,2.52426071e-06,-6.05472997e-06,6.04303381e-08,4.28313024e-06,-1.59613182e-06
2265,9.060000,-0.000377789023,0.000613842509,-0.000364176609,-4.13669477e-06,6.39681384e-05,7.8160665e-05,-4.63072553e-07,2.52465861e-06,-6.05190326e-06,5.64672256e-08,4.28311796e-06,-1.59613478e-06
2266,9.064000,-0.000376939017,0.000609613373,-0.000365178566,-2.36911728e-06,6.37403355e-05,7.80601986e-05,-4.63067607e-07,2.52437985e-06,-6.05499872e-06,5.81011932e-08,4.28312705e-06,-1.59613649e-06
2267,9.068000,-0.000376097858,0.000605411537,-0.00036615273,-6.28664566e-07,6.35161705e-05,7.79618276e-05,-4.6307855e-07,2.52487075e-06,-6.05238438e-06,5.92553278e-08,4.28310523e-06,-1.59613637e-06
2268,9.072000,-0.000375247677,0.000601204578,-0.00036719779,1.10088149e-06,6.32999654e-05,7.78651738e-05,-4.63064367e-07,2.52424525e-06,-6.05469722e-06,5.97357541e-08,4.28313206e-06,-1.59607725e-06
2269,9.076000,-0.000374407449,0.000597033417,-0.000368186622,2.80792301e-06,6.30899231e-05,7.77714304e-05,-4.63073405e-07,2.52474115e-06,-6.05209289e-06,5.71643923e-08,4.28311068e-06,-1.59619231e-06
2270,9.080000,-0.000373571296,0.000592871162,-0.000369124755,4.44969919e-06,6.28858688e-05,7.76793167e-05,-4.63066613e-07,2.52437803e-06,-6.05499736e-06,5.76335424e-08,4.28312751e-06,-1.59630929e-06
2271,9.084000,-0.000372734969,0.000588709372,-0.000370107125,6.1192768e-06,6.26866531e-05,7.7589124e-05,-4.63075395e-07,2.52493601e-06,-6.05253717e-06,5.59936595e-08,4.28310204e-06,-1.59619401e-06
2272,9.088000,-0.000371900911,0.0005846399,-0.000370905356,7.74047658e-06,6.24966851e-05,7.75015797e-05,-4.63068517e-07,2.52450286e-06,-6.05528749e-06,5.92639395e-08,4.28312069e-06,-1.59631077e-06
2273,9.092000,-0.000371068891,0.000580580672,-0.00037170868,9.33364936e-06,6.23103406e-05,7.7414792e-05,-4.63074684e-07,2.52484597e-06,-6.05233708e-06,5.832214e-08,4.28310796e-06,-1.59619526e-06
2274,9.096000,-0.000370243215,0.000576530234,-0.000372476759,1.08934983e-05,6.21287545e-05,7.73311767e-05,-4.63064964e-07,2.52433529e-06,-6.05490959e-06,6.0427368e-08,4.28312705e-06,-1.59625176e-06
2275,9.100000,-0.000369402696,0.000572458317,-0.000373307441,1.24610524e-05,6.19550847e-05,7.72480125e-05,-4.63073746e-07,2.52474911e-06,-6.05211926e-06,5.66975267e-08,4.28311205e-06,-1.59625165e-06
2276,9.104000,-0.000368529698,0.000568514573,-0.000373874092,1.36882081e-05,6.16947073e-05,7.71662744e-05,-4.63065959e-07,2.5244517e-06,-6.05517698e-06,5.81019322e-08,4.28312524e-06,-1.59625165e-06
2277,9.108000,-0.000367647386,0.00056456984,-0.000374453375,1.48332547e-05,6.14259989e-05,7.70851912e-05,-4.63079516e-07,2.52495965e-06,-6.05259947e-06,5.94863963e-08,4.2831025e-06,-1.59625085e-06
2278,9.112000,-0.00036676036,0.0005607864,-0.00037480818,1.6009697e-05,6.11691285e-05,7.70072074e-05,-4.63061951e-07,2.52431846e-06,-6.05487185e-06,5.97328693e-08,4.28312978e-06,-1.59619117e-06
2279,9.116000,-0.000365870888,0.000557070714,-0.000375015195,1.71415741e-05,6.09215167e-05,7.69298204e-05,-4.63077896e-07,2.52482914e-06,-6.05230025e-06,5.73947148e-08,4.28311296e-06,-1.59631111e-06
2280,9.120000,-0.000364973035,0.000553644029,-0.000374810887,1.82738913e-05,6.0677492e-05,7.68545142e-05,-4.63064879e-07,2.52444966e-06,-6.05517243e-06,5.76351376e-08,4.28312387e-06,-1.5961906e-06
2281,9.124000,-0.000364080595,0.000550211349,-0.00037448376,1.93792221e-05,6.04412417e-05,7.6781289e-05,-4.6307818e-07,2.52502332e-06,-6.05274272e-06,5.62283304e-08,4.28309932e-06,-1.59630827e-06
2282,9.128000,-0.000363190775,0.000546767958,-0.000374133524,2.04907628e-05,6.02087603e-05,7.6708573e-05,-4.6307477e-07,2.52499535e-06,-6.05268542e-06,5.5764346e-08,4.28309932e-06,-1.59619128e-06
2283,9.132000,-0.000362302759,0.000543320901,-0.000373776013,2.15581204e-05,5.99803752e-05,7.66384037e-05,-4.63070393e-07,2.52460904e-06,-6.05554669e-06,5.97248828e-08,4.28311841e-06,-1.59631065e-06
2284,9.136000,-0.000361416838,0.000539889676,-0.000373402203,2.2594726e-05,5.97551116e-05,7.65697478e-05,-4.63077441e-07,2.52492214e-06,-6.05252399e-06,5.8327597e-08,4.2831075e-06,-1.5961939e-06
2285,9.140000,-0.000360534177,0.000536467182,-0.000373010756,2.36347041e-05,5.95389392e-05,7.65016448e-05,-4.63067352e-07,2.5244276e-06,-6.0551306e-06,6.06593673e-08,4.28312842e-06,-1.59631202e-06
2286,9.144000,-0.000359651516,0.000533033279,-0.000372606621,2.46573618e-05,5.9322716e-05,7.64359429e-05,-4.63075253e-07,2.52482459e-06,-6.05230161e-06,5.66948088e-08,4.28311205e-06,-1.59619572e-06
2287,9.148000,-0.000358772639,0.00052962359,-0.000372184732,2.5665795e-05,5.91126518e-05,7.6371638e-05,-4.63069256e-07,2.52454265e-06,-6.05539617e-06,5.832932e-08,4.2831216e-06,-1.59630804e-06
2288,9.152000,-0.000357893528,0.000526229967,-0.000371717586,2.65808958e-05,5.8890837e-05,7.6307464e-05,-4.63081534e-07,2.5250356e-06,-6.05278092e-06,5.94834511e-08,4.28310386e-06,-1.59619367e-06
2289,9.156000,-0.000357008365,0.000522819697,-0.000371278962,2.75182756e-05,5.86753267e-05,7.62454001e-05,-4.63073661e-07,2.52481345e-06,-6.05227842e-06,5.62320324e-08,4.2831125e-06,-1.59625188e-06
2290,9.160000,-0.000356132397,0.00051943399,-0.000370798807,2.84169837e-05,5.84611407e-05,7.61852571e-05,-4.63068744e-07,2.52459677e-06,-6.05552168e-06,5.87932192e-08,4.2831216e-06,-1.59625085e-06
2291,9.164000,-0.000355261262,0.000516063068,-0.000370259775,2.92898403e-05,5.8253303e-05,7.61248957e-05,-4.63077981e-07,2.52504105e-06,-6.05279911e-06,5.92537077e-08,4.28310341e-06,-1.5962512e-06
2292,9.168000,-0.000354378542,0.000512666826,-0.000369836838,3.01725413e-05,5.80481537e-05,7.60663243e-05,-4.63073292e-07,2.52485142e-06,-6.05236892e-06,5.64648523e-08,4.28311068e-06,-1.59619276e-06
2293,9.172000,-0.000353502983,0.000509296311,-0.00036936003,3.10280593e-05,5.78469808e-05,7.60093535e-05,-4.63071103e-07,2.524602e-06,-6.05553896e-06,5.8562307e-08,4.2831216e-06,-1.59631236e-06
2294,9.176000,-0.000352638657,0.000505948206,-0.000368812529,3.1864809e-05,5.76469392e-05,7.59536779e-05,-4.6307747e-07,2.52507789e-06,-6.05289188e-06,5.94905849e-08,4.28310295e-06,-1.59619378e-06
2295,9.180000,-0.000351767638,0.000502590323,-0.000368298584,3.26827067e-05,5.7453839e-05,7.58978131e-05,-4.63076162e-07,2.52487416e-06,-6.05242622e-06,5.64651756e-08,4.28311387e-06,-1.59625574e-06
2296,9.184000,-0.000350896036,0.000499229995,-0.000367809727,3.35032382e-05,5.72610297e-05,7.58456445e-05,-4.63069995e-07,2.52464042e-06,-6.05563127e-06,5.87957913e-08,4.28312069e-06,-1.5962521e-06
2297,9.188000,-0.000350030838,0.000495889981,-0.000367273402,3.42907697e-05,5.70729317e-05,7.57922971e-05,-4.63080966e-07,2.52508266e-06,-6.05290234e-06,5.92521801e-08,4.2831025e-06,-1.59625438e-06
2298,9.192000,-0.00034917926,0.000492539082,-0.000366737193,3.50961782e-05,5.68907417e-05,7.5740958e-05,-4.6307531e-07,2.52491168e-06,-6.05251535e-06,5.66990508e-08,4.28310932e-06,-1.59619344e-06
2299,9.196000,-0.000348330766,0.000489203259,-0.000366196007,3.58715006e-05,5.67121315e-05,7.56902882e-05,-4.63072581e-07,2.52464451e-06,-6.05564401e-06,5.85606692e-08,4.28312342e-06,-1.59631395e-06
2300,9.200000,-0.000347474066,0.000485932105,-0.00036557077,3.66586282e-05,5.65382616e-05,7.56418012e-05,-4.63080056e-07,2.52513792e-06,-6.0530333e-06,5.97190137e-08,4.28309977e-06,-1.59619583e-06
2301,9.204000,-0.000346632558,0.000482693547,-0.000364870997,3.74209812e-05,5.63674366e-05,7.55940564e-05,-4.63077413e-07,2.52489849e-06,-6.05248852e-06,5.62297089e-08,4.2831125e-06,-1.59625506e-06
2302,9.208000,-0.000345780281,0.000479429145,-0.000364196138,3.81653444e-05,5.61994311e-05,7.55463552e-05,-4.63071842e-07,2.52469954e-06,-6.05577316e-06,5.90280784e-08,4.28312023e-06,-1.59625199e-06
2303,9.212000,-0.000344934117,0.000476176181,-0.000363525178,3.88947228e-05,5.6034718e-05,7.55006331e-05,-4.6308233e-07,2.52512723e-06,-6.05300829e-06,5.92558216e-08,4.28310386e-06,-1.59625608e-06
2304,9.216000,-0.000344101165,0.000472926185,-0.000362853665,3.96210962e-05,5.58749452e-05,7.54550711e-05,-4.63080141e-07,2.52495283e-06,-6.05261448e-06,5.66906415e-08,4.28311296e-06,-1.59619776e-06
2305,9.220000,-0.000343280961,0.000469690363,-0.000362109102,4.03537779e-05,5.57185558e-05,7.5410484e-05,-4.63075622e-07,2.52470454e-06,-6.05578452e-06,5.87930273e-08,4.28312251e-06,-1.59631168e-06
2306,9.224000,-0.00034244766,0.000466431549,-0.000361400773,4.10490793e-05,5.55643855e-05,7.53681234e-05,-4.63084518e-07,2.52516475e-06,-6.05310015e-06,5.94859557e-08,4.2831025e-06,-1.59619685e-06
2307,9.228000,-0.000341627165,0.00046320539,-0.000360682025,4.17566844e-05,5.54121943e-05,7.53245986e-05,-4.63080653e-07,2.52497421e-06,-6.05266632e-06,5.66953631e-08,4.28311023e-06,-1.59625279e-06
2308,9.232000,-0.000340802886,0.000459965813,-0.000359984522,4.24310092e-05,5.52638085e-05,7.52841588e-05,-4.63077214e-07,2.52472546e-06,-6.05583409e-06,5.87925761e-08,4.28312296e-06,-1.59625415e-06
2309,9.236000,-0.000339974533,0.000456722861,-0.000359272759,4.3117936e-05,5.51168705e-05,7.5243559e-05,-4.63085797e-07,2.52520044e-06,-6.05318337e-06,5.9719639e-08,4.28309841e-06,-1.59625233e-06
2310,9.240000,-0.000339157297,0.000453513465,-0.000358519901,4.37786148e-05,5.49712277e-05,7.52035121e-05,-4.63081051e-07,2.52497921e-06,-6.05268042e-06,5.64582763e-08,4.28311159e-06,-1.59619731e-06
2311,9.244000,0.000597758568,-0.00213363837,0.000271487515,-0.000195146073,-0.000146937498,7.18683586e-05,-4.6307747e-07,2.52476366e-06,-6.05592231e-06,5.90288138e-08,4.28312114e-06,-1.59631543e-06
2312,9.248000,0.000639479607,-0.00283303624,0.000549564604,-0.000164883677,-0.000147168117,7.1835384e-05,-4.63086081e-07,2.52520522e-06,-6.0531961e-06,5.9484929e-08,4.28310022e-06,-1.59619697e-06
2313,9.252000,0.000664056512,-0.00305967359,0.000642738421,-0.000159393763,-0.00014959526,7.17590447e-05,-4.63082387e-07,2.52501695e-06,-6.05276728e-06,5.66967771e-08,4.28310932e-06,-1.59625688e-06
2314,9.256000,0.000683872146,-0.00315110292,0.000685299514,-0.00016105012,-0.000152666733,7.16718205e-05,-4.63084803e-07,2.52518839e-06,-6.05316154e-06,5.53001165e-08,4.28310477e-06,-1.59625495e-06
2315,9.260000,0.000702228048,-0.00320420205,0.000714389491,-0.000164561206,-0.000155855378,7.15797505e-05,-4.63088384e-07,2.52532095e-06,-6.05346895e-06,5.71558765e-08,4.2830975e-06,-1.59625802e-06
2316,9.264000,0.000720169977,-0.00324599585,0.000739305164,-0.000168622239,-0.000159084273,7.14903435e-05,-4.63086138e-07,2.52522636e-06,-6.05325795e-06,5.57609532e-08,4.28310204e-06,-1.59625426e-06
2317,9.268000,0.000737959286,-0.00328478124,0.000762470649,-0.00017295382,-0.000162337805,7.13996124e-05,-4.63087673e-07,2.52531299e-06,-6.05345758e-06,5.69230707e-08,4.28309977e-06,-1.59625586e-06
2318,9.272000,0.000755678047,-0.0033225161,0.000784929609,-0.000177402282,-0.000165595615,7.13094487e-05,-4.6308665e-07,2.52525092e-06,-6.05331934e-06,5.59898226e-08,4.2831025e-06,-1.5962554e-06
2319,9.276000,0.000773291104,-0.00335999415,0.000807274249,-0.000181801151,-0.00016882128,7.12209294e-05,-4.63087531e-07,2.52530208e-06,-6.05344394e-06,5.66907659e-08,4.28310068e-06,-1.59625802e-06
2320,9.280000,0.000790867256,-0.00339708477,0.000829485944,-0.000186234945,-0.000172033731,7.11328321e-05,-4.63086678e-07,2.5252732e-06,-6.05338482e-06,5.62267886e-08,4.28310204e-06,-1.59625586e-06
2321,9.284000,0.000808440382,-0.00343402289,0.000851952238,-0.000190668507,-0.000175241817,7.10471359e-05,-4.6308719e-07,2.52530913e-06,-6.05346713e-06,5.66900624e-08,4.28310113e-06,-1.5962587e-06
2322,9.288000,0.000825931784,-0.00347045227,0.000874233665,-0.000195088796,-0.000178425486,7.09601591e-05,-4.63087673e-07,2.52527911e-06,-6.05340483e-06,5.62229943e-08,4.28310341e-06,-1.59625642e-06
2323,9.292000,0.000843377085,-0.00350625277,0.000896649319,-0.000199499773,-0.000181592593,7.08749867e-05,-4.63087503e-07,2.52531572e-06,-6.05348851e-06,5.66898599e-08,4.28310022e-06,-1.59625529e-06
2324,9.296000,0.000860824832,-0.00354137365,0.000918946927,-0.000204003416,-0.000184765289,7.07883009e-05,-4.63087417e-07,2.52528662e-06,-6.0534303e-06,5.62264688e-08,4.28310295e-06,-1.59625904e-06
2325,9.300000,0.000878197607,-0.00357644563,0.000940986094,-0.000208502868,-0.000187931408,7.07066065e-05,-4.63088242e-07,2.52532277e-06,-6.05351443e-06,5.66872522e-08,4.28310068e-06,-1.59625631e-06
2326,9.304000,-0.00130497303,-0.0145551749,0.000515170395,0.00144881755,0.000431747525,8.14385712e-05,-4.63087446e-07,2.52529503e-06,-6.0534544e-06,5.62256943e-08,4.2831025e-06,-1.59625915e-06
2327,9.308000,-0.00130707142,-0.0166834816,0.00153204799,0.00152033567,0.000442863908,8.16201791e-05,-4.630879e-07,2.52532914e-06,-6.05353807e-06,5.66902862e-08,4.28310022e-06,-1.59625665e-06
2328,9.312000,-0.00134893192,-0.0171742979,0.00243813172,0.00145752355,0.000430624001,8.13826919e-05,-4.63088071e-07,2.52530162e-06,-6.05347759e-06,5.62257263e-08,4.28310386e-06,-1.5962587e-06
2329,9.316000,-0.00138264918,-0.0173713267,0.00299279764,0.00142358243,0.000425482169,8.1254635e-05,-4.63088099e-07,2.525338e-06,-6.05356536e-06,5.66860834e-08,4.28310159e-06,-1.59625722e-06
2330,9.320000,-0.00141058036,-0.0174869336,0.00335983559,0.00140617788,0.000423962483,8.12131912e-05,-4.63088753e-07,2.52532595e-06,-6.05353898e-06,5.64558178e-08,4.28310204e-06,-1.59625733e-06
2331,9.324000,-0.00143525412,-0.0175682772,0.00364110991,0.00139742717,0.00042427273,8.11908394e-05,-4.63087986e-07,2.52533027e-06,-6.05355353e-06,5.64570826e-08,4.2831025e-06,-1.59625961e-06
2332,9.328000,-0.00145773974,-0.0176291913,0.00389495865,0.00139418244,0.000425699516,8.11931677e-05,-4.6308881e-07,2.52534983e-06,-6.05360083e-06,5.66882576e-08,4.28310113e-06,-1.5962587e-06
2333,9.332000,-0.0014787754,-0.0176844634,0.00413326919,0.00139296055,0.000427469495,8.12034123e-05,-4.63087844e-07,2.52533755e-06,-6.05357764e-06,5.64552991e-08,4.2831025e-06,-1.59625711e-06
2334,9.336000,-0.00149901945,-0.0177376382,0.0043636933,0.0013926141,0.000429358566,8.1227161e-05,-4.63089208e-07,2.52535801e-06,-6.05362766e-06,5.66895189e-08,4.28310341e-06,-1.59625802e-06
2335,9.340000,-0.00151879131,-0.0177897774,0.00459116325,0.00139280781,0.000431324239,8.12308863e-05,-4.63089009e-07,2.52534664e-06,-6.05360492e-06,5.64564608e-08,4.28310204e-06,-1.59625779e-06
2336,9.344000,-0.00153829844,-0.0178416129,0.00481752306,0.00139327347,0.000433324603,8.12453218e-05,-4.63089009e-07,2.52536688e-06,-6.05365176e-06,5.66918459e-08,4.28310386e-06,-1.59625893e-06
2337,9.348000,-0.00155757205,-0.0178931262,0.00504275039,0.00139372423,0.000435302849,8.12667422e-05,-4.63088071e-07,2.52535392e-06,-6.0536272e-06,5.64544358e-08,4.28310295e-06,-1.59625768e-06
2338,9.352000,-0.00157670409,-0.0179446116,0.00527011603,0.00139410049,0.000437245355,8.12844373e-05,-4.63089719e-07,2.52537484e-06,-6.05367586e-06,5.66855753e-08,4.28310113e-06,-1.59625756e-06
2339,9.356000,-0.00159578666,-0.0179962255,0.00549676269,0.00139445066,0.000439184485,8.12970102e-05,-4.63088242e-07,2.52536415e-06,-6.05365449e-06,5.64575053e-08,4.28310159e-06,-1.59625984e-06
2340,9.360000,-0.00161473732,-0.0180475656,0.00572425872,0.00139480457,0.00044109649,8.13091174e-05,-4.63089975e-07,2.52538462e-06,-6.05370633e-06,5.66898919e-08,4.2831025e-06,-1.59625847e-06
2341,9.364000,-0.0139460275,-0.0379168317,0.059724614,-0.0662430674,-0.00127764512,0.00114340335,-4.63088895e-07,2.52537211e-06,-6.05368132e-06,5.64557396e-08,4.2831025e-06,-1.59625938e-06
2342,9.368000,-0.0179409329,-0.0379672945,0.104165189,-0.110586867,-0.00113250455,0.00114569999,-4.63090345e-07,2.52539371e-06,-6.05373316e-06,5.66890854e-08,4.28310068e-06,-1.59625995e-06
2343,9.372000,-0.0200105645,-0.0379965007,0.125631928,-0.122043073,-0.00111823063,0.00114560686,-4.63089179e-07,2.52539735e-06,-6.05374498e-06,5.6690304e-08,4.28310113e-06,-1.59625972e-06
2344,9.376000,-0.0212983023,-0.0380218402,0.138600528,-0.127428502,-0.00112124206,0.0011451263,-4.63090004e-07,2.5254019e-06,-6.05375999e-06,5.66888048e-08,4.28310159e-06,-1.5962579e-06
2345,9.380000,-0.022186147,-0.0393313244,0.144955382,-0.128188118,-0.00113071036,0.00114459544,-4.63088469e-07,2.52540781e-06,-6.05377409e-06,5.66870568e-08,4.28310159e-06,-1.59625824e-06
2346,9.384000,-0.0229457095,-0.041192919,0.148103312,-0.127466962,-0.00114207668,0.0011439994,-4.63090203e-07,2.52541213e-06,-6.05378864e-06,5.66890641e-08,4.28310386e-06,-1.59625915e-06
2347,9.388000,-0.0236537904,-0.0427814573,0.150229454,-0.127058446,-0.00115025369,0.00114349276,-4.63088611e-07,2.52541668e-06,-6.05380001e-06,5.66890392e-08,4.28310113e-06,-1.59625779e-06
2348,9.392000,-0.0243134815,-0.0441418216,0.151720196,-0.126854435,-0.0011556102,0.00114304386,-4.63090259e-07,2.52542213e-06,-6.05381592e-06,5.66883998e-08,4.28310341e-06,-1.59625938e-06
2349,9.396000,-0.0249256082,-0.0453884006,0.152785078,-0.126796842,-0.00115884934,0.0011426378,-4.63090203e-07,2.52542736e-06,-6.05382638e-06,5.66853799e-08,4.28310159e-06,-1.59625779e-06
2350,9.400000,-0.0254911873,-0.0465044305,0.153580472,-0.126828194,-0.00116055179,0.00114225037,-4.63090316e-07,2.52543191e-06,-6.05384412e-06,5.66870995e-08,4.28310341e-06,-1.5962587e-06
2351,9.404000,-0.0260145236,-0.0474852324,0.154195383,-0.126915067,-0.00116121396,0.00114188716,-4.63089577e-07,2.525436e-06,-6.0538564e-06,5.66862965e-08,4.28310159e-06,-1.59626086e-06
2352,9.408000,-0.0265020579,-0.0483498164,0.154678494,-0.127036676,-0.00116120698,0.00114154816,-4.63089691e-07,2.52544078e-06,-6.05387049e-06,5.66857778e-08,4.2831025e-06,-1.59626165e-06
2353,9.412000,-0.0269605853,-0.049117282,0.155065179,-0.127182841,-0.0011607497,0.00114121474,-4.63090942e-07,2.52544623e-06,-6.05388323e-06,5.66887124e-08,4.2831025e-06,-1.59626131e-06
2354,9.416000,-0.0273957886,-0.049806647,0.155379146,-0.127344653,-0.00115997391,0.00114091858,-4.63090117e-07,2.52545055e-06,-6.05389232e-06,5.66879308e-08,4.28310295e-06,-1.59626177e-06
2355,9.420000,-0.0278119836,-0.0504339188,0.155637741,-0.127517074,-0.0011589732,0.00114057958,-4.63091226e-07,2.52547147e-06,-6.05394325e-06,5.69185197e-08,4.2831025e-06,-1.59626165e-06
2356,9.424000,-0.0119194612,-0.056347467,0.241467476,-0.304219395,-0.00105478498,5.35268337e-05,-4.63090402e-07,2.52545851e-06,-6.05391733e-06,5.66837066e-08,4.2831025e-06,-1.59625893e-06
2357,9.428000,-0.00454679411,-0.0797660202,0.245651618,-0.307521313,-0.000962183345,5.53629361e-05,-4.63091595e-07,2.52548239e-06,-6.05397145e-06,5.69263889e-08,4.28310477e-06,-1.59626154e-06
2358,9.432000,-0.00171774684,-0.0937765315,0.251444757,-0.308057576,-0.00102597382,9.77739692e-05,-4.63090771e-07,2.52546988e-06,-6.05394416e-06,5.66910359e-08,4.28310341e-06,-1.59625984e-06
2359,9.436000,-0.0015805359,-0.103162736,0.256462067,-0.309434623,-0.00223892229,0.00111971656,-4.63090771e-07,2.52549103e-06,-6.05399509e-06,5.69235858e-08,4.2831025e-06,-1.59626006e-06
2360,9.440000,-0.00155748916,-0.109819055,0.260099083,-0.309343129,-0.00223703263,0.0011194651,-4.63091254e-07,2.52547807e-06,-6.05396917e-06,5.66842466e-08,4.28310295e-06,-1.59625972e-06
2361,9.444000,-0.00155824935,-0.114535823,0.26295951,-0.309186339,-0.00223755138,0.00111916801,-4.6309188e-07,2.52550058e-06,-6.05402192e-06,5.69221363e-08,4.28310341e-06,-1.5962604e-06
2362,9.448000,-0.00156894047,-0.11795941,0.265182465,-0.309046358,-0.00223869365,0.0011188616,-4.63090515e-07,2.52548739e-06,-6.05399509e-06,5.66847547e-08,4.28310341e-06,-1.596262e-06
2363,9.452000,-0.00158293953,-0.120499216,0.26689443,-0.308954149,-0.00223970041,0.00111856125,-4.63092192e-07,2.52550922e-06,-6.0540433e-06,5.69205909e-08,4.28310295e-06,-1.5962604e-06
2364,9.456000,-0.00159722171,-0.122420907,0.268204719,-0.308916122,-0.00224034349,0.00111825252,-4.63091254e-07,2.52549739e-06,-6.05401829e-06,5.66878384e-08,4.28310432e-06,-1.59626404e-06
2365,9.460000,-0.00161054148,-0.123901121,0.269203156,-0.308928072,-0.00224045152,0.00111795124,-4.63091254e-07,2.52551808e-06,-6.05406922e-06,5.69166545e-08,4.28310432e-06,-1.5962637e-06
2366,9.464000,-0.00162249885,-0.125060424,0.269962728,-0.308982551,-0.0022400911,0.00111766346,-4.63091197e-07,2.5255224e-06,-6.05408104e-06,5.69187897e-08,4.2831025e-06,-1.59626302e-06
2367,9.468000,-0.0016331505,-0.125985354,0.270538867,-0.309070885,-0.00223938143,0.00111739337,-4.63092306e-07,2.52552763e-06,-6.05409377e-06,5.69191059e-08,4.28310159e-06,-1.59626063e-06
2368,9.472000,-0.00164263253,-0.126735091,0.270976365,-0.309185833,-0.0022383905,0.00111712608,-4.63092221e-07,2.52553309e-06,-6.05410514e-06,5.6921337e-08,4.28310295e-06,-1.59626086e-06
2369,9.476000,-0.00165120477,-0.127354145,0.271308243,-0.309320629,-0.00223704847,0.00111685228,-4.63091652e-07,2.52553696e-06,-6.05411697e-06,5.69173828e-08,4.28310204e-06,-1.59626029e-06
2370,9.480000,-0.00165900495,-0.127874956,0.271560222,-0.309470683,-0.00223555882,0.00111660408,-4.63092277e-07,2.52554014e-06,-6.0541297e-06,5.69183563e-08,4.28310022e-06,-1.59626006e-06
2371,9.484000,-0.000456118258,-0.12367589,0.33627966,-0.467835099,-0.00231017778,3.02046537e-05,-4.63092221e-07,2.52554605e-06,-6.05414198e-06,5.69178766e-08,4.2831025e-06,-1.59626086e-06
2372,9.488000,-0.000158084673,-0.141997993,0.330717564,-0.472914547,-0.00224384386,3.15811485e-05,-4.63091141e-07,2.52555105e-06,-6.05415335e-06,5.69188181e-08,4.28310432e-06,-1.5962612e-06
2373,9.492000,-5.47725758e-05,-0.151028529,0.330331087,-0.474645436,-0.00237157731,0.000147957355,-4.63092476e-07,2.5255556e-06,-6.05416744e-06,5.69230174e-08,4.28310386e-06,-1.59626188e-06
2374,9.496000,5.53114878e-05,-0.155991465,0.331589341,-0.476403922,-0.00349892979,0.00109228678,-4.63092562e-07,2.52555969e-06,-6.05417699e-06,5.69153897e-08,4.28310068e-06,-1.59626074e-06
2375,9.500000,9.64419378e-05,-0.159201413,0.332741499,-0.476655185,-0.00350016006,0.00109197944,-4.63092732e-07,2.52556538e-06,-6.05419109e-06,5.6918811e-08,4.28310432e-06,-1.59626404e-06
2376,9.504000,0.000125008388,-0.161366984,0.333759069,-0.47678116,-0.00350325694,0.00109163113,-4.63092817e-07,2.52557038e-06,-6.05420428e-06,5.69199834e-08,4.28310022e-06,-1.59626279e-06
2377,9.508000,0.000146454506,-0.16290006,0.334580004,-0.476869613,-0.00350709376,0.00109129772,-4.63093698e-07,2.52557447e-06,-6.05421519e-06,5.69186369e-08,4.2831025e-06,-1.59626416e-06
2378,9.512000,0.00016456921,-0.164021403,0.335221976,-0.476954907,-0.00351114245,0.00109091029,-4.6309296e-07,2.52557788e-06,-6.05422701e-06,5.69167113e-08,4.28309977e-06,-1.5962629e-06
2379,9.516000,0.000181266514,-0.164864734,0.33571592,-0.477049291,-0.00351515692,0.00109056011,-4.63093926e-07,2.52560039e-06,-6.05427431e-06,5.71508139e-08,4.28310159e-06,-1.59626347e-06
2380,9.520000,0.000197620466,-0.165514082,0.336092412,-0.477156103,-0.00351902936,0.00109022111,-4.63092732e-07,2.52559016e-06,-6.05425294e-06,5.69214116e-08,4.28309977e-06,-1.59626074e-06
2381,9.524000,0.000214109255,-0.166024268,0.336378336,-0.477274507,-0.00352275325,0.00108990259,-4.63093869e-07,2.52561017e-06,-6.05430114e-06,5.71513503e-08,4.28310068e-06,-1.5962612e-06
2382,9.528000,0.000230840873,-0.16643405,0.336594522,-0.47740376,-0.00352630019,0.00108955428,-4.63092675e-07,2.52559789e-06,-6.05427567e-06,5.69166865e-08,4.28310022e-06,-1.59626165e-06
2383,9.532000,0.000247818301,-0.166770294,0.336756676,-0.477540851,-0.00352972234,0.00108923949,-4.63094722e-07,2.52561858e-06,-6.05432251e-06,5.71489096e-08,4.28309977e-06,-1.5962612e-06
2384,9.536000,0.000265026494,-0.167052448,0.336878389,-0.477683693,-0.00353297545,0.00108890422,-4.63093158e-07,2.52560835e-06,-6.05430068e-06,5.69184806e-08,4.28310159e-06,-1.59626211e-06
2385,9.540000,0.000282438617,-0.167293638,0.336969048,-0.477831215,-0.00353613263,0.00108857639,-4.63095404e-07,2.52562768e-06,-6.05434434e-06,5.71461989e-08,4.2831025e-06,-1.59626256e-06
2386,9.544000,-0.00117119076,-0.162723184,0.384849727,-0.607689321,-0.00198869826,3.53902578e-05,-4.63092732e-07,2.52561676e-06,-6.05432206e-06,5.6915475e-08,4.28310022e-06,-1.59626313e-06
2387,9.548000,-0.000949358102,-0.176137641,0.377697945,-0.612502217,-0.00192743796,3.66866589e-05,-4.63095233e-07,2.52563791e-06,-6.05437071e-06,5.71486396e-08,4.28310159e-06,-1.59626256e-06
2388,9.552000,-0.000848214957,-0.182082593,0.375791043,-0.614650249,-0.00233722897,0.000390408561,-4.63092221e-07,2.52562654e-06,-6.05434434e-06,5.69202534e-08,4.28309795e-06,-1.59626279e-06
2389,9.556000,-0.000770202198,-0.18496719,0.375749409,-0.616224527,-0.00317540695,0.00109429285,-4.63096086e-07,2.52564746e-06,-6.054393e-06,5.71526648e-08,4.28309977e-06,-1.59626427e-06
2390,9.560000,-0.000739251846,-0.18666923,0.375977665,-0.616595447,-0.00317422673,0.00109408051,-4.63092476e-07,2.52565178e-06,-6.05440482e-06,5.7146746e-08,4.2830975e-06,-1.59626245e-06
2391,9.564000,-0.000717490562,-0.187742919,0.376286536,-0.616833031,-0.00317475526,0.00109384581,-4.63096313e-07,2.52565724e-06,-6.05441755e-06,5.71501388e-08,4.28310159e-06,-1.59626529e-06
2392,9.568000,-0.000701777404,-0.18847008,0.376566589,-0.617016971,-0.00317612896,0.00109362043,-4.63091681e-07,2.52566201e-06,-6.05442938e-06,5.71500429e-08,4.28309977e-06,-1.59620356e-06
2393,9.572000,-0.000689367705,-0.188985437,0.376799434,-0.617177308,-0.00317786704,0.00109338388,-4.63095631e-07,2.52566747e-06,-6.05444302e-06,5.71506718e-08,4.28310204e-06,-1.59632157e-06
2394,9.576000,-0.000678603479,-0.189365163,0.376986235,-0.617329538,-0.00317970198,0.0010931585,-4.63093556e-07,2.52567202e-06,-6.05445393e-06,5.71499648e-08,4.28309886e-06,-1.59620333e-06
2395,9.580000,-0.000668619759,-0.189652815,0.37713486,-0.617480159,-0.00318167009,0.00109292567,-4.63096228e-07,2.52567611e-06,-6.05446439e-06,5.71491512e-08,4.28310022e-06,-1.596321e-06
2396,9.584000,-0.000659100304,-0.189877823,0.377252102,-0.617629886,-0.00318356859,0.00109271705,-4.630935e-07,2.52568225e-06,-6.05447804e-06,5.71484264e-08,4.28310159e-06,-1.5962047e-06
2397,9.588000,-0.000649664027,-0.190058097,0.37734592,-0.617781639,-0.00318543008,0.00109249167,-4.63096427e-07,2.52568702e-06,-6.05449077e-06,5.71516949e-08,4.28310113e-06,-1.59632168e-06
2398,9.592000,-0.00064023817,-0.190208584,0.377420038,-0.617934763,-0.00318730436,0.00109229051,-4.63093897e-07,2.52569089e-06,-6.05450032e-06,5.71487817e-08,4.28310113e-06,-1.59620515e-06
2399,9.596000,-0.000630729017,-0.190334886,0.377480537,-0.618090093,-0.00318903895,0.00109205768,-4.63096399e-07,2.52569612e-06,-6.05451169e-06,5.71473109e-08,4.28310022e-06,-1.59632327e-06
2400,9.600000,-0.000621215557,-0.190443724,0.377530366,-0.618246794,-0.00319078332,0.0010918621,-4.63093244e-07,2.52570226e-06,-6.05452669e-06,5.71509631e-08,4.28310068e-06,-1.59614831e-06
2401,9.604000,-0.00112267048,-0.195614025,0.384219617,-0.648017824,-0.00288207037,0.000954627991,-4.63096455e-07,2.52570499e-06,-6.05453852e-06,5.71481422e-08,4.28310113e-06,-1.59609203e-06
2402,9.608000,-0.00107499619,-0.20119442,0.381945848,-0.649801254,-0.00303712487,0.00109438039,-4.63095972e-07,2.52571112e-06,-6.05454898e-06,5.7145698e-08,4.28309795e-06,-1.59614842e-06
2403,9.612000,-0.00104725361,-0.203826934,0.381699592,-0.650409997,-0.00303418469,0.00109419413,-4.63096882e-07,2.52573204e-06,-6.05459854e-06,5.7380646e-08,4.28309977e-06,-1.59609249e-06
2404,9.616000,-0.00102210511,-0.205303743,0.381942868,-0.650722563,-0.00303354021,0.00109400973,-4.63095802e-07,2.52571954e-06,-6.0545708e-06,5.71493857e-08,4.28310022e-06,-1.59614865e-06
2405,9.620000,-0.00100366562,-0.20624283,0.382239968,-0.650929034,-0.00303419353,0.00109384954,-4.63096399e-07,2.52574159e-06,-6.05461946e-06,5.7381186e-08,4.2830975e-06,-1.59609147e-06
2406,9.624000,-0.000990728149,-0.20687668,0.382501125,-0.651090384,-0.00303559331,0.00109367631,-4.63096541e-07,2.52572909e-06,-6.05459218e-06,5.71458898e-08,4.28309977e-06,-1.59614785e-06
2407,9.628000,-0.000980459736,-0.207319841,0.382718444,-0.651231885,-0.00303730252,0.00109351426,-4.63096541e-07,2.52575023e-06,-6.05464129e-06,5.73803263e-08,4.28309977e-06,-1.59614888e-06
2408,9.632000,-0.000971009023,-0.207639441,0.382895738,-0.651368558,-0.00303912372,0.00109333545,-4.63095233e-07,2.54063957e-06,-6.05461491e-06,5.71494319e-08,4.28309841e-06,-1.59609056e-06
2409,9.636000,-0.000961864542,-0.20787704,0.383037448,-0.651505232,-0.00304091605,0.00109314919,-4.63126668e-07,2.52674818e-06,-6.05692048e-06,5.73676182e-08,4.28306566e-06,-1.59603815e-06
2410,9.640000,-0.000952765287,-0.208058238,0.383149385,-0.651643634,-0.00304266834,0.00109297968,-4.63076162e-07,2.52469249e-06,-6.06344156e-06,5.66998253e-08,4.28326393e-06,-1.59621186e-06
2411,9.644000,-0.000943634368,-0.208198935,0.383238733,-0.651784182,-0.00304439641,0.00109279901,-4.63131698e-07,2.52712084e-06,-6.0652128e-06,5.80557824e-08,4.28281601e-06,-1.59615729e-06
2412,9.648000,-0.000934459211,-0.208311945,0.383309752,-0.651926696,-0.00304608094,0.00109264627,-4.63091851e-07,2.52603991e-06,-6.07393395e-06,6.08678477e-08,4.28296516e-06,-1.59591707e-06
2413,9.652000,-0.000925225264,-0.208403021,0.383368433,-0.652071238,-0.00304771774,0.00109247677,-4.63123513e-07,2.52717405e-06,-6.08393202e-06,5.82892952e-08,4.28327212e-06,-1.59597914e-06
2414,9.656000,-0.000915925717,-0.208479121,0.383416921,-0.652215004,-0.00304932031,0.0010923259,-4.63186751e-07,2.52931636e-06,-6.07759466e-06,6.08128445e-08,4.28283556e-06,-1.59621391e-06
2415,9.660000,-0.000906567031,-0.208542854,0.383458793,-0.652359605,-0.00305096013,0.00109215453,-4.63153611e-07,2.52839345e-06,-6.07921675e-06,5.78005057e-08,4.28286694e-06,-1.59615274e-06
2416,9.664000,-0.000956395059,-0.217119634,0.345283806,-0.527516365,-0.00256516365,0.00110135414,-4.63156113e-07,2.5290185e-06,-6.07689526e-06,5.77888635e-08,4.28283192e-06,-1.59597255e-06
2417,9.668000,-0.00104834326,-0.207879543,0.355591565,-0.522844136,-0.002614022,0.00109971873,-4.63147643e-07,2.5284553e-06,-6.07933953e-06,5.98929759e-08,4.28285603e-06,-1.59614729e-06
2418,9.672000,-0.00125076494,-0.204694539,0.360099196,-0.520378351,-0.00264636218,0.00109885074,-4.6315651e-07,2.5288025e-06,-6.07638685e-06,5.59294051e-08,4.28284147e-06,-1.59597244e-06
2419,9.676000,-0.00131110591,-0.203873679,0.362129569,-0.519495606,-0.00265903492,0.001098359,-4.63151451e-07,2.52845393e-06,-6.07931952e-06,5.73385641e-08,4.28285784e-06,-1.59614967e-06
2420,9.680000,-0.00133710715,-0.203867406,0.363127142,-0.519168854,-0.00266508712,0.00109805539,-4.63162564e-07,2.52889572e-06,-6.07658421e-06,5.47657741e-08,4.28283738e-06,-1.59603212e-06
2421,9.684000,-0.00135021959,-0.204084888,0.363723099,-0.519051194,-0.00266849622,0.0010978505,-4.63164923e-07,2.52846212e-06,-6.07932361e-06,5.87331925e-08,4.28286012e-06,-1.59609283e-06
2422,9.688000,-0.00135552452,-0.204350889,0.364106745,-0.519037485,-0.00267048832,0.00109769404,-4.63174501e-07,2.52870586e-06,-6.07613902e-06,5.71005252e-08,4.28285239e-06,-1.59603587e-06
2423,9.692000,-0.00135671778,-0.204586819,0.36439833,-0.519080043,-0.00267105456,0.00109757576,-4.63160831e-07,2.52816062e-06,-6.07862603e-06,5.57146684e-08,4.28287512e-06,-1.59609669e-06
2424,9.696000,-0.00135358644,-0.204810694,0.364578635,-0.519157827,-0.00267157052,0.001097464,-4.63165804e-07,2.52836116e-06,-6.07906941e-06,5.91933187e-08,4.28286421e-06,-1.59609488e-06
2425,9.700000,-0.00134939048,-0.205006003,0.364687115,-0.519258261,-0.00267186342,0.0010973569,-4.63162564e-07,2.52810446e-06,-6.07848006e-06,5.99030301e-08,4.28287512e-06,-1.5960369e-06
2426,9.704000,-0.00134480139,-0.205166578,0.364755869,-0.519369483,-0.00267206784,0.00109726004,-4.63160433e-07,2.52796349e-06,-6.07814854e-06,5.85021844e-08,4.28287922e-06,-1.59609237e-06
2427,9.708000,-0.00133995572,-0.205298513,0.364797741,-0.519485474,-0.00267221546,0.00109716225,-4.63163644e-07,2.52799055e-06,-6.0781972e-06,5.94372587e-08,4.28287785e-06,-1.59603292e-06
2428,9.712000,-0.00133495987,-0.205406725,0.364821941,-0.519603491,-0.00267229974,0.00109704584,-4.63162507e-07,2.52788186e-06,-6.07793982e-06,5.85037441e-08,4.28287876e-06,-1.59609021e-06
2429,9.716000,-0.00132988614,-0.20549652,0.364833891,-0.519722342,-0.00267237471,0.00109693687,-4.6316265e-07,2.52787436e-06,-6.07791344e-06,5.89732139e-08,4.2828824e-06,-1.59603542e-06
2430,9.720000,-0.00132473465,-0.205572665,0.364836961,-0.519841611,-0.00267241895,0.00109684095,-4.63163587e-07,2.52779955e-06,-6.07773154e-06,5.85020459e-08,4.28288286e-06,-1.5960934e-06
2431,9.724000,-0.00116922543,-0.221573561,0.289236218,-0.350560427,-0.00213898742,0.00110720214,-4.63165065e-07,2.52777477e-06,-6.07766651e-06,5.87405822e-08,4.28288422e-06,-1.5960353e-06
2432,9.728000,-0.00137849525,-0.204151899,0.295711577,-0.345575392,-0.00220134808,0.00110553228,-4.63164355e-07,2.52771883e-06,-6.07752963e-06,5.85132582e-08,4.28288649e-06,-1.59609215e-06
2433,9.732000,-0.00152939535,-0.195111021,0.297390431,-0.343645453,-0.0022199091,0.00110503158,-4.63166316e-07,2.52767677e-06,-6.0774255e-06,5.85127715e-08,4.28289104e-06,-1.59603496e-06
2434,9.736000,-0.00157815928,-0.190219283,0.297023803,-0.343099743,-0.00222790334,0.00110468525,-4.63165321e-07,2.52762015e-06,-6.07728634e-06,5.82787543e-08,4.28289059e-06,-1.59609499e-06
2435,9.740000,-0.00162402028,-0.18720375,0.296355426,-0.342885464,-0.00223315135,0.00110445567,-4.63165691e-07,2.52757991e-06,-6.07718721e-06,5.82825521e-08,4.28289286e-06,-1.59603667e-06
2436,9.744000,-0.00163265469,-0.185243249,0.295753539,-0.342926323,-0.00223224028,0.00110436697,-4.63166856e-07,2.52753966e-06,-6.07708535e-06,5.82781539e-08,4.28289286e-06,-1.59609158e-06
2437,9.748000,-0.00163297448,-0.18398796,0.295159459,-0.343062848,-0.00223062583,0.00110429968,-4.63166259e-07,2.52748259e-06,-6.07695074e-06,5.80482897e-08,4.28289559e-06,-1.5960369e-06
2438,9.752000,-0.00163186621,-0.183149189,0.29466635,-0.343218327,-0.00222877786,0.00110424776,-4.63167737e-07,2.52744167e-06,-6.07684751e-06,5.80501833e-08,4.28289468e-06,-1.59609431e-06
2439,9.756000,-0.00163037225,-0.182578743,0.29428032,-0.343370229,-0.00222690776,0.00110419258,-4.63167481e-07,2.52740051e-06,-6.07674656e-06,5.80510324e-08,4.28289604e-06,-1.59603246e-06
2440,9.760000,-0.00162887573,-0.182190552,0.293985844,-0.343513429,-0.00222510681,0.00110414508,-4.63168078e-07,2.52734344e-06,-6.07661059e-06,5.78213317e-08,4.28290105e-06,-1.59609476e-06
2441,9.764000,-0.00162749714,-0.181932136,0.29376173,-0.343646049,-0.00222345162,0.0011040899,-4.63168647e-07,2.5273032e-06,-6.076511e-06,5.7817239e-08,4.28289695e-06,-1.5960336e-06
2442,9.768000,-0.00162626989,-0.181766003,0.293591738,-0.343770444,-0.00222186325,0.00110403146,-4.63170011e-07,2.52726204e-06,-6.07640959e-06,5.78225752e-08,4.28290286e-06,-1.59609181e-06
2443,9.772000,-0.00162514963,-0.181667164,0.293460786,-0.343887597,-0.00222036755,0.0011039821,-4.63156596e-07,2.52680161e-06,-6.07908169e-06,6.13172304e-08,4.28291787e-06,-1.59602996e-06
2444,9.776000,-0.00162412156,-0.181615874,0.293360829,-0.343998969,-0.0022188772,0.0011039346,-4.63158699e-07,2.52708378e-06,-6.07598486e-06,5.64270586e-08,4.28290423e-06,-1.59608919e-06
2445,9.780000,-0.00162317639,-0.181599095,0.293282479,-0.344105422,-0.00221747323,0.00110389548,-4.63171205e-07,2.52678774e-06,-6.07903166e-06,5.85228719e-08,4.28292333e-06,-1.5960951e-06
2446,9.784000,-0.00131228066,-0.212407514,0.179547712,-0.166577011,-0.00169916218,0.00111415796,-4.63181863e-07,2.52718269e-06,-6.07619086e-06,5.89850231e-08,4.28313751e-06,-1.59609374e-06
2447,9.788000,-0.0014721147,-0.191572517,0.177956328,-0.164383337,-0.00171936816,0.00111351162,-4.63170949e-07,2.52654149e-06,-6.07845459e-06,5.99219447e-08,4.28316844e-06,-1.59603417e-06
2448,9.792000,-0.00156005076,-0.178826079,0.174457848,-0.163781092,-0.00173210015,0.00111311488,-4.63197694e-07,2.52695645e-06,-6.07565198e-06,5.68934091e-08,4.28293015e-06,-1.59609999e-06
2449,9.796000,-0.00157177716,-0.170395225,0.171223104,-0.163901865,-0.00173087942,0.00111302268,-4.63170551e-07,2.52655968e-06,-6.07847869e-06,5.75944341e-08,4.28316434e-06,-1.5960353e-06
2450,9.800000,-0.00156974001,-0.164675072,0.168474764,-0.164212525,-0.00172778708,0.00111295469,-4.6319596e-07,2.52703603e-06,-6.07582206e-06,5.54919524e-08,4.28291878e-06,-1.59615411e-06
2451,9.804000,-0.00156327209,-0.160678849,0.166335538,-0.164539039,-0.00172425725,0.00111290347,-4.63170551e-07,2.52658583e-06,-6.07852735e-06,5.92252292e-08,4.2826955e-06,-1.59603246e-06
2452,9.808000,-0.00155523303,-0.157853648,0.164724857,-0.164833933,-0.00172092824,0.0011128718,-4.63194567e-07,2.52456721e-06,-6.07021366e-06,5.99551768e-08,4.28356361e-06,-1.59618946e-06
2453,9.812000,-0.00154711842,-0.15585202,0.163529396,-0.165087283,-0.00171797175,0.00111285131,-4.63206561e-07,2.5242291e-06,-6.05081141e-06,6.01966406e-08,4.28382145e-06,-1.59619333e-06
2454,9.816000,-0.00153951929,-0.154436842,0.162651539,-0.165300667,-0.00171533995,0.00111280661,-4.63152986e-07,2.52080349e-06,-6.04677507e-06,5.88581131e-08,4.28351404e-06,-1.59631406e-06
2455,9.820000,-0.00153294369,-0.153444782,0.162010849,-0.165480614,-0.00171310501,0.00111278892,-4.63095375e-07,2.51959341e-06,-6.05148898e-06,6.02801649e-08,4.28401336e-06,-1.59624608e-06
2456,9.824000,-0.00152767589,-0.152758181,0.161546335,-0.165631473,-0.00171113783,0.0011127647,-4.63104527e-07,2.5224399e-06,-6.05420519e-06,5.62698972e-08,4.28323392e-06,-1.59603758e-06
2457,9.828000,-0.00152301567,-0.152291626,0.161217153,-0.165760964,-0.00170947658,0.00111274328,-4.63100093e-07,2.52352493e-06,-6.05294372e-06,5.83462771e-08,4.28293879e-06,-1.59602882e-06
2458,9.832000,-0.00151873578,-0.15198715,0.160986155,-0.165874198,-0.00170793675,0.00111272652,-4.63075281e-07,2.52336554e-06,-6.05258856e-06,5.97481886e-08,4.28339445e-06,-1.59625279e-06
2459,9.836000,-0.00151472096,-0.151801854,0.160826921,-0.165975451,-0.00170657202,0.00111270137,-4.6309188e-07,2.52324867e-06,-6.0523148e-06,5.788905e-08,4.28341218e-06,-1.59625915e-06
2460,9.840000,-0.0015108888,-0.151703596,0.160718724,-0.166068196,-0.00170532381,0.00111267623,-4.63092761e-07,2.52335394e-06,-6.05256128e-06,5.92759974e-08,4.28340309e-06,-1.59625631e-06
2461,9.844000,-0.000903465436,-0.163538113,0.0493002199,-0.00277981907,-0.00168429432,0.00111315958,-4.63089975e-07,2.52329983e-06,-6.05243622e-06,5.83490518e-08,4.28340491e-06,-1.59625665e-06
2462,9.848000,-0.00108207378,-0.132239625,0.043719314,-0.00295285136,-0.00169983029,0.00111280708,-4.63088355e-07,2.52335894e-06,-6.05256992e-06,5.90448863e-08,4.28340172e-06,-1.59625597e-06
2463,9.852000,-0.00115113729,-0.112209439,0.0367946364,-0.00299589336,-0.00170079328,0.00111259893,-4.63090402e-07,2.52333643e-06,-6.05251671e-06,5.85803264e-08,4.283404e-06,-1.5962562e-06
2464,9.856000,-0.0011560251,-0.0987631083,0.030514691,-0.00298954546,-0.00169886672,0.00111247366,-4.63079857e-07,2.52336349e-06,-6.05258037e-06,5.88137397e-08,4.28339854e-06,-1.59625552e-06
2465,9.860000,-0.00115079409,-0.089355655,0.0255903825,-0.00297503173,-0.00169640523,0.00111238332,-4.63081534e-07,2.52337168e-06,-6.05260266e-06,5.88148623e-08,4.28340036e-06,-1.59625495e-06
2466,9.864000,-0.00114162604,-0.0826791301,0.0218907744,-0.00295911729,-0.00169411383,0.00111228973,-4.6307602e-07,2.52338418e-06,-6.05262676e-06,5.8814706e-08,4.28339627e-06,-1.59625188e-06
2467,9.868000,-0.00113171421,-0.0779232383,0.0191605315,-0.00294493884,-0.00169233663,0.00111222733,-4.63077782e-07,2.52339282e-06,-6.05264995e-06,5.8812077e-08,4.28339808e-06,-1.59625358e-06
2468,9.872000,-0.00112242065,-0.0745422393,0.0171670988,-0.00293293595,-0.0016909549,0.00111216307,-4.63073178e-07,2.52340465e-06,-6.05267496e-06,5.8819829e-08,4.28339354e-06,-1.59625438e-06
2469,9.876000,-0.00111422199,-0.0721411631,0.0157859027,-0.00292409956,-0.00169013755,0.00111212209,-4.63073832e-07,2.52341283e-06,-6.05269634e-06,5.88129687e-08,4.2833949e-06,-1.59625495e-06
2470,9.880000,-0.0011082096,-0.0704698488,0.0148213096,-0.00292021781,-0.00169025408,0.00111206528,-4.63073491e-07,2.52344103e-06,-6.05275818e-06,5.90484923e-08,4.2833949e-06,-1.59625461e-06
2471,9.884000,-0.0011046984,-0.0693325698,0.0141446851,-0.00291951001,-0.00169079914,0.00111200614,-4.63071274e-07,2.5234342e-06,-6.05274226e-06,5.88127591e-08,4.28339217e-06,-1.59625108e-06
2472,9.888000,-0.00110179337,-0.0685794502,0.0136801414,-0.00291904807,-0.00169126014,0.00111195352,-4.63065902e-07,2.5234599e-06,-6.05280138e-06,5.90439555e-08,4.28338899e-06,-1.59624904e-06
2473,9.892000,-0.00109917158,-0.068104431,0.0133676343,-0.00291862339,-0.00169170508,0.0011119158,-4.63067295e-07,2.5234549e-06,-6.05279047e-06,5.88169016e-08,4.2833899e-06,-1.59625017e-06
2474,9.896000,-0.00109662302,-0.0678285807,0.0131651051,-0.00291819125,-0.00169207784,0.00111186132,-4.63064026e-07,2.52348082e-06,-6.05284959e-06,5.90453055e-08,4.28338626e-06,-1.59624938e-06
2475,9.900000,-0.00109407259,-0.0676963851,0.0130416527,-0.00291790813,-0.00169250299,0.00111182453,-4.63063998e-07,2.52347536e-06,-6.05283776e-06,5.88137468e-08,4.28338717e-06,-1.5962512e-06
2476,9.904000,2.25942713e-05,-0.0448090136,0.00509976503,2.06949189e-05,-0.000148148363,0.000172082277,-4.63060559e-07,2.52350287e-06,-6.05289961e-06,5.90477356e-08,4.28338581e-06,-1.5962504e-06
2477,9.908000,-7.50448962e-05,-0.0277113058,0.00175396726,-0.000164162368,-0.000203293544,0.00019892017,-4.63060758e-07,2.52351242e-06,-6.05292007e-06,5.90436073e-08,4.28338353e-06,-1.59624699e-06
2478,9.912000,-7.51231855e-05,-0.0159917548,0.000869778451,-0.000280957669,-0.000283550122,0.000262657617,-4.63056693e-07,2.52352356e-06,-6.05294645e-06,5.90451776e-08,4.28291605e-06,-1.59624597e-06
2479,9.916000,-7.80684204e-05,-0.011731578,0.000389015302,-0.000318543985,-0.000292368786,0.000273067912,-4.63034667e-07,2.52353084e-06,-6.05296373e-06,5.90419162e-08,4.2829015e-06,-1.5962388e-06
2480,9.920000,-7.77645182e-05,-0.0103768213,0.000196103472,-0.000333826058,-0.000298773521,0.000279410451,-4.6302705e-07,2.52354289e-06,-6.05299147e-06,5.9046755e-08,4.28289331e-06,-1.5962346e-06
2481,9.924000,-7.67614983e-05,-0.00988688041,0.000135941431,-0.00033479929,-0.000298072089,0.000279602478,-4.63032876e-07,2.52355267e-06,-6.05301329e-06,5.90461617e-08,4.28289741e-06,-1.5962396e-06
2482,9.928000,-7.57240778e-05,-0.00966477022,0.000124282204,-0.000330051407,-0.000293948717,0.000276915671,-4.63033331e-07,2.52356062e-06,-6.05303467e-06,5.90428222e-08,4.2828965e-06,-1.59623903e-06
2483,9.932000,-7.46374499e-05,-0.00952790491,0.000130515546,-0.000323197804,-0.000288523908,0.000273145299,-4.63038276e-07,2.52358882e-06,-6.05309424e-06,5.92790101e-08,4.28290241e-06,-1.59624278e-06
2484,9.936000,-7.3591058e-05,-0.00941960141,0.000141703989,-0.000315930694,-0.00028278699,0.000269077573,-4.63037082e-07,2.523582e-06,-6.05307923e-06,5.90442255e-08,4.28290241e-06,-1.59623971e-06
2485,9.940000,-7.25660357e-05,-0.00932043977,0.000154202804,-0.000308574177,-0.000276977546,0.000264945382,-4.63042767e-07,2.52360815e-06,-6.05314017e-06,5.92750595e-08,4.28290423e-06,-1.59624051e-06
2486,9.944000,-7.15579736e-05,-0.00922600552,0.000166919548,-0.00030134432,-0.000271282013,0.000260878121,-4.63053254e-07,2.52360405e-06,-6.05312653e-06,5.90484248e-08,4.2829106e-06,-1.59624585e-06
2487,9.948000,-7.05446146e-05,-0.00913279317,0.000180291478,-0.000294122845,-0.000265633251,0.00025685539,-4.63058257e-07,2.52362861e-06,-6.05318564e-06,5.92765304e-08,4.28291332e-06,-1.59624517e-06
2488,9.952000,-6.95961862e-05,-0.0090416437,0.000192159321,-0.000287219882,-0.000260166882,0.000252949074,-4.6305712e-07,2.5236393e-06,-6.05320929e-06,5.92783636e-08,4.28291241e-06,-1.59624744e-06
2489,9.956000,-6.86184576e-05,-0.00895116292,0.000204431824,-0.000280336477,-0.000254726183,0.000249064091,-4.63061383e-07,2.52364975e-06,-6.05323294e-06,5.92789213e-08,4.28291378e-06,-1.59624642e-06
2490,9.960000,-6.7658948e-05,-0.00886203721,0.000216739718,-0.000273590907,-0.00024942169,0.000245282543,-4.630609e-07,2.52365953e-06,-6.05325295e-06,5.92766938e-08,4.2829156e-06,-1.59624665e-06
2491,9.964000,-6.67403583e-05,-0.00877418928,0.000228269957,-0.000267058611,-0.000244233874,0.000241574337,-4.63065447e-07,2.52366999e-06,-6.05327614e-06,5.92771805e-08,4.28291696e-06,-1.59624767e-06
2492,9.968000,-6.58442732e-05,-0.00868747663,0.000238779467,-0.000260709785,-0.00023919098,0.00023797703,-4.63065419e-07,2.52367954e-06,-6.05329978e-06,5.92734146e-08,4.28291787e-06,-1.59624835e-06
2493,9.972000,-6.4950349e-05,-0.00860180333,0.000249722041,-0.000254460145,-0.000234247069,0.000234458392,-4.63068687e-07,2.52369e-06,-6.05332025e-06,5.92728497e-08,4.28291742e-06,-1.59625097e-06
2494,9.976000,-6.40515427e-05,-0.00851661339,0.00026099477,-0.000248206779,-0.000229357713,0.000230982143,-4.63069142e-07,2.52370069e-06,-6.05334299e-06,5.92759193e-08,4.28291833e-06,-1.5962512e-06
2495,9.980000,-6.32222218e-05,-0.00843306538,0.000270513352,-0.000242351554,-0.000224684147,0.000227655473,-4.63073036e-07,2.52372729e-06,-6.05340392e-06,5.95093717e-08,4.28291787e-06,-1.59625097e-06
2496,9.984000,-6.23692104e-05,-0.00834977441,0.000280338805,-0.000236450695,-0.000219995301,0.000224310425,-4.63073121e-07,2.52372092e-06,-6.05339119e-06,5.9274047e-08,4.28291742e-06,-1.59624767e-06
2497,9.988000,-6.15538374e-05,-0.00826797634,0.000289801508,-0.000230865553,-0.00021553268,0.000221133829,-4.63076475e-07,2.52374753e-06,-6.0534494e-06,5.95074106e-08,4.28291787e-06,-1.59624926e-06
2498,9.992000,-6.07334114e-05,-0.00818651821,0.000299171079,-0.00022522686,-0.000211063685,0.000217954221,-4.63077498e-07,2.52374184e-06,-6.05343484e-06,5.92750098e-08,4.28291924e-06,-1.59625142e-06
2499,9.996000,-5.99362393e-05,-0.00810591318,0.000307908747,-0.000219735317,-0.000206667552,0.000214821135,-4.63080369e-07,2.5237689e-06,-6.05349442e-06,5.95084195e-08,4.28291924e-06,-1.59624892e-06
2500,10.000000,-5.91840326e-05,-0.00802640151,0.000315808691,-0.000214525033,-0.000202471478,0.000211830571,-4.63081363e-07,2.52376185e-06,-6.05347805e-06,5.92728426e-08,4.28292196e-06,-1.5962529e-06
2501,10.004000,-5.83813489e-05,-0.0079470491,0.000325114001,-0.000209187623,-0.000198259469,0.000208850543,-4.63085001e-07,2.5237905e-06,-6.05354035e-06,5.95081424e-08,4.28338899e-06,-1.59625483e-06
2502,10.008000,-5.76601633e-05,-0.00786967576,0.000332658179,-0.00020422088,-0.000194282344,0.000206028126,-4.63107085e-07,2.52380073e-06,-6.05356399e-06,5.95077196e-08,4.28340127e-06,-1.59625961e-06
2503,10.012000,-5.69392359e-05,-0.00779272988,0.000339856371,-0.000199306291,-0.000190343781,0.000203229778,-4.63104755e-07,2.52381255e-06,-6.05359037e-06,5.95110592e-08,4.28339808e-06,-1.59625745e-06
2504,10.016000,-5.62099194e-05,-0.00771607878,0.00034719659,-0.000194373541,-0.000186393154,0.000200428753,-4.63103277e-07,2.52382142e-06,-6.05360947e-06,5.9505453e-08,4.28339899e-06,-1.59625813e-06
2505,10.020000,-5.55054685e-05,-0.00764111709,0.000354599208,-0.000189672224,-0.000182659933,0.000197791785,-4.63100633e-07,2.52383097e-06,-6.05363266e-06,5.95040923e-08,4.28339672e-06,-1.5962587e-06
2506,10.024000,-5.6597637e-06,0.015438051,0.000806163996,0.00166364014,0.00142131723,-0.00111624761,-4.63099695e-07,2.52384166e-06,-6.0536554e-06,5.9506327e-08,4.28339536e-06,-1.59625893e-06
2507,10.028000,-1.33209105e-05,0.021791473,0.000343371183,0.00171613693,0.00144809496,-0.0011157071,-4.63096853e-07,2.52385144e-06,-6.05367995e-06,5.95103344e-08,4.2833949e-06,-1.59625938e-06
2508,10.032000,4.85488272e-05,0.0234716646,-0.000848537311,0.00194964744,0.00149837567,-0.00111466157,-4.63095745e-07,2.52387963e-06,-6.05373816e-06,5.97393495e-08,4.28338899e-06,-1.59625642e-06
2509,10.036000,6.91931054e-05,0.02432191,-0.0014120657,0.00202724896,0.00151507987,-0.00111429277,-4.63093698e-07,2.52387144e-06,-6.05372225e-06,5.95040106e-08,4.28338944e-06,-1.5962537e-06
2510,10.040000,7.13381742e-05,0.0250592362,-0.00160250254,0.00204029493,0.00151814544,-0.00111419894,-4.63096256e-07,2.52389782e-06,-6.05378091e-06,5.97370402e-08,4.28338853e-06,-1.59625415e-06
2511,10.044000,7.24741258e-05,0.0257253777,-0.0017204266,0.0020515807,0.00152095698,-0.00111411163,-4.63085911e-07,2.52389145e-06,-6.05376545e-06,5.95074887e-08,4.28338444e-06,-1.59625415e-06
2512,10.048000,7.32503249e-05,0.0263783764,-0.00181655772,0.00206219405,0.00152366539,-0.00111402851,-4.63088014e-07,2.52391646e-06,-6.05382365e-06,5.9735882e-08,4.28292242e-06,-1.59625461e-06
2513,10.052000,7.38714589e-05,0.0270488188,-0.00190537237,0.00207249448,0.00152631535,-0.00111394597,-4.63067295e-07,2.52432778e-06,-6.05103469e-06,5.60063498e-08,4.28335034e-06,-1.59624597e-06
2514,10.056000,7.43539422e-05,0.027767729,-0.00199148059,0.00208250619,0.00152889977,-0.00111386599,-4.63087872e-07,2.52401719e-06,-6.05405785e-06,5.71747663e-08,4.28291696e-06,-1.59625574e-06
2515,10.060000,7.47541781e-05,0.0285290387,-0.00207686611,0.00209237076,0.0015314644,-0.00111378101,-4.63077782e-07,2.52453879e-06,-6.05152081e-06,5.50732686e-08,4.28288058e-06,-1.59624619e-06
2516,10.064000,7.51204789e-05,0.0293129236,-0.00216172636,0.00210208632,0.00153399876,-0.00111369882,-4.63064936e-07,2.52413906e-06,-6.05434934e-06,5.88072666e-08,4.28289468e-06,-1.59624665e-06
2517,10.068000,7.55102956e-05,0.0301046111,-0.00224679522,0.00211159699,0.0015364734,-0.00111362094,-4.63074599e-07,2.52446603e-06,-6.05136484e-06,5.7633919e-08,4.2828824e-06,-1.59624449e-06
2518,10.072000,7.58587266e-05,0.0308970679,-0.00233161263,0.0021210257,0.00153891928,-0.00111354236,-4.63068943e-07,2.52395512e-06,-6.0539378e-06,5.60160167e-08,4.28290832e-06,-1.59624972e-06
2519,10.076000,7.61497067e-05,0.0316834375,-0.00241581351,0.00213029236,0.00154134992,-0.00111346471,-4.63080482e-07,2.5246286e-06,-6.05174318e-06,5.6001717e-08,4.28287831e-06,-1.59601302e-06
2520,10.080000,7.63887656e-05,0.0324613228,-0.00249943323,0.00213938579,0.00154372153,-0.00111338554,-4.63072666e-07,2.52412747e-06,-6.05433934e-06,5.83342867e-08,4.28290195e-06,-1.59624722e-06
2521,10.084000,-0.00017284113,0.00841606036,-0.00321456837,0.00401007384,-1.50979722e-05,0.00114380941,-4.63084376e-07,2.52452219e-06,-6.05151126e-06,5.81004649e-08,4.28288922e-06,-1.59625006e-06
2522,10.088000,-0.000110261491,0.000380803045,-0.00282961992,0.00408576941,-2.11179431e-05,0.00114369392,-4.63077953e-07,2.52396262e-06,-6.05397099e-06,5.95038827e-08,4.28291651e-06,-1.59625324e-06
2523,10.092000,-8.31962097e-05,-0.00194365974,-0.00269460096,0.00410771184,-2.33858591e-05,0.00114361197,-4.63086138e-07,2.52440736e-06,-6.05125524e-06,5.62406051e-08,4.2828965e-06,-1.59625358e-06
2524,10.096000,-6.93721231e-05,-0.00259758579,-0.0026088329,0.00412125839,-2.2521097e-05,0.00114361197,-4.63083524e-07,2.5240945e-06,-6.05427567e-06,5.74096717e-08,4.28291196e-06,-1.59625222e-06
2525,10.100000,-5.63915819e-05,-0.00278021488,-0.00257111783,0.00413171295,-2.13021995e-05,0.00114360452,-4.63093386e-07,2.52460154e-06,-6.05170271e-06,5.50722348e-08,4.2828915e-06,-1.59625506e-06
2526,10.104000,-4.35244292e-05,-0.00282350578,-0.00255510304,0.00414076634,-2.01028888e-05,0.00114361942,-4.63088469e-07,2.5242191e-06,-6.05456671e-06,5.9035866e-08,4.28290787e-06,-1.59625426e-06
2527,10.108000,-3.06891743e-05,-0.0028226797,-0.00254799961,0.00414918596,-1.89711573e-05,0.00114361197,-4.63095773e-07,2.52452901e-06,-6.05154355e-06,5.76325583e-08,4.28289604e-06,-1.59625347e-06
2528,10.112000,-1.78925693e-05,-0.00280834269,-0.0025447493,0.00415715482,-1.79083145e-05,0.00114360824,-4.63087758e-07,2.5240347e-06,-6.05415335e-06,5.6243131e-08,4.28291651e-06,-1.59625495e-06
2529,10.116000,-5.17838635e-06,-0.00278972113,-0.00254293578,0.00416486058,-1.68807164e-05,0.00114359334,-4.63100946e-07,2.52468999e-06,-6.05191644e-06,5.59975604e-08,4.28288968e-06,-1.59602314e-06
2530,10.120000,7.57304952e-06,-0.00276953354,-0.00254087267,0.0041723568,-1.59043993e-05,0.00114359707,-4.63095034e-07,2.52420546e-06,-6.05455352e-06,5.85701159e-08,4.28291287e-06,-1.59625552e-06
2531,10.124000,2.03724485e-05,-0.00274903141,-0.00253757671,0.00417979062,-1.49487751e-05,0.00114359334,-4.63104072e-07,2.52458358e-06,-6.05168498e-06,5.80983617e-08,4.28289877e-06,-1.59625563e-06
2532,10.128000,3.3110613e-05,-0.00272998586,-0.00253541861,0.00418698695,-1.40489137e-05,0.00114358589,-4.63091851e-07,2.52404061e-06,-6.05418245e-06,5.97394134e-08,4.28292196e-06,-1.59620026e-06
2533,10.132000,4.58667055e-05,-0.00271110656,-0.0025337066,0.00419381168,-1.32441346e-05,0.00114358217,-4.63100974e-07,2.52448672e-06,-6.05146488e-06,5.64716061e-08,4.28336989e-06,-1.59631725e-06
2534,10.136000,5.85268717e-05,-0.00269225053,-0.00253221206,0.00420050789,-1.24478247e-05,0.00114357471,-4.63118653e-07,2.5241593e-06,-6.05445075e-06,5.7407572e-08,4.28293424e-06,-1.59620618e-06
2535,10.140000,7.12249894e-05,-0.00267331162,-0.00253050309,0.00420701597,-1.16989249e-05,0.00114357099,-4.63094949e-07,2.52467885e-06,-6.05191144e-06,5.52982797e-08,4.28347266e-06,-1.59631418e-06
2536,10.144000,0.0313884541,-0.0051303911,-0.0128527554,0.0136049092,0.00414393563,0.102328457,-4.63130021e-07,2.52429982e-06,-6.05477908e-06,5.92686824e-08,4.28316571e-06,-1.59620913e-06
2537,10.148000,0.0452859029,-0.00426326599,-0.0109329056,0.0125509771,0.00303058326,0.104705162,-4.63111974e-07,2.52459154e-06,-6.05171635e-06,5.76302277e-08,4.28325347e-06,-1.59631884e-06
2538,10.152000,0.0532871112,-0.00464788312,-0.010807666,0.0120005682,0.0024364898,0.105901681,-4.63109473e-07,2.5241161e-06,-6.0543648e-06,5.64781217e-08,4.28293015e-06,-1.59614615e-06
2539,10.156000,0.0583231673,-0.00510091148,-0.011455738,0.0113991955,0.0017893624,0.107048698,-4.63098473e-07,2.52477071e-06,-6.05212972e-06,5.62360825e-08,4.28335397e-06,-1.59590547e-06
2540,10.160000,0.0614793673,-0.00521109067,-0.0118841501,0.0114101153,0.001798818,0.10729187,-4.63122745e-07,2.52427185e-06,-6.05472769e-06,5.85689861e-08,4.28293106e-06,-1.59614888e-06
2541,10.164000,0.0635120049,-0.00527096167,-0.0121661685,0.0114157107,0.00180854439,0.107500941,-4.63088668e-07,2.52466225e-06,-6.05188825e-06,5.83273554e-08,4.28347039e-06,-1.59613569e-06
2542,10.168000,0.0649037138,-0.00532379234,-0.0123868473,0.011417862,0.0018184972,0.107671104,-4.63121864e-07,2.52412315e-06,-6.05439027e-06,5.99687766e-08,4.28317071e-06,-1.59615217e-06
2543,10.172000,0.0659545437,-0.00538938353,-0.012620532,0.011420642,0.0018284719,0.107839391,-4.63102509e-07,2.52455015e-06,-6.05163586e-06,5.64696059e-08,4.28325257e-06,-1.59608442e-06
2544,10.176000,0.0667581782,-0.00541298185,-0.0127547598,0.0114182616,0.00183868618,0.107957833,-4.63112571e-07,2.52423752e-06,-6.05465584e-06,5.76384878e-08,4.28292651e-06,-1.5962064e-06
2545,10.180000,0.0674045384,-0.0054435744,-0.0128515726,0.0114150755,0.00184894563,0.108071908,-4.63098388e-07,2.5247607e-06,-6.05212063e-06,5.55357929e-08,4.28335488e-06,-1.59631702e-06
2546,10.184000,0.0679582134,-0.00548160449,-0.0129362457,0.011411408,0.00185921905,0.108181082,-4.63118596e-07,2.52436234e-06,-6.05494643e-06,5.92655738e-08,4.28292424e-06,-1.59620697e-06
2547,10.188000,0.0684557259,-0.00552262366,-0.0130151678,0.011407502,0.00186952134,0.108285531,-4.6308736e-07,2.52467044e-06,-6.05192281e-06,5.78657371e-08,4.28347039e-06,-1.59631429e-06
2548,10.192000,0.0689179897,-0.00556474971,-0.0130920736,0.0114033855,0.00187982735,0.108386114,-4.6311871e-07,2.524195e-06,-6.05456898e-06,6.04292865e-08,4.28316935e-06,-1.59615047e-06
2549,10.196000,0.0693567246,-0.00560630485,-0.0131671103,0.0113992058,0.00189014105,0.10848318,-4.63098786e-07,2.52457517e-06,-6.05170226e-06,5.62379725e-08,4.28324938e-06,-1.59608373e-06
2550,10.200000,0.0697787181,-0.00564711168,-0.0132412519,0.011394931,0.0019004459,0.108577877,-4.6311041e-07,2.52429572e-06,-6.05479909e-06,5.78704942e-08,4.28292287e-06,-1.59620845e-06
2551,10.204000,0.122797802,-0.0170330647,-0.0303014461,0.0132819051,0.00449983543,0.289104879,-4.631016e-07,2.5247864e-06,-6.05218611e-06,5.90268243e-08,4.28335716e-06,-1.59631804e-06
2552,10.208000,0.146687135,-0.0158534609,-0.0265753716,0.0134004485,0.00452841446,0.290999621,-4.63103333e-07,2.52416226e-06,-6.05449804e-06,5.950168e-08,4.28292833e-06,-1.59614854e-06
2553,10.212000,0.160076022,-0.0166766569,-0.0256829783,0.0122334566,0.00325761084,0.293387651,-4.63091538e-07,2.52467316e-06,-6.0519319e-06,5.71670142e-08,4.2833567e-06,-1.59614183e-06
2554,10.216000,0.167941079,-0.0178544223,-0.0259510502,0.0110589853,0.00199674931,0.295075715,-4.63105664e-07,2.5242939e-06,-6.05480136e-06,5.74045487e-08,4.28292151e-06,-1.59614638e-06
2555,10.220000,0.172864854,-0.0191657487,-0.0270407293,0.0111007001,0.00201675156,0.295624077,-4.63097251e-07,2.52484983e-06,-6.05233481e-06,5.57662361e-08,4.28334943e-06,-1.59614149e-06
2556,10.224000,0.175931334,-0.0199872293,-0.0277853776,0.0111073656,0.0020367403,0.295732647,-4.63106431e-07,2.52443533e-06,-6.05512787e-06,5.92637761e-08,4.2829156e-06,-1.59614979e-06
2557,10.228000,0.177842289,-0.0205517728,-0.0283032879,0.0111082233,0.00205703452,0.295815229,-4.6309566e-07,2.52476002e-06,-6.05213609e-06,5.80909969e-08,4.28288968e-06,-1.59614297e-06
2558,10.232000,0.179137945,-0.0210260823,-0.0288081821,0.0111099435,0.00207737205,0.295907885,-4.63081648e-07,2.52426616e-06,-6.05474816e-06,6.04315105e-08,4.28290787e-06,-1.59608101e-06
2559,10.236000,0.180001721,-0.0213668477,-0.0291579142,0.0111019341,0.00209811283,0.295910269,-4.6309853e-07,2.52466407e-06,-6.05192054e-06,5.64692471e-08,4.28289513e-06,-1.59619981e-06
2560,10.240000,0.180596441,-0.0216562711,-0.0294304006,0.0110924002,0.00211889436,0.295913666,-4.63090146e-07,2.52438463e-06,-6.055016e-06,5.81003405e-08,4.28290741e-06,-1.59631861e-06
2561,10.244000,0.181036234,-0.0219289754,-0.0296719428,0.0110819153,0.00213965913,0.295914322,-4.63098871e-07,2.5248753e-06,-6.05240075e-06,5.92581486e-08,4.28288604e-06,-1.5961989e-06
2562,10.248000,0.181386456,-0.022194894,-0.0298984405,0.0110708103,0.00216045929,0.295912743,-4.63090004e-07,2.52425025e-06,-6.0547145e-06,5.97367773e-08,4.28291332e-06,-1.59626109e-06
2563,10.252000,0.181684002,-0.0224568378,-0.0301150121,0.0110594761,0.00218124967,0.295909107,-4.63101401e-07,2.52474615e-06,-6.05210926e-06,5.71632093e-08,4.28289331e-06,-1.59625847e-06
2564,10.256000,0.181949779,-0.0227151979,-0.030324785,0.0110479677,0.00220201025,0.295905411,-4.63094892e-07,2.52438394e-06,-6.055016e-06,5.7636413e-08,4.2829106e-06,-1.59625881e-06
2565,10.260000,0.182195559,-0.0229701884,-0.0305289514,0.0110363476,0.00222277315,0.295900762,-4.63109274e-07,2.5249401e-06,-6.05255218e-06,5.59968925e-08,4.28288695e-06,-1.59626006e-06
2566,10.264000,0.227240413,-0.0410000756,-0.0565762669,0.0129905026,0.00490120798,0.459794849,-4.63100093e-07,2.52452423e-06,-6.05534251e-06,5.94936225e-08,4.28290696e-06,-1.59626279e-06
2567,10.268000,0.246612519,-0.0413943753,-0.0548504442,0.0124557912,0.00429288996,0.460802108,-4.63109984e-07,2.52485347e-06,-6.05235755e-06,5.83281761e-08,4.28289559e-06,-1.59626211e-06
2568,10.272000,0.257515937,-0.042467095,-0.0545088165,0.0118893702,0.0036423197,0.462119758,-4.63098559e-07,2.52434074e-06,-6.05492733e-06,6.04300681e-08,4.28291651e-06,-1.59620481e-06
2569,10.276000,0.26399228,-0.0436320752,-0.0549159646,0.0107397381,0.00235174922,0.463739246,-4.63111689e-07,2.52475365e-06,-6.05213381e-06,5.66971856e-08,4.28290332e-06,-1.59626381e-06
2570,10.280000,0.268179506,-0.0449178591,-0.0562169179,0.0107896421,0.00237978948,0.464401722,-4.63102424e-07,2.52445761e-06,-6.05519199e-06,5.80993706e-08,4.28291105e-06,-1.59620231e-06
2571,10.284000,0.270665795,-0.0456177443,-0.0569439717,0.0108003113,0.00240852195,0.464623392,-4.63115811e-07,2.52496466e-06,-6.05261494e-06,5.94897642e-08,4.28289377e-06,-1.596321e-06
2572,10.288000,0.27228269,-0.0461672358,-0.0576591492,0.0108133089,0.00243729027,0.464870781,-4.63099269e-07,2.52432346e-06,-6.05488958e-06,5.97323648e-08,4.28303611e-06,-1.5961449e-06
2573,10.292000,0.27326861,-0.0464877002,-0.0581029579,0.010808792,0.00246662181,0.464959741,-4.63125218e-07,2.52483414e-06,-6.05231571e-06,5.73973864e-08,4.28314024e-06,-1.59615115e-06
2574,10.296000,0.273878068,-0.0467242487,-0.0584301688,0.0108005945,0.00249608303,0.465024322,-4.63118312e-07,2.52445648e-06,-6.05518744e-06,5.76362815e-08,4.28327348e-06,-1.59609237e-06
2575,10.300000,0.274273753,-0.0469319113,-0.0587095357,0.0107904524,0.00252552796,0.465076685,-4.63139884e-07,2.52502832e-06,-6.05275773e-06,5.62280746e-08,4.28302019e-06,-1.59621254e-06
2576,10.304000,0.274547786,-0.047129482,-0.0589660928,0.0107791889,0.00255498267,0.465120733,-4.63125474e-07,2.52500058e-06,-6.05269861e-06,5.5761685e-08,4.28324938e-06,-1.59626723e-06
2577,10.308000,0.274752229,-0.0473207161,-0.0592079572,0.010767322,0.00258445088,0.465161443,-4.63128799e-07,2.52461678e-06,-6.05556397e-06,5.97313203e-08,4.28303792e-06,-1.59627291e-06
2578,10.312000,0.274916589,-0.0475095809,-0.0594408177,0.010755023,0.00261385506,0.465198219,-4.63123627e-07,2.52492737e-06,-6.0525399e-06,5.83238986e-08,4.28325075e-06,-1.59620834e-06
2579,10.316000,0.275057137,-0.0476951674,-0.0596657321,0.0107425023,0.00264323573,0.465234637,-4.63123456e-07,2.52443328e-06,-6.05514924e-06,6.06620389e-08,4.28304611e-06,-1.59627314e-06
2580,10.320000,0.275183409,-0.0478780195,-0.059884049,0.0107297897,0.00267258612,0.465269089,-4.63121239e-07,2.52483096e-06,-6.05231844e-06,5.66987204e-08,4.28325393e-06,-1.59621004e-06
2581,10.324000,0.320356518,-0.0647544563,-0.0868712217,0.0125599504,0.00546334544,0.636118412,-4.6312428e-07,2.52455152e-06,-6.05541345e-06,5.83320485e-08,4.28304065e-06,-1.5962695e-06
2582,10.328000,0.339293331,-0.0642314404,-0.0858306736,0.0126251094,0.00551351812,0.636502802,-4.63125502e-07,2.52504083e-06,-6.05279683e-06,5.94882472e-08,4.28324802e-06,-1.59626779e-06
2583,10.332000,0.349924713,-0.0644788966,-0.0857498124,0.0115112495,0.00417099008,0.638389349,-4.63126526e-07,2.52481891e-06,-6.05229479e-06,5.62344482e-08,4.28302837e-06,-1.59621118e-06
2584,10.336000,0.356263578,-0.0651070476,-0.0864930898,0.0104279891,0.0028349522,0.640191376,-4.63111064e-07,2.52460268e-06,-6.05553942e-06,5.87967008e-08,4.28326302e-06,-1.59626529e-06
2585,10.340000,0.360314101,-0.0658872873,-0.0878545865,0.0104621593,0.00287205167,0.640642405,-4.63137098e-07,2.52504765e-06,-6.05281411e-06,5.92540417e-08,4.28290605e-06,-1.59627143e-06
2586,10.344000,0.362764239,-0.0663294792,-0.0888185352,0.0104889069,0.00290902099,0.640977979,-4.63101884e-07,2.52485574e-06,-6.05238574e-06,5.64594558e-08,4.28301064e-06,-1.5962014e-06
2587,10.348000,0.364261299,-0.066532068,-0.0894650668,0.0104864873,0.00294692442,0.641066968,-4.63115214e-07,2.52460904e-06,-6.05555397e-06,5.85635362e-08,4.28314934e-06,-1.59632725e-06
2588,10.352000,0.365115255,-0.0666086674,-0.0898526162,0.0104766414,0.00298503414,0.641113937,-4.63122262e-07,2.52508335e-06,-6.05290279e-06,5.9485707e-08,4.28324074e-06,-1.59620618e-06
2589,10.356000,0.36560604,-0.0666667521,-0.0901354626,0.010462733,0.00302318856,0.641138971,-4.63126725e-07,2.52487871e-06,-6.05243667e-06,5.64633957e-08,4.28302701e-06,-1.5962695e-06
2590,10.360000,0.365891933,-0.0667331591,-0.0903671384,0.0104466993,0.00306135602,0.641152143,-4.63108819e-07,2.52464542e-06,-6.05564446e-06,5.87949671e-08,4.28325757e-06,-1.59620424e-06
2591,10.364000,0.366062999,-0.0668130592,-0.0905693546,0.0104293656,0.00309947156,0.641159236,-4.63136558e-07,2.52510631e-06,-6.05295691e-06,5.94902261e-08,4.28290377e-06,-1.59633214e-06
2592,10.368000,0.366168499,-0.0669050291,-0.0907523856,0.0104112532,0.00313754985,0.641162217,-4.63100008e-07,2.52489986e-06,-6.05249124e-06,5.64629232e-08,4.283007e-06,-1.59614262e-06
2593,10.372000,0.366237193,-0.0670056641,-0.0909220576,0.0103927087,0.00317556947,0.641163528,-4.63115583e-07,2.52466634e-06,-6.05569448e-06,5.87970348e-08,4.28314752e-06,-1.59615001e-06
2594,10.376000,0.366284519,-0.0671130568,-0.0910820514,0.0103738215,0.00321352039,0.64116329,-4.63121978e-07,2.52512564e-06,-6.05300283e-06,5.94842646e-08,4.2832412e-06,-1.59614933e-06
2595,10.380000,0.366320223,-0.0672240257,-0.0912337229,0.0103547592,0.00325142452,0.641162574,-4.63130419e-07,2.524921e-06,-6.05254081e-06,5.64618965e-08,4.28302519e-06,-1.59609806e-06
2596,10.384000,0.40443036,-0.0801989585,-0.113700941,0.0119468309,0.00618487503,0.753619254,-4.63113309e-07,2.52468726e-06,-6.05574542e-06,5.87952336e-08,4.28326121e-06,-1.5961524e-06
2597,10.388000,0.420537114,-0.0792424157,-0.11368604,0.0109555088,0.00488523813,0.755025327,-4.63140509e-07,2.52514883e-06,-6.05305922e-06,5.9489814e-08,4.28290514e-06,-1.59615661e-06
2598,10.392000,0.429509163,-0.0789098516,-0.114089876,0.0100992545,0.00373370387,0.756490409,-4.63104072e-07,2.52495715e-06,-6.05262721e-06,5.66953702e-08,4.28300609e-06,-1.59608987e-06
2599,10.396000,0.434976488,-0.0792369097,-0.115411133,0.00992699154,0.00343603967,0.757601321,-4.63118909e-07,2.52470977e-06,-6.0557968e-06,5.87943774e-08,4.28314797e-06,-1.59615331e-06
2600,10.400000,0.438340038,-0.079441838,-0.116571508,0.00995150954,0.0034781429,0.757868767,-4.63122774e-07,2.52516702e-06,-6.05310606e-06,5.94852523e-08,4.28324256e-06,-1.59615377e-06
2601,10.404000,0.440472722,-0.079591617,-0.117600419,0.00997431949,0.00352035998,0.758151591,-4.6313238e-07,2.52497921e-06,-6.05267815e-06,5.66919525e-08,4.28302565e-06,-1.59609783e-06
2602,10.408000,0.441654176,-0.0795156062,-0.118127882,0.00996476784,0.00356347044,0.758206189,-4.63114134e-07,2.52472955e-06,-6.05584364e-06,5.87932831e-08,4.28326075e-06,-1.59615365e-06
2603,10.412000,0.442299753,-0.0794250295,-0.118466571,0.0099478066,0.00360667682,0.758223712,-4.63136473e-07,2.52520704e-06,-6.05319519e-06,5.97158873e-08,4.28301564e-06,-1.59615615e-06
2604,10.416000,0.442643106,-0.0793655589,-0.118714362,0.00992641598,0.00364993373,0.758218527,-4.63118397e-07,2.52498398e-06,-6.05268997e-06,5.64643123e-08,4.28324984e-06,-1.59609726e-06
2605,10.420000,0.442818731,-0.0793434307,-0.118913434,0.00990335643,0.00369311543,0.758207977,-4.63126383e-07,2.52476843e-06,-6.05593277e-06,5.90272009e-08,4.28303338e-06,-1.596159e-06
2606,10.424000,0.442900538,-0.0793519169,-0.119080096,0.00987932831,0.0037362352,0.758194804,-4.63122319e-07,2.52520931e-06,-6.05320611e-06,5.94850533e-08,4.28324029e-06,-1.5960976e-06
2607,10.428000,0.442929626,-0.0793846548,-0.119225815,0.00985476375,0.00377927069,0.758179545,-4.63129737e-07,2.52503787e-06,-6.05281593e-06,5.69287266e-08,4.2830211e-06,-1.59615888e-06
2608,10.432000,0.442929804,-0.0794350281,-0.119355798,0.00982974842,0.00382220419,0.758164287,-4.6312087e-07,2.5251743e-06,-6.05312971e-06,5.50596724e-08,4.28323983e-06,-1.59609431e-06
2609,10.436000,0.442914069,-0.0794959292,-0.11947339,0.00980450772,0.00386504899,0.758148015,-4.63135024e-07,2.52534301e-06,-6.05351624e-06,5.73853356e-08,4.28300837e-06,-1.59621538e-06
2610,10.440000,0.442889482,-0.0795653611,-0.119582497,0.00977903418,0.00390780065,0.758133352,-4.63119505e-07,2.52521409e-06,-6.05322975e-06,5.55261295e-08,4.28323983e-06,-1.59627177e-06
2611,10.444000,0.477064967,-0.095561482,-0.144713238,0.0111364871,0.00699526118,0.842107356,-4.63131329e-07,2.52533187e-06,-6.05350306e-06,5.71495349e-08,4.28300518e-06,-1.59621379e-06
2612,10.448000,0.491204441,-0.0959965885,-0.146465629,0.0103432424,0.00581496581,0.843319178,-4.63119193e-07,2.52523773e-06,-6.05329524e-06,5.5758079e-08,4.28323756e-06,-1.59627257e-06
2613,10.452000,0.49908483,-0.0959499851,-0.14730081,0.00928445533,0.00422720285,0.845055401,-4.63130078e-07,2.52532459e-06,-6.05349305e-06,5.69206868e-08,4.28300746e-06,-1.59621402e-06
2614,10.456000,0.504034579,-0.0963542163,-0.148834601,0.00926863402,0.00410468271,0.846035004,-4.63118823e-07,2.52526138e-06,-6.05335708e-06,5.59908386e-08,4.28323801e-06,-1.59627268e-06
2615,10.460000,0.507125258,-0.0965625569,-0.150072217,0.00931860879,0.00414902158,0.846467793,-4.63129169e-07,2.52531504e-06,-6.05348032e-06,5.66896823e-08,4.28300609e-06,-1.59621595e-06
2616,10.464000,0.508962035,-0.0965213031,-0.150828496,0.00931601226,0.00419473415,0.846561313,-4.63119761e-07,2.52528343e-06,-6.05341256e-06,5.62199602e-08,4.28323392e-06,-1.59626802e-06
2617,10.468000,0.509949505,-0.0963674709,-0.151224688,0.00929743424,0.00424081972,0.84657675,-4.63127463e-07,2.52532118e-06,-6.05350306e-06,5.66875613e-08,4.28300564e-06,-1.59621243e-06
2618,10.472000,0.510464251,-0.0962323397,-0.151478171,0.00927293301,0.00428692345,0.846570432,-4.63118567e-07,2.52529185e-06,-6.05343939e-06,5.62282274e-08,4.28323665e-06,-1.59627177e-06
2619,10.476000,0.510717332,-0.0961423367,-0.151663765,0.00924564153,0.00433298294,0.846555233,-4.63126639e-07,2.52532959e-06,-6.05352898e-06,5.66888119e-08,4.28300518e-06,-1.59621288e-06
2620,10.480000,0.5108248,-0.0960917994,-0.151807591,0.00921674073,0.00437895069,0.846537292,-4.63118937e-07,2.52529776e-06,-6.05346304e-06,5.62222731e-08,4.28323347e-06,-1.59627029e-06
2621,10.484000,0.510850906,-0.0960728005,-0.151924461,0.0091868788,0.00442479923,0.846518397,-4.6312536e-07,2.52533664e-06,-6.05355399e-06,5.66920164e-08,4.283007e-06,-1.59621425e-06
2622,10.488000,0.510831833,-0.0960766822,-0.15202117,0.00915648416,0.0044705458,0.846498072,-4.63118624e-07,2.52532232e-06,-6.05352352e-06,5.64562761e-08,4.28323347e-06,-1.59627109e-06
2623,10.492000,0.510788202,-0.0960975811,-0.152103782,0.0091256611,0.00451613683,0.846477509,-4.63124621e-07,2.52532618e-06,-6.05353989e-06,5.6452393e-08,4.28300518e-06,-1.59621504e-06
2624,10.496000,0.51073122,-0.0961310789,-0.152176082,0.00909466296,0.00456163054,0.846456528,-4.63118454e-07,2.52533073e-06,-6.05355217e-06,5.64547094e-08,4.28323438e-06,-1.59627268e-06
2625,10.500000,0.510667264,-0.0961739123,-0.152241036,0.00906348974,0.00460699201,0.846436739,-4.63124081e-07,2.5253521e-06,-6.05360037e-06,5.66892453e-08,4.28300427e-06,-1.59621527e-06
2626,10.504000,0.537343562,-0.108283363,-0.172497094,0.0102805905,0.00785178877,0.927380741,-4.63113082e-07,2.52533778e-06,-6.05357718e-06,5.64543257e-08,4.28323347e-06,-1.59626904e-06
2627,10.508000,0.548033476,-0.108287022,-0.174396604,0.00934994593,0.00630302168,0.928850293,-4.63129254e-07,2.52535983e-06,-6.05362584e-06,5.66884033e-08,4.28289241e-06,-1.5962155e-06
2628,10.512000,0.554135799,-0.108044043,-0.175591722,0.00848889351,0.00476241764,0.930726826,-4.63104499e-07,2.52534619e-06,-6.05360128e-06,5.64542262e-08,4.28299245e-06,-1.59626518e-06
2629,10.516000,0.558053553,-0.108093008,-0.177068949,0.00856241956,0.0048088925,0.931295753,-4.63113452e-07,2.52536802e-06,-6.05365176e-06,5.66897036e-08,4.28311387e-06,-1.59626711e-06
2630,10.520000,0.560451865,-0.107978962,-0.178093866,0.00857336447,0.00485641696,0.931491435,-4.63125076e-07,2.52535483e-06,-6.05362675e-06,5.64486342e-08,4.28312433e-06,-1.59621413e-06
2631,10.524000,0.561735988,-0.107702181,-0.178598091,0.00855518132,0.00490466319,0.931515574,-4.63115214e-07,2.52537529e-06,-6.05367768e-06,5.6687778e-08,4.28323438e-06,-1.59626916e-06
2632,10.528000,0.562403023,-0.107455045,-0.178900048,0.00852835923,0.00495295925,0.931509018,-4.63117544e-07,2.52536438e-06,-6.05365494e-06,5.64551144e-08,4.28300154e-06,-1.59621311e-06
2633,10.532000,0.562731564,-0.107274681,-0.179108977,0.00849744678,0.00500118406,0.931493104,-4.63114787e-07,2.52538439e-06,-6.05370224e-06,5.6690503e-08,4.2832321e-06,-1.59626836e-06
2634,10.536000,0.562870502,-0.107151769,-0.179259658,0.00846423581,0.00504931156,0.931474149,-4.63125843e-07,2.5253737e-06,-6.05368132e-06,5.64560949e-08,4.28300564e-06,-1.5962155e-06
2635,10.540000,0.562905133,-0.107075192,-0.179373831,0.00842979178,0.00509731052,0.931451738,-4.63114731e-07,2.52539348e-06,-6.05372998e-06,5.66872274e-08,4.28323438e-06,-1.59627189e-06
2636,10.544000,0.562882543,-0.107032649,-0.179462567,0.00839453563,0.00514512649,0.931428194,-4.63124906e-07,2.52539849e-06,-6.05374362e-06,5.66856144e-08,4.283007e-06,-1.59621641e-06
2637,10.548000,0.562828362,-0.107015193,-0.179533064,0.00835883617,0.00519280042,0.931406081,-4.63113935e-07,2.52540349e-06,-6.05375953e-06,5.66890606e-08,4.28323392e-06,-1.59627075e-06
2638,10.552000,0.562757432,-0.107015543,-0.179590464,0.00832279027,0.00524029275,0.931382298,-4.63124138e-07,2.52540917e-06,-6.05377181e-06,5.66886627e-08,4.28300427e-06,-1.59621413e-06
2639,10.556000,0.562677979,-0.1070292,-0.179638222,0.00828667358,0.00528765377,0.931359351,-4.63114247e-07,2.52541236e-06,-6.05378546e-06,5.66853799e-08,4.28323347e-06,-1.59626904e-06
2640,10.560000,0.562594354,-0.107052192,-0.1796792,0.00825034827,0.00533483224,0.931337595,-4.6312357e-07,2.52541804e-06,-6.05380183e-06,5.66885099e-08,4.28300473e-06,-1.59621391e-06
2641,10.564000,0.579559505,-0.114170432,-0.192916617,0.00851943716,0.00705532823,1.01274788,-4.63114418e-07,2.52542236e-06,-6.05381365e-06,5.6685991e-08,4.28323119e-06,-1.59626904e-06
2642,10.568000,0.586050868,-0.113831952,-0.194526747,0.00771775097,0.0054418603,1.01436329,-4.63122831e-07,2.52542782e-06,-6.05382729e-06,5.66852876e-08,4.28300245e-06,-1.59621254e-06
2643,10.572000,0.590156019,-0.113700502,-0.196122125,0.00781301409,0.00548971631,1.01506424,-4.6311348e-07,2.52543146e-06,-6.05384093e-06,5.66865417e-08,4.2832321e-06,-1.59626984e-06
2644,10.576000,0.592602611,-0.113394581,-0.197114974,0.00782100856,0.0055389097,1.01522207,-4.63127321e-07,2.52543873e-06,-6.0538564e-06,5.66888616e-08,4.28289377e-06,-1.59621879e-06
2645,10.580000,0.593905926,-0.11301069,-0.197630599,0.00779974088,0.00558872335,1.015239,-4.63105096e-07,2.52544214e-06,-6.05386958e-06,5.6688723e-08,4.28299472e-06,-1.59626927e-06
2646,10.584000,0.594581366,-0.112695746,-0.19795087,0.00776962191,0.00563857239,1.0152303,-4.63111263e-07,2.52544714e-06,-6.05388232e-06,5.66879166e-08,4.28311387e-06,-1.59621243e-06
2647,10.588000,0.594912171,-0.112466566,-0.198172063,0.00773500279,0.0056883106,1.01521111,-4.63121751e-07,2.52545215e-06,-6.05389414e-06,5.66865168e-08,4.28311978e-06,-1.59627484e-06
2648,10.592000,0.595051348,-0.112308472,-0.19833076,0.00769780576,0.00573786348,1.01519036,-4.63115072e-07,2.52547238e-06,-6.05394098e-06,5.69182745e-08,4.28323119e-06,-1.59621311e-06
2649,10.596000,0.595085263,-0.112206027,-0.198448777,0.00765924901,0.00578727387,1.01516557,-4.63121467e-07,2.52546056e-06,-6.05391733e-06,5.66872735e-08,4.28300655e-06,-1.59627371e-06
2650,10.600000,0.595061362,-0.112143829,-0.198537454,0.00761979073,0.00583649334,1.0151403,-4.63109757e-07,2.5254808e-06,-6.05396872e-06,5.69195748e-08,4.2832271e-06,-1.5962089e-06
2651,10.604000,0.595006168,-0.112111717,-0.198606193,0.00757987052,0.00588546693,1.01511514,-4.63127776e-07,2.52546988e-06,-6.0539428e-06,5.66878597e-08,4.2828915e-06,-1.59627393e-06
2652,10.608000,0.594934165,-0.112101182,-0.198660165,0.00753971562,0.00593427941,1.01509082,-4.63101799e-07,2.52548853e-06,-6.05399418e-06,5.69183918e-08,4.28299018e-06,-1.59620743e-06
2653,10.612000,0.594853401,-0.112106241,-0.198703796,0.00749934837,0.00598287024,1.01506722,-4.63111178e-07,2.52547852e-06,-6.05396826e-06,5.66848541e-08,4.28311432e-06,-1.59626916e-06
2654,10.616000,0.594768584,-0.112122126,-0.19873926,0.00745894015,0.0060312096,1.01504266,-4.63123484e-07,2.52550058e-06,-6.0540192e-06,5.69190064e-08,4.28312114e-06,-1.59621504e-06
2655,10.620000,0.594682276,-0.112146392,-0.198769733,0.00741841644,0.00607936922,1.01501918,-4.63114077e-07,2.52548784e-06,-6.05399282e-06,5.668835e-08,4.28322983e-06,-1.59627211e-06
2656,10.624000,0.603067994,-0.115936249,-0.206536591,0.00707485527,0.00613320619,1.09355974,-4.63119079e-07,2.52550944e-06,-6.05404512e-06,5.69166296e-08,4.28300245e-06,-1.59621425e-06
2657,10.628000,0.606324315,-0.115875348,-0.20818378,0.00714571029,0.00618182123,1.09407055,-4.63113736e-07,2.52549626e-06,-6.05401829e-06,5.66851668e-08,4.28322983e-06,-1.59627166e-06
2658,10.632000,0.608117044,-0.115474999,-0.208960652,0.00713574141,0.00623204466,1.09413385,-4.63129652e-07,2.52551786e-06,-6.05406876e-06,5.69190206e-08,4.28289241e-06,-1.5962197e-06
2659,10.636000,0.60906285,-0.115082741,-0.209391966,0.00710719824,0.00628246181,1.09413087,-4.63105607e-07,2.52552218e-06,-6.05408013e-06,5.69194896e-08,4.28299245e-06,-1.59626916e-06
2660,10.640000,0.609545887,-0.114780441,-0.209672555,0.007071767,0.00633276999,1.09411407,-4.63112997e-07,2.52552832e-06,-6.05409468e-06,5.69231347e-08,4.28311569e-06,-1.59621288e-06
2661,10.644000,0.609772861,-0.114564858,-0.20986782,0.00703272969,0.00638294592,1.0940907,-4.63122376e-07,2.52553309e-06,-6.05410514e-06,5.6921035e-08,4.28312069e-06,-1.5962745e-06
2662,10.648000,0.609859705,-0.114416741,-0.210008428,0.00699163601,0.00643286295,1.09406507,-4.6311564e-07,2.5255365e-06,-6.05411606e-06,5.69175498e-08,4.2832321e-06,-1.59621368e-06
2663,10.652000,0.60986954,-0.114320442,-0.210112527,0.00694939122,0.00648255274,1.09403861,-4.63119164e-07,2.5255415e-06,-6.05412697e-06,5.69147716e-08,4.28300291e-06,-1.59627393e-06
2664,10.656000,0.609837472,-0.114263073,-0.210191071,0.00690647587,0.00653199106,1.09401083,-4.63115441e-07,2.52554605e-06,-6.05414107e-06,5.6916786e-08,4.28323119e-06,-1.59621288e-06
2665,10.660000,0.609782457,-0.114234157,-0.210251331,0.00686319172,0.00658116583,1.09398365,-4.63122689e-07,2.52555083e-06,-6.05415426e-06,5.69193723e-08,4.28300427e-06,-1.5962745e-06
2666,10.664000,0.609715521,-0.114225425,-0.210298657,0.00681973621,0.00663008168,1.09395647,-4.63115214e-07,2.52555469e-06,-6.05416335e-06,5.69161642e-08,4.28322937e-06,-1.59621175e-06
2667,10.668000,0.609642386,-0.11423108,-0.210336611,0.00677610934,0.00667874794,1.09392965,-4.63122831e-07,2.52556106e-06,-6.0541779e-06,5.69190739e-08,4.28300382e-06,-1.59627427e-06
2668,10.672000,0.609566808,-0.11424645,-0.21036683,0.00673244894,0.00672711246,1.0939039,-4.6311402e-07,2.52556424e-06,-6.05418745e-06,5.69177345e-08,4.28323074e-06,-1.59621595e-06
2669,10.676000,0.609490454,-0.114269331,-0.210392267,0.00668865442,0.00677520502,1.0938791,-4.63122433e-07,2.52556924e-06,-6.05420155e-06,5.69138763e-08,4.28300109e-06,-1.59627461e-06
2670,10.680000,0.60941422,-0.114297405,-0.210414216,0.00664495304,0.00682302658,1.09385502,-4.63113679e-07,2.5255747e-06,-6.05421428e-06,5.69160967e-08,4.28322983e-06,-1.59621413e-06
2671,10.684000,0.610586643,-0.115881577,-0.212490797,0.00662679598,0.00687011052,1.13914597,-4.63128345e-07,2.52557948e-06,-6.0542252e-06,5.69162388e-08,4.28288968e-06,-1.59627803e-06
2672,10.688000,0.610429585,-0.116010584,-0.212402418,0.00657946244,0.00691902358,1.13911295,-4.63101429e-07,2.52559812e-06,-6.05427476e-06,5.71470906e-08,4.28299018e-06,-1.59621209e-06
2673,10.692000,0.61030966,-0.116123661,-0.212353081,0.00653306767,0.0069678342,1.13908088,-4.63110865e-07,2.52558903e-06,-6.05425066e-06,5.69166758e-08,4.28311068e-06,-1.59626882e-06
2674,10.696000,0.610211372,-0.116217606,-0.212323889,0.00648703426,0.00701632444,1.13904917,-4.63121808e-07,2.52560949e-06,-6.05429977e-06,5.71499115e-08,4.28311887e-06,-1.59621607e-06
2675,10.700000,0.610125721,-0.116296381,-0.212306961,0.00644109398,0.00706448592,1.13901806,-4.63113452e-07,2.52559676e-06,-6.05427249e-06,5.69158765e-08,4.28322755e-06,-1.5962695e-06
2676,10.704000,0.610047877,-0.116362602,-0.212298557,0.00639532879,0.007112341,1.13898873,-4.63126213e-07,2.52561927e-06,-6.05432297e-06,5.71476839e-08,4.28288467e-06,-1.59621527e-06
2677,10.708000,0.609974921,-0.116419546,-0.212295383,0.00634954497,0.00715990551,1.13896012,-4.63104357e-07,2.52560699e-06,-6.05429705e-06,5.69188998e-08,4.28299154e-06,-1.5962687e-06
2678,10.712000,0.609905243,-0.116470873,-0.212296739,0.00630376115,0.00720715616,1.13893163,-4.63114844e-07,2.52562745e-06,-6.05434298e-06,5.71482666e-08,4.28311205e-06,-1.596213e-06
2679,10.716000,0.60983783,-0.116517454,-0.212300509,0.00625794753,0.00725407712,1.13890386,-4.63118795e-07,2.52561767e-06,-6.05432342e-06,5.69231347e-08,4.28323256e-06,-1.59627552e-06
2680,10.720000,0.609772086,-0.116559535,-0.212306216,0.00621213019,0.00730070006,1.1388768,-4.63120983e-07,2.52563677e-06,-6.05436799e-06,5.71488528e-08,4.28299609e-06,-1.59621345e-06
2681,10.724000,0.60970813,-0.116598159,-0.212313056,0.00616626441,0.00734697469,1.13885081,-4.63114674e-07,2.5256245e-06,-6.05434298e-06,5.69147325e-08,4.28322755e-06,-1.59627382e-06
2682,10.728000,0.609645128,-0.116634078,-0.212320954,0.00612040237,0.00739297923,1.13882542,-4.63124309e-07,2.52564587e-06,-6.05438936e-06,5.71443408e-08,4.28300064e-06,-1.59621788e-06
2683,10.732000,0.609583557,-0.116666786,-0.21232909,0.00607444346,0.00743864756,1.1388005,-4.63114873e-07,2.52565201e-06,-6.05440346e-06,5.71475347e-08,4.28322755e-06,-1.59627393e-06
2684,10.736000,0.609523118,-0.116698459,-0.212338656,0.00602847338,0.00748396013,1.13877654,-4.63122831e-07,2.52565701e-06,-6.05441619e-06,5.71498688e-08,4.28300018e-06,-1.59621834e-06
2685,10.740000,0.609463632,-0.116728611,-0.212348506,0.00598245859,0.00752898119,1.13875198,-4.63115157e-07,2.52566065e-06,-6.05442438e-06,5.71462344e-08,4.2832271e-06,-1.59627155e-06
2686,10.744000,0.601221621,-0.113912642,-0.205246404,0.00621526316,0.0075677908,1.12417018,-4.63122376e-07,2.52566588e-06,-6.05444075e-06,5.7146206e-08,4.28300018e-06,-1.59621561e-06
2687,10.748000,0.5980708,-0.114477962,-0.203394473,0.0061304979,0.00761219161,1.12415838,-4.63115015e-07,2.52567088e-06,-6.05445166e-06,5.71513219e-08,4.28322755e-06,-1.59627257e-06
2688,10.752000,0.596318007,-0.115254253,-0.202469349,0.00605015829,0.00765565736,1.12403381,-4.6312212e-07,2.52567565e-06,-6.05446303e-06,5.71446179e-08,4.28300064e-06,-1.59621572e-06
2689,10.756000,0.595196843,-0.115900256,-0.201865703,0.00598719344,0.00769842183,1.12396646,-4.63110666e-07,2.52568111e-06,-6.05447485e-06,5.71495917e-08,4.28322392e-06,-1.59626961e-06
2690,10.760000,0.594510376,-0.116406135,-0.201462537,0.00592631847,0.00774117606,1.12389231,-4.63127435e-07,2.5256868e-06,-6.0544894e-06,5.71481706e-08,4.28288922e-06,-1.59621868e-06
2691,10.764000,0.594062328,-0.116789661,-0.201180577,0.00587345287,0.00778368209,1.12385941,-4.63103135e-07,2.52568998e-06,-6.05449759e-06,5.71492365e-08,4.28298563e-06,-1.59626757e-06
2692,10.768000,0.593794584,-0.117083758,-0.200995669,0.00582339615,0.00782583281,1.12383187,-4.63102168e-07,2.52569544e-06,-6.05451078e-06,5.71485046e-08,4.28333442e-06,-1.59620879e-06
2693,10.772000,0.593628883,-0.117303893,-0.200871557,0.00577486679,0.00786760822,1.12380683,-4.63134995e-07,2.52570089e-06,-6.05452442e-06,5.71470693e-08,4.28289104e-06,-1.59628178e-06
2694,10.776000,0.593520284,-0.117467284,-0.20078671,0.00572701916,0.00790905207,1.12378263,-4.63101088e-07,2.52570362e-06,-6.05453579e-06,5.71478722e-08,4.28298654e-06,-1.59621095e-06
2695,10.780000,0.593442619,-0.117589317,-0.200729877,0.00567962229,0.00795016065,1.12375998,-4.63100832e-07,2.52570953e-06,-6.05454807e-06,5.71474601e-08,4.28333396e-06,-1.5962687e-06
2696,10.784000,0.593382895,-0.117680252,-0.200692117,0.00563235208,0.0079909116,1.12373888,-4.63137042e-07,2.52571522e-06,-6.0545608e-06,5.71501815e-08,4.28289468e-06,-1.59622516e-06
2697,10.788000,0.593333304,-0.117748722,-0.200668067,0.0055851303,0.00803134777,1.12371624,-4.63095972e-07,2.525735e-06,-6.05460718e-06,5.73788199e-08,4.28298199e-06,-1.59626916e-06
2698,10.792000,0.593289912,-0.117801212,-0.200654179,0.0055379346,0.00807141326,1.12369585,-4.63103191e-07,2.52572408e-06,-6.05458172e-06,5.71459324e-08,4.28333487e-06,-1.59620936e-06
2699,10.796000,0.593249977,-0.117842764,-0.200647607,0.00549054146,0.00811116025,1.12367547,-4.63138065e-07,2.52574682e-06,-6.05463129e-06,5.73784043e-08,4.28289286e-06,-1.59628064e-06
2700,10.800000,0.593211949,-0.117876515,-0.200646043,0.00544318184,0.00815057941,1.12365532,-4.63097535e-07,2.5257325e-06,-6.05460627e-06,5.71451473e-08,4.28298563e-06,-1.59620902e-06
2701,10.804000,0.578297079,-0.113512203,-0.189551413,0.00578059256,0.00818062667,1.04708898,-4.63107654e-07,2.5257541e-06,-6.05465311e-06,5.73778927e-08,4.28333624e-06,-1.59626984e-06
2702,10.808000,0.573631167,-0.114563197,-0.187169775,0.00567623228,0.00821817387,1.04704535,-4.63139315e-07,2.54064571e-06,-6.05462765e-06,5.71486538e-08,4.28289286e-06,-1.59622221e-06
2703,10.812000,0.571088672,-0.115720794,-0.185913056,0.00557596982,0.00825463329,1.04683053,-4.63128544e-07,2.52675136e-06,-6.05692958e-06,5.73675578e-08,4.28294879e-06,-1.59615604e-06
2704,10.816000,0.569475353,-0.116628334,-0.18506436,0.00549666211,0.00829022378,1.04668736,-4.6308557e-07,2.52469681e-06,-6.06345111e-06,5.66991929e-08,4.28350131e-06,-1.59609738e-06
2705,10.820000,0.568417966,-0.117315434,-0.184470579,0.00543053821,0.00832535699,1.04660392,-4.63172455e-07,2.5271263e-06,-6.06522281e-06,5.80579176e-08,4.28307249e-06,-1.59605486e-06
2706,10.824000,0.567747295,-0.117834076,-0.184063271,0.00537360087,0.00836034026,1.0465678,-4.63141333e-07,2.52606196e-06,-6.07397942e-06,6.11011757e-08,4.28322846e-06,-1.59605065e-06
2707,10.828000,0.567353308,-0.118221611,-0.183790535,0.00532190502,0.00839499384,1.04654837,-4.63161768e-07,2.52716336e-06,-6.08390701e-06,5.80595518e-08,4.2829447e-06,-1.5961084e-06
2708,10.832000,0.567129731,-0.118505202,-0.183606461,0.00527259707,0.00842927583,1.04653323,-4.6320551e-07,2.52933455e-06,-6.07763695e-06,6.10405166e-08,4.28308158e-06,-1.59610568e-06
2709,10.836000,0.567000568,-0.118709587,-0.183479488,0.00522435829,0.00846323371,1.04651904,-4.63186097e-07,2.5283814e-06,-6.07918855e-06,5.75652379e-08,4.28312342e-06,-1.59604997e-06
2710,10.840000,0.56692338,-0.118853919,-0.183390334,0.00517673418,0.00849686004,1.04650664,-4.63196784e-07,2.52903919e-06,-6.07694165e-06,5.42981766e-08,4.28308658e-06,-1.59610306e-06
2711,10.844000,0.566874743,-0.11895524,-0.18332772,0.00512934104,0.008530166,1.04649401,-4.63198205e-07,2.52870359e-06,-6.07990341e-06,5.96581842e-08,4.28310841e-06,-1.59605042e-06
2712,10.848000,0.5668419,-0.119027235,-0.183285803,0.00508202612,0.008563173,1.04648137,-4.63190133e-07,2.52886139e-06,-6.07653055e-06,5.68583332e-08,4.28309068e-06,-1.59610317e-06
2713,10.852000,0.566817462,-0.119078182,-0.183258459,0.00503465906,0.00859583355,1.04646957,-4.63188371e-07,2.52840277e-06,-6.07920629e-06,5.6639653e-08,4.28311796e-06,-1.59604667e-06
2714,10.856000,0.566798151,-0.11911533,-0.183242247,0.00498718023,0.00862821192,1.04645789,-4.63187803e-07,2.52892255e-06,-6.07665197e-06,5.52288881e-08,4.28308431e-06,-1.59609954e-06
2715,10.860000,0.566781223,-0.119139977,-0.183232054,0.00493957475,0.00866027083,1.04644644,-4.63190162e-07,2.52842301e-06,-6.07924267e-06,5.82678581e-08,4.28311478e-06,-1.59604872e-06
2716,10.864000,0.540949881,-0.114409611,-0.167710036,0.00542094186,0.00867786352,0.892889023,-4.6318462e-07,2.5287161e-06,-6.07616948e-06,5.73261332e-08,4.2830934e-06,-1.59610192e-06
2717,10.868000,0.533463359,-0.116621315,-0.164258718,0.00529434904,0.00870736688,0.892850637,-4.63184648e-07,2.52813948e-06,-6.07858328e-06,5.54759545e-08,4.28312569e-06,-1.59604792e-06
2718,10.872000,0.5294258,-0.118552893,-0.16216962,0.00517600402,0.00873564743,0.892573953,-4.63175468e-07,2.52835616e-06,-6.07906713e-06,5.91972125e-08,4.28310477e-06,-1.59610158e-06
2719,10.876000,0.526985466,-0.120008931,-0.160728738,0.00507838279,0.00876304228,0.892331302,-4.63181891e-07,2.52809809e-06,-6.07847505e-06,5.99003869e-08,4.28311932e-06,-1.59604474e-06
2720,10.880000,0.525338233,-0.121064134,-0.159681112,0.00500217453,0.00878947601,0.892195463,-4.63171148e-07,2.5279594e-06,-6.07814673e-06,5.8506032e-08,4.28311751e-06,-1.59609647e-06
2721,10.884000,0.524257421,-0.121840566,-0.158940628,0.00494034588,0.00881542545,0.89214474,-4.63179049e-07,2.52798577e-06,-6.07819175e-06,5.94331588e-08,4.28312205e-06,-1.59604087e-06
2722,10.888000,0.523596108,-0.122410245,-0.158427298,0.00488833711,0.00884111412,0.892140627,-4.63169613e-07,2.52787845e-06,-6.07793936e-06,5.85060178e-08,4.2831216e-06,-1.59609692e-06
2723,10.892000,0.523239076,-0.122823365,-0.158076584,0.00484004244,0.00886649825,0.892140269,-4.6317453e-07,2.52786845e-06,-6.07790798e-06,5.8970766e-08,4.28312296e-06,-1.59604178e-06
2724,10.896000,0.523049474,-0.123116747,-0.157831982,0.00479323417,0.00889160112,0.892137885,-4.63163019e-07,2.52779569e-06,-6.07773018e-06,5.8510679e-08,4.28311569e-06,-1.59609431e-06
2725,10.900000,0.522952497,-0.123319589,-0.157659441,0.00474737957,0.00891641434,0.892135978,-4.6317129e-07,2.52777068e-06,-6.07766424e-06,5.87403335e-08,4.28312387e-06,-1.59603781e-06
2726,10.904000,0.522906244,-0.123458937,-0.157538801,0.00470206887,0.00894095376,0.892136037,-4.63165861e-07,2.52771315e-06,-6.07752509e-06,5.85073536e-08,4.2831216e-06,-1.59609306e-06
2727,10.908000,0.52288729,-0.123549111,-0.157452181,0.00465714559,0.00896523241,0.892137229,-4.63168391e-07,2.52767177e-06,-6.07742322e-06,5.85109206e-08,4.28312251e-06,-1.5960361e-06
2728,10.912000,0.522883117,-0.123604462,-0.157390416,0.00461222976,0.00898924842,0.892137289,-4.63162678e-07,2.52761606e-06,-6.07728225e-06,5.82810422e-08,4.28312387e-06,-1.59609624e-06
2729,10.916000,0.522886395,-0.123637073,-0.157348156,0.00456729904,0.00901302136,0.892136753,-4.63160461e-07,2.52757422e-06,-6.0771813e-06,5.82760258e-08,4.28312069e-06,-1.5960353e-06
2730,10.920000,0.522893846,-0.123652562,-0.157318667,0.00452217832,0.00903655775,0.892135859,-4.63161257e-07,2.52753375e-06,-6.07708034e-06,5.82809498e-08,4.28312296e-06,-1.59609124e-06
2731,10.924000,0.489234418,-0.113564149,-0.138843909,0.0049315989,0.00904510729,0.740971386,-4.63158443e-07,2.527476e-06,-6.07694301e-06,5.80480162e-08,4.28312524e-06,-1.59603576e-06
2732,10.928000,0.478783399,-0.11337705,-0.134592846,0.00480412319,0.00906842109,0.741133153,-4.63158358e-07,2.52743553e-06,-6.0768416e-06,5.80485988e-08,4.28312478e-06,-1.59609294e-06
2733,10.932000,0.473279297,-0.114155136,-0.132548034,0.00467900932,0.00909077376,0.740798295,-4.63039356e-07,2.52739596e-06,-6.07674383e-06,5.80483999e-08,4.28312433e-06,-1.59603132e-06
2734,10.936000,0.46999529,-0.114957958,-0.131341472,0.00457708165,0.00911186635,0.74048239,-4.63139742e-07,2.52733776e-06,-6.07660468e-06,5.78147095e-08,4.28299791e-06,-1.59608635e-06
2735,10.940000,0.467858315,-0.115595952,-0.130537733,0.00449268147,0.00913187489,0.740237474,-4.63144346e-07,2.52729728e-06,-6.07650463e-06,5.78163295e-08,4.28311705e-06,-1.59602837e-06
2736,10.944000,0.466366023,-0.116078354,-0.129985273,0.00443094224,0.00915074814,0.740168154,-4.63152134e-07,2.52725658e-06,-6.07640277e-06,5.78194665e-08,4.28312524e-06,-1.59608771e-06
2737,10.948000,0.465463549,-0.116439447,-0.129616946,0.00437812507,0.00916948728,0.740140676,-4.63137326e-07,2.5267957e-06,-6.07907714e-06,6.13160154e-08,4.28314388e-06,-1.5960286e-06
2738,10.952000,0.464995176,-0.116702475,-0.129376054,0.00433138758,0.00918786693,0.740136743,-4.63143465e-07,2.52707923e-06,-6.07598076e-06,5.6423044e-08,4.28312615e-06,-1.59608715e-06
2739,10.956000,0.464762717,-0.116888188,-0.129215941,0.00428782403,0.00920592155,0.740142822,-4.63135081e-07,2.52678205e-06,-6.07902848e-06,5.85224491e-08,4.2831366e-06,-1.59608635e-06
2740,10.960000,0.464657694,-0.117014825,-0.129109651,0.00424583256,0.00922375172,0.740154207,-4.63146222e-07,2.52717655e-06,-6.07618631e-06,5.89862026e-08,4.28311614e-06,-1.59608487e-06
2741,10.964000,0.464621216,-0.117096551,-0.12903899,0.0042046234,0.00924134441,0.740168333,-4.63128316e-07,2.52653513e-06,-6.07845141e-06,5.99235719e-08,4.28314388e-06,-1.59602359e-06
2742,10.968000,0.464621544,-0.117147699,-0.128994256,0.00416379422,0.00925873406,0.740183413,-4.6314284e-07,2.52694895e-06,-6.07564652e-06,5.68898493e-08,4.2831266e-06,-1.59614069e-06
2743,10.972000,0.464641273,-0.117176458,-0.128967017,0.00412302464,0.00927594118,0.740197957,-4.63128799e-07,2.526554e-06,-6.0784746e-06,5.75973473e-08,4.28314161e-06,-1.59602598e-06
2744,10.976000,0.464671195,-0.117190406,-0.128952473,0.00408233702,0.00929294713,0.740212142,-4.63145994e-07,2.52702853e-06,-6.07581433e-06,5.54921975e-08,4.28311932e-06,-1.5961391e-06
2745,10.980000,0.464705914,-0.117193148,-0.128946513,0.00404153764,0.00930980407,0.740226328,-4.63133063e-07,2.5265806e-06,-6.0785228e-06,5.92240319e-08,4.28314024e-06,-1.5960261e-06
2746,10.984000,0.414224178,-0.0987909362,-0.103370517,0.00448899716,0.00930672698,0.553921998,-4.63169755e-07,2.52456312e-06,-6.07021002e-06,5.9952967e-08,4.28378098e-06,-1.59618332e-06
2747,10.988000,0.398006916,-0.0961976945,-0.0979014933,0.00434703007,0.00932609662,0.55421561,-4.63182459e-07,2.52422569e-06,-6.0508105e-06,6.0197948e-08,4.28357635e-06,-1.59618844e-06
2748,10.992000,0.389602542,-0.0960324556,-0.0958363861,0.0042062588,0.0093446672,0.553697526,-4.63106034e-07,2.52079735e-06,-6.04677143e-06,5.88593601e-08,4.28394924e-06,-1.59629917e-06
2749,10.996000,0.384639621,-0.0963182822,-0.0947993845,0.00409604982,0.00936128758,0.553231597,-4.63092022e-07,2.51959045e-06,-6.05148762e-06,6.02781824e-08,4.28389421e-06,-1.59624676e-06
2750,11.000000,0.381545931,-0.0966451094,-0.0941997543,0.00401084125,0.00937611982,0.552907109,-4.63056892e-07,2.52243399e-06,-6.054202e-06,5.62701885e-08,4.2834381e-06,-1.59602541e-06
2751,11.004000,0.379313946,-0.0969035029,-0.0938009322,0.00393452868,0.00939001888,0.552614093,-4.63063941e-07,2.52351788e-06,-6.05293735e-06,5.83433817e-08,4.28337989e-06,-1.59601802e-06
2752,11.008000,0.377873927,-0.0971124247,-0.093559891,0.00388425589,0.00940274633,0.552577078,-4.6305712e-07,2.52336167e-06,-6.05258538e-06,5.97457301e-08,4.28291833e-06,-1.59624915e-06
2753,11.012000,0.377137393,-0.0972719267,-0.093418777,0.00384271517,0.00941505469,0.552583992,-4.63031597e-07,2.52324048e-06,-6.05230889e-06,5.78847157e-08,4.28290969e-06,-1.59624142e-06
2754,11.016000,0.376781762,-0.0973860621,-0.0933367014,0.00380549207,0.00942705758,0.552608848,-4.63024406e-07,2.52334735e-06,-6.05255627e-06,5.92785128e-08,4.28290195e-06,-1.59623869e-06
2755,11.020000,0.376630872,-0.0974655598,-0.0932933241,0.00377057865,0.0094388565,0.552643597,-4.63030091e-07,2.52329392e-06,-6.05243122e-06,5.83498405e-08,4.28290741e-06,-1.59624346e-06
2756,11.024000,0.376590043,-0.0975190029,-0.0932747349,0.00373681262,0.00945046172,0.552682579,-4.63026481e-07,2.52335394e-06,-6.05256764e-06,5.90489115e-08,4.28290059e-06,-1.59623801e-06
2757,11.028000,0.376607716,-0.0975534394,-0.0932725817,0.00370359421,0.00946194679,0.552723169,-4.63034979e-07,2.52332916e-06,-6.05251444e-06,5.85809303e-08,4.28290696e-06,-1.59624074e-06
2758,11.032000,0.376656324,-0.0975738838,-0.0932811797,0.00367061049,0.00947327912,0.552764714,-4.6303586e-07,2.52335758e-06,-6.05257537e-06,5.88155302e-08,4.28290969e-06,-1.59624517e-06
2759,11.036000,0.376720518,-0.0975857601,-0.0932982415,0.0036377497,0.00948450714,0.552805424,-4.63039157e-07,2.52336872e-06,-6.05260129e-06,5.88171396e-08,4.2829115e-06,-1.59624312e-06
2760,11.040000,0.37679258,-0.0975912735,-0.0933206826,0.00360484794,0.00949561968,0.552845955,-4.6304072e-07,2.52337873e-06,-6.05262312e-06,5.88121125e-08,4.28290969e-06,-1.5962429e-06
2761,11.044000,0.327195883,-0.0823457465,-0.0729494914,0.00395673886,0.00948775932,0.384968042,-4.63044216e-07,2.52338805e-06,-6.0526454e-06,5.88119597e-08,4.2829106e-06,-1.5962429e-06
2762,11.048000,0.310962379,-0.0798688754,-0.0684596747,0.00384066626,0.0095023904,0.38527289,-4.63055414e-07,2.52339828e-06,-6.05266905e-06,5.88094906e-08,4.28292014e-06,-1.59624983e-06
2763,11.052000,0.302584201,-0.0796193033,-0.0669235885,0.00372623652,0.00951664522,0.384774208,-4.63058996e-07,2.52341033e-06,-6.05269224e-06,5.88165179e-08,4.28338626e-06,-1.59625085e-06
2764,11.056000,0.297662973,-0.0798285007,-0.0662786067,0.00363630801,0.00952881016,0.384310603,-4.63083211e-07,2.52342147e-06,-6.05271589e-06,5.88156048e-08,4.28340218e-06,-1.59625938e-06
2765,11.060000,0.294536263,-0.0800674558,-0.0659418479,0.00355681777,0.00953963213,0.383873701,-4.63080653e-07,2.52344785e-06,-6.05277819e-06,5.90426481e-08,4.28339672e-06,-1.59625642e-06
2766,11.064000,0.292183757,-0.080264993,-0.065760538,0.00349947065,0.00954871345,0.383650661,-4.63075281e-07,2.52344194e-06,-6.05276364e-06,5.88148872e-08,4.28339581e-06,-1.59625324e-06
2767,11.068000,0.290895551,-0.080411993,-0.0656661838,0.00346138328,0.00955689512,0.383642942,-4.63077242e-07,2.52346899e-06,-6.05282548e-06,5.90456075e-08,4.28339536e-06,-1.59625404e-06
2768,11.072000,0.290259391,-0.0805183426,-0.0656217784,0.00342977419,0.00956463814,0.383669913,-4.63075139e-07,2.52346194e-06,-6.05281048e-06,5.88095759e-08,4.2833949e-06,-1.59625529e-06
2769,11.076000,0.289973855,-0.0805945322,-0.0656095892,0.00340163708,0.00957218651,0.383713961,-4.63072723e-07,2.52349059e-06,-6.05287323e-06,5.90487339e-08,4.28339399e-06,-1.59625563e-06
2770,11.080000,0.289876282,-0.0806483775,-0.0656179935,0.00337525085,0.00957954209,0.383767158,-4.63072467e-07,2.52350014e-06,-6.05289779e-06,5.90472666e-08,4.28339354e-06,-1.59625574e-06
2771,11.084000,0.289878905,-0.0806866586,-0.0656399876,0.00334976986,0.00958677195,0.383824289,-4.63069426e-07,2.52351037e-06,-6.05291916e-06,5.90457958e-08,4.28339172e-06,-1.59625154e-06
2772,11.088000,0.289934397,-0.0807136521,-0.0656710342,0.00332473591,0.00959391799,0.383882612,-4.63068517e-07,2.52352015e-06,-6.05294281e-06,5.90446234e-08,4.2833899e-06,-1.59625097e-06
2773,11.092000,0.290017366,-0.0807335526,-0.0657087266,0.00329994783,0.00960098673,0.38394171,-4.63065987e-07,2.52353198e-06,-6.05296736e-06,5.90481193e-08,4.2833899e-06,-1.59625154e-06
2774,11.096000,0.290114045,-0.0807469115,-0.0657487437,0.00327514485,0.00960799679,0.383999527,-4.63065049e-07,2.52354107e-06,-6.05298919e-06,5.9044222e-08,4.28338672e-06,-1.59624892e-06
2775,11.100000,0.290217072,-0.0807562321,-0.0657906383,0.00325036421,0.00961493235,0.384057105,-4.63062918e-07,2.52355153e-06,-6.05301102e-06,5.90444778e-08,4.28338626e-06,-1.59625188e-06
2776,11.104000,0.227356523,-0.0599137135,-0.0417216644,0.00360902771,0.00959884841,0.201454803,-4.6306215e-07,2.52356153e-06,-6.05303558e-06,5.90466271e-08,4.28338444e-06,-1.5962512e-06
2777,11.108000,0.206305608,-0.0552938953,-0.0363818742,0.00349897891,0.00961155444,0.201926887,-4.63060303e-07,2.52358677e-06,-6.0530906e-06,5.92744023e-08,4.28291469e-06,-1.59625006e-06
2778,11.112000,0.195530444,-0.0541200489,-0.0348716266,0.00338880718,0.00962433033,0.201306641,-4.63035775e-07,2.52358041e-06,-6.05307923e-06,5.90454903e-08,4.28290195e-06,-1.59624039e-06
2779,11.116000,0.189235032,-0.0538515262,-0.0344558731,0.00330415741,0.00963446777,0.200714946,-4.63026566e-07,2.52360701e-06,-6.05313971e-06,5.927782e-08,4.28289377e-06,-1.59623596e-06
2780,11.120000,0.18534942,-0.0538104847,-0.0343675725,0.00324157625,0.00964213349,0.200311512,-4.63034695e-07,2.52360019e-06,-6.0531238e-06,5.90441616e-08,4.28289877e-06,-1.59624108e-06
2781,11.124000,0.182301834,-0.0538238287,-0.0343956202,0.00317391008,0.00964922085,0.199767962,-4.63032052e-07,2.52362656e-06,-6.05318201e-06,5.92762532e-08,4.28289695e-06,-1.59623778e-06
2782,11.128000,0.180613548,-0.0538403392,-0.0344615914,0.00314370543,0.00965393893,0.199754328,-4.63035036e-07,2.52363543e-06,-6.05320429e-06,5.92732192e-08,4.28289877e-06,-1.59624039e-06
2783,11.132000,0.179783195,-0.0538554341,-0.0345343426,0.00312081724,0.0096581988,0.19978565,-4.63036855e-07,2.52364748e-06,-6.05322975e-06,5.92775038e-08,4.28290059e-06,-1.59623983e-06
2784,11.136000,0.179412246,-0.0538724847,-0.0346125364,0.0031019114,0.00966216996,0.199840754,-4.63040209e-07,2.52365612e-06,-6.05325158e-06,5.92764131e-08,4.2829015e-06,-1.59624039e-06
2785,11.140000,0.179287195,-0.0538923144,-0.0346947089,0.00308496878,0.00966602471,0.199907273,-4.63043108e-07,2.52366681e-06,-6.05327477e-06,5.92734892e-08,4.28290286e-06,-1.59624142e-06
2786,11.144000,0.17929326,-0.0539143458,-0.0347783193,0.00306915119,0.00966972671,0.199979916,-4.63056011e-07,2.52367818e-06,-6.05329706e-06,5.92770633e-08,4.28291014e-06,-1.5962454e-06
2787,11.148000,0.179368362,-0.0539366454,-0.0348608308,0.00305385143,0.0096734073,0.200054616,-4.63058313e-07,2.52368886e-06,-6.05332207e-06,5.92776459e-08,4.2829115e-06,-1.59624824e-06
2788,11.152000,0.179479182,-0.0539595187,-0.0349421464,0.00303880498,0.00967705809,0.20012939,-4.63058768e-07,2.52369796e-06,-6.05334162e-06,5.92727218e-08,4.28291241e-06,-1.59624835e-06
2789,11.156000,0.179607928,-0.0539828092,-0.0350225344,0.00302392989,0.00968063902,0.200204432,-4.63062463e-07,2.52372524e-06,-6.05340301e-06,5.9507407e-08,4.28291105e-06,-1.5962471e-06
2790,11.160000,0.179744929,-0.0540056825,-0.0351014175,0.00300899893,0.00968420319,0.200277835,-4.63063259e-07,2.52371979e-06,-6.05339028e-06,5.92784204e-08,4.28291378e-06,-1.59624722e-06
2791,11.164000,0.112542689,-0.029872492,-0.0141020548,0.003412636,0.00966243912,0.028722018,-4.63066897e-07,2.52374662e-06,-6.05344894e-06,5.95066965e-08,4.28291332e-06,-1.59624767e-06
2792,11.168000,0.0895701572,-0.0229411758,-0.0111619271,0.00333060697,0.00967254117,0.0295144916,-4.6306792e-07,2.52374048e-06,-6.05343484e-06,5.92779479e-08,4.28291423e-06,-1.59624983e-06
2793,11.172000,0.0778563842,-0.0197384655,-0.0106829684,0.00323712826,0.00968345255,0.0288715661,-4.63071501e-07,2.52376731e-06,-6.05349351e-06,5.95098228e-08,4.28291469e-06,-1.59624835e-06
2794,11.176000,0.0710333064,-0.0179529525,-0.0106669366,0.00316528417,0.00969158299,0.0282181278,-4.63072382e-07,2.52376094e-06,-6.05347986e-06,5.92748108e-08,4.28291514e-06,-1.59625051e-06
2795,11.180000,0.0667397454,-0.0168830771,-0.0107220914,0.00309962593,0.00969797932,0.027565971,-4.63075054e-07,2.52378709e-06,-6.05354126e-06,5.95083094e-08,4.28291605e-06,-1.59625154e-06
2796,11.184000,0.0633905977,-0.0162509196,-0.0108219832,0.00305100903,0.00970224477,0.0270696878,-4.63077072e-07,2.52379755e-06,-6.05356354e-06,5.95094498e-08,4.28291651e-06,-1.59624949e-06
2797,11.188000,0.0616335198,-0.0158566423,-0.0108794514,0.00303087756,0.00970446877,0.027045548,-4.6307818e-07,2.52380664e-06,-6.05358537e-06,5.95043943e-08,4.28292014e-06,-1.59625142e-06
2798,11.192000,0.0607801192,-0.0156317633,-0.0109251961,0.00301778316,0.00970623735,0.0270705074,-4.63079829e-07,2.52381687e-06,-6.05360765e-06,5.95025895e-08,4.28338626e-06,-1.59625074e-06
2799,11.196000,0.0604134835,-0.0155192623,-0.0109680314,0.0030083973,0.0097077284,0.0271208137,-4.63105266e-07,2.52383006e-06,-6.05363175e-06,5.95078049e-08,4.28340127e-06,-1.59626165e-06
2800,11.200000,0.0603070594,-0.0154786119,-0.0110098869,0.00300099142,0.00970907882,0.0271835774,-4.63099894e-07,2.52384075e-06,-6.05365585e-06,5.95075527e-08,4.28339672e-06,-1.59625949e-06
2801,11.204000,0.0603389554,-0.0154833579,-0.0110505726,0.00299461372,0.00971035101,0.0272525772,-4.63102054e-07,2.52385075e-06,-6.05367859e-06,5.95084018e-08,4.28339854e-06,-1.59626177e-06
2802,11.208000,0.0604435354,-0.0155158574,-0.0110903252,0.00298885256,0.00971158035,0.027324155,-4.63101571e-07,2.5238769e-06,-6.0537368e-06,5.97369905e-08,4.28339217e-06,-1.59625824e-06
2803,11.212000,0.06058551,-0.0155652044,-0.0111291967,0.00298331678,0.00971278176,0.0273964927,-4.63097962e-07,2.52387008e-06,-6.05372179e-06,5.95026144e-08,4.28339445e-06,-1.59625665e-06
2804,11.216000,0.060745772,-0.0156253222,-0.011167556,0.00297791511,0.00971397571,0.0274683535,-4.63097905e-07,2.52389759e-06,-6.05378364e-06,5.97355978e-08,4.28339172e-06,-1.59625586e-06
2805,11.220000,0.0609143153,-0.0156910159,-0.0112048127,0.00297258608,0.00971516781,0.0275395438,-4.63095432e-07,2.52388986e-06,-6.05376727e-06,5.95060179e-08,4.28338944e-06,-1.59625631e-06
2806,11.224000,0.0214411467,-0.00567782531,-0.00559882307,0.000262468122,-0.00258631073,0.00120893959,-4.63093812e-07,2.52391715e-06,-6.05382411e-06,5.97383405e-08,4.28338944e-06,-1.59625461e-06
2807,11.228000,0.00651966128,-0.00438185409,-0.00492487662,0.000176105648,-0.00266970298,0.00120861316,-4.63103163e-07,2.5243296e-06,-6.05103696e-06,5.6008858e-08,4.28337171e-06,-1.59625824e-06
2808,11.232000,0.000950315269,-0.00409085304,-0.00468204869,9.3979761e-05,-0.00247171288,0.00120960083,-4.63090601e-07,2.52401628e-06,-6.05405967e-06,5.71775942e-08,4.28291878e-06,-1.59625688e-06
2809,11.236000,0.000411706045,-0.00401251484,-0.00463084364,-1.94227323e-05,-0.00148653705,0.000657275319,-4.63075196e-07,2.52453742e-06,-6.05152218e-06,5.50717303e-08,4.28288013e-06,-1.59624562e-06
2810,11.240000,0.000366524328,-0.0039708307,-0.00464366609,-2.51531601e-05,-0.00128692435,0.000545099145,-4.63067238e-07,2.52413793e-06,-6.05434798e-06,5.88049431e-08,4.28289877e-06,-1.59624869e-06
2811,11.244000,0.000372521346,-0.00395089388,-0.00461922586,-2.71145254e-05,-0.00130230654,0.000547867967,-4.63076532e-07,2.52446421e-06,-6.05136484e-06,5.7633752e-08,4.28288513e-06,-1.59624676e-06
2812,11.248000,0.000379215693,-0.00394308474,-0.00458439765,-2.89101154e-05,-0.0013209919,0.000552604906,-4.63066158e-07,2.52395466e-06,-6.05393871e-06,5.60150681e-08,4.28290787e-06,-1.59624938e-06
2813,11.252000,0.000385794323,-0.00394062744,-0.00454875408,-3.06237489e-05,-0.00133927283,0.000557239866,-4.63083524e-07,2.52462701e-06,-6.05174e-06,5.60007933e-08,4.28287876e-06,-1.59601609e-06
2814,11.256000,0.000392225804,-0.00393855572,-0.00451192353,-3.22950073e-05,-0.00135719962,0.000561808934,-4.63074315e-07,2.52412724e-06,-6.0543407e-06,5.83408735e-08,4.28290514e-06,-1.59624915e-06
2815,11.260000,0.000398530625,-0.00393671915,-0.0044751903,-3.39271501e-05,-0.00137461885,0.000566212228,-4.63086792e-07,2.52452037e-06,-6.05150899e-06,5.80991397e-08,4.28289195e-06,-1.59625154e-06
2816,11.264000,0.000404697144,-0.00393557642,-0.00443903869,-3.55001539e-05,-0.00139182643,0.000570625765,-4.630771e-07,2.52395989e-06,-6.05396781e-06,5.95038969e-08,4.28291651e-06,-1.59625426e-06
2817,11.268000,0.000410714885,-0.00393347396,-0.00440208986,-3.70321795e-05,-0.00140846753,0.000574845122,-4.6308412e-07,2.52440645e-06,-6.05125479e-06,5.62427545e-08,4.28289241e-06,-1.59625154e-06
2818,11.272000,0.000416609924,-0.00393158384,-0.00436652452,-3.85739841e-05,-0.00142478105,0.00057898392,-4.63077441e-07,2.52409427e-06,-6.05427522e-06,5.74080126e-08,4.2829106e-06,-1.59625415e-06
2819,11.276000,0.000422372716,-0.00392861618,-0.00433036638,-4.00631689e-05,-0.00144075765,0.000583060319,-4.63091595e-07,2.52460063e-06,-6.05170226e-06,5.50723875e-08,4.28289013e-06,-1.59625404e-06
2820,11.280000,0.000428009313,-0.00392524339,-0.00429470278,-4.15146351e-05,-0.0014563438,0.000587020535,-4.63087503e-07,2.52421819e-06,-6.05456853e-06,5.90384772e-08,4.28290696e-06,-1.59625461e-06
2821,11.284000,0.000433544628,-0.00392189343,-0.00425965991,-4.29241918e-05,-0.0014717516,0.000590977259,-4.63094295e-07,2.52452742e-06,-6.05154537e-06,5.76326258e-08,4.28289604e-06,-1.59625381e-06
2822,11.288000,0.000438954681,-0.00391777279,-0.00422411179,-4.43104655e-05,-0.00148680201,0.00059484248,-4.63086735e-07,2.52403402e-06,-6.05415471e-06,5.62469396e-08,4.28291696e-06,-1.59625586e-06
2823,11.292000,0.000444242731,-0.00391359255,-0.0041892794,-4.56576236e-05,-0.00150147849,0.000598599436,-4.63098814e-07,2.52468772e-06,-6.05191599e-06,5.59999442e-08,4.2828915e-06,-1.59602359e-06
2824,11.296000,0.000449413201,-0.0039089541,-0.00415443769,-4.69512306e-05,-0.00151572726,0.000602235785,-4.63094864e-07,2.52420546e-06,-6.05455079e-06,5.85690181e-08,4.28291241e-06,-1.59625495e-06
2825,11.300000,0.000454456313,-0.00390363671,-0.00411942601,-4.82467003e-05,-0.0015296638,0.000605791807,-4.63103106e-07,2.52458267e-06,-6.0516827e-06,5.80991717e-08,4.28289923e-06,-1.59625654e-06
2826,11.304000,0.000459386036,-0.00389922038,-0.00408522459,-4.95100394e-05,-0.00154331024,0.000609286129,-4.63090288e-07,2.52403947e-06,-6.05417881e-06,5.97332459e-08,4.28292424e-06,-1.59620106e-06
2827,11.308000,0.000464202603,-0.00389432069,-0.00405072467,-5.07356599e-05,-0.00155661791,0.000612691278,-4.63104982e-07,2.5244849e-06,-6.0514617e-06,5.64700215e-08,4.28337216e-06,-1.59631838e-06
2828,11.312000,0.000468905549,-0.00388869597,-0.00401628204,-5.19030727e-05,-0.00156964571,0.000616042875,-4.63120045e-07,2.52415816e-06,-6.05444893e-06,5.74066341e-08,4.28293151e-06,-1.59620481e-06
2829,11.316000,0.000473506749,-0.0038832915,-0.00398235768,-5.30756079e-05,-0.00158226071,0.000619253376,-4.63097507e-07,2.52467953e-06,-6.0519119e-06,5.53055131e-08,4.28347357e-06,-1.59631486e-06
2830,11.320000,0.00047799875,-0.00387712265,-0.00394861586,-5.42313792e-05,-0.00159473857,0.000622468535,-4.63131357e-07,2.52429936e-06,-6.05477999e-06,5.92675278e-08,4.28316571e-06,-1.59620902e-06
2831,11.324000,0.000482412055,-0.00387033122,-0.00391481537,-5.53117134e-05,-0.001606907,0.000625602435,-4.63109586e-07,2.52458972e-06,-6.05171635e-06,5.76325228e-08,4.28325075e-06,-1.59631793e-06
2832,11.328000,0.000486722682,-0.00386355934,-0.00388174038,-5.64316288e-05,-0.00161880651,0.000628672075,-4.63114418e-07,2.52411496e-06,-6.05436526e-06,5.64769564e-08,4.28293242e-06,-1.59614729e-06
2833,11.332000,0.00049091503,-0.00385636766,-0.00384888984,-5.74751757e-05,-0.00163037283,0.000631639734,-4.63099695e-07,2.52476752e-06,-6.05212426e-06,5.62297799e-08,4.28347175e-06,-1.59590547e-06
2834,11.336000,0.000495009357,-0.00384868891,-0.00381549867,-5.84945083e-05,-0.00164167699,0.000634559663,-4.63131897e-07,2.5242723e-06,-6.05472815e-06,5.85711746e-08,4.28316935e-06,-1.59615286e-06
2835,11.340000,0.00049900217,-0.00384113309,-0.00378273521,-5.95049933e-05,-0.00165266101,0.000637377845,-4.63106602e-07,2.5246627e-06,-6.05189189e-06,5.83297251e-08,4.28324756e-06,-1.59614228e-06
2836,11.344000,0.000502904179,-0.00383425062,-0.00375132728,-6.04912639e-05,-0.00166334864,0.000640101265,-4.63108904e-07,2.52411951e-06,-6.054388e-06,5.99681798e-08,4.28292969e-06,-1.59608965e-06
2837,11.348000,0.000506695826,-0.00382627314,-0.00371860061,-6.1463099e-05,-0.00167374848,0.000642768107,-4.63097848e-07,2.52454925e-06,-6.05163632e-06,5.64705012e-08,4.28336716e-06,-1.5961424e-06
2838,11.352000,0.000510404352,-0.00381857762,-0.00368621806,-6.23641536e-05,-0.00168398395,0.000645413995,-4.63117772e-07,2.52423729e-06,-6.05465493e-06,5.76344661e-08,4.28293333e-06,-1.5961507e-06
2839,11.356000,0.00051402417,-0.00381109212,-0.00365510071,-6.32773153e-05,-0.00169387879,0.000647937763,-4.63087872e-07,2.52475843e-06,-6.05211699e-06,5.55314585e-08,4.28346721e-06,-1.59614069e-06
2840,11.360000,0.000517545501,-0.00380261266,-0.00362308184,-6.41602091e-05,-0.0017035699,0.000650437898,-4.63112031e-07,2.52436098e-06,-6.05494506e-06,5.92649982e-08,4.28338581e-06,-1.5961474e-06
2841,11.364000,0.000520986971,-0.0037935921,-0.00359103968,-6.50030561e-05,-0.00171298371,0.000652851188,-4.6312104e-07,2.52467044e-06,-6.05191917e-06,5.78604684e-08,4.28337535e-06,-1.59615161e-06
2842,11.368000,0.000524355099,-0.0037846663,-0.00356020639,-6.58617355e-05,-0.00172223663,0.000655236188,-4.63102339e-07,2.52419363e-06,-6.05456808e-06,6.04320007e-08,4.28304065e-06,-1.59608771e-06
2843,11.372000,0.000527648488,-0.00377584086,-0.00352985645,-6.66677952e-05,-0.00173114194,0.000657501863,-4.63100292e-07,2.52457403e-06,-6.05170271e-06,5.6235141e-08,4.28313342e-06,-1.59614297e-06
2844,11.376000,0.000530831516,-0.00376563054,-0.00349848531,-6.74701296e-05,-0.00173992547,0.000659785466,-4.63100292e-07,2.52429277e-06,-6.05479681e-06,5.78679717e-08,4.28314934e-06,-1.59614717e-06
2845,11.380000,0.000533933053,-0.00375540135,-0.00346731069,-6.82370737e-05,-0.00174841681,0.000661970815,-4.63106318e-07,2.52478389e-06,-6.05218474e-06,5.90223515e-08,4.28312796e-06,-1.59614751e-06
2846,11.384000,0.000536954962,-0.00374584342,-0.00343690393,-6.89877197e-05,-0.00175653724,0.000664015184,-4.6309043e-07,2.52415998e-06,-6.05449668e-06,5.95027281e-08,4.28315116e-06,-1.59608669e-06
2847,11.388000,0.000539904926,-0.00373664987,-0.0034073554,-6.97211362e-05,-0.0017646635,0.000666123815,-4.63104868e-07,2.52465361e-06,-6.05189007e-06,5.69291032e-08,4.28313433e-06,-1.59620618e-06
2848,11.392000,0.000542766647,-0.00372634968,-0.00337689649,-7.0437789e-05,-0.00177238777,0.000668084016,-4.63095603e-07,2.52429368e-06,-6.05480182e-06,5.74050674e-08,4.28314797e-06,-1.5962637e-06
2849,11.396000,0.000545545248,-0.00371638755,-0.00334683433,-7.11274333e-05,-0.00178002298,0.000670059817,-4.63107199e-07,2.52485029e-06,-6.0523389e-06,5.57655753e-08,4.28312751e-06,-1.59626507e-06
2850,11.400000,0.00054826471,-0.00370674976,-0.00331708929,-7.17989169e-05,-0.00178734621,0.000671916059,-4.63097109e-07,2.52443374e-06,-6.05512832e-06,5.92638827e-08,4.28314388e-06,-1.59626359e-06
2851,11.404000,-0.011475781,0.0131813828,0.0096715726,-0.000343283638,-0.0030284375,0.000943232328,-4.63101173e-07,2.5247607e-06,-6.05214154e-06,5.80930113e-08,4.28312342e-06,-1.59626097e-06
2852,11.408000,-0.0166710224,0.0176129714,0.0117282514,-0.000299505889,0.000645218417,-0.00121794268,-4.63091993e-07,2.52426662e-06,-6.05475088e-06,6.04332229e-08,4.28314934e-06,-1.59620254e-06
2853,11.412000,-0.0203554463,0.0199059434,0.012181228,-0.000336710364,0.000582514331,-0.00121822394,-4.63100918e-07,2.52466361e-06,-6.05192145e-06,5.64672646e-08,4.28312978e-06,-1.59631759e-06
2854,11.416000,-0.022782363,0.0215364508,0.0124042761,-0.000353576615,0.000548857264,-0.00121838041,-4.63093187e-07,2.52438372e-06,-6.05501873e-06,5.80991149e-08,4.28314206e-06,-1.59620311e-06
2855,11.420000,-0.0245125834,0.022835955,0.0125944093,-0.000363374129,0.000524315983,-0.00121848471,-4.63104357e-07,2.52487439e-06,-6.05240302e-06,5.9257367e-08,4.28312387e-06,-1.59631941e-06
2856,11.424000,-0.0258600656,0.0239358153,0.0127808452,-0.000369267538,0.000505066477,-0.00121855177,-4.63088782e-07,2.52425002e-06,-6.05471632e-06,5.97350152e-08,4.28314752e-06,-1.59614456e-06
2857,11.428000,-0.0269936882,0.0249065571,0.0129672904,-0.000372972339,0.000488810241,-0.00121862255,-4.63103305e-07,2.52474524e-06,-6.05210835e-06,5.71646552e-08,4.28312751e-06,-1.59614308e-06
2858,11.432000,-0.0280039441,0.0257899296,0.0131539106,-0.000375496224,0.00047428254,-0.00121866725,-4.63092675e-07,2.52438258e-06,-6.055016e-06,5.7635468e-08,4.28314388e-06,-1.59614433e-06
2859,11.436000,-0.0289398301,0.0266232435,0.0133661013,-0.000377131626,0.000461282209,-0.00121871941,-4.6310609e-07,2.52493965e-06,-6.05255354e-06,5.59967397e-08,4.28312251e-06,-1.59614456e-06
2860,11.440000,-0.0298276506,0.0274321735,0.0136271156,-0.000378023833,0.00044964999,-0.00121875294,-4.63095802e-07,2.52452128e-06,-6.05534251e-06,5.94933631e-08,4.28313797e-06,-1.59614683e-06
2861,11.444000,-0.0306817461,0.0282042213,0.0139049776,-0.00037855655,0.000438780524,-0.00121878646,-4.63104726e-07,2.52485074e-06,-6.05235709e-06,5.83280766e-08,4.2831266e-06,-1.59614592e-06
2862,11.448000,-0.0315098725,0.0289430544,0.0141890738,-0.000378882512,0.000428390689,-0.00121881627,-4.63090061e-07,2.52433961e-06,-6.05492869e-06,6.0429592e-08,4.28314615e-06,-1.59608896e-06
2863,11.452000,-0.0323167518,0.0296532214,0.0144740511,-0.000379061326,0.000418344513,-0.00121884793,-4.63101827e-07,2.52475434e-06,-6.05213381e-06,5.66947165e-08,4.28312887e-06,-1.59614422e-06
2864,11.456000,-0.0331046097,0.0303395167,0.0147579536,-0.00037923269,0.000408574007,-0.00121887028,-4.63092505e-07,2.52445625e-06,-6.05519153e-06,5.80978892e-08,4.28313888e-06,-1.59614433e-06
2865,11.460000,-0.0338750072,0.0310055092,0.0150400922,-0.000379325822,0.000399016775,-0.00121890754,-4.63105607e-07,2.52496397e-06,-6.0526163e-06,5.9490386e-08,4.2831216e-06,-1.59614581e-06
2866,11.464000,-0.000894030789,0.0200482681,0.00755495206,-0.000194434077,0.00179098826,-0.00121232821,-4.6308881e-07,2.52432346e-06,-6.05488958e-06,5.97345746e-08,4.28314615e-06,-1.59608589e-06
2867,11.468000,-0.000432614819,0.0190251768,0.00616311096,-9.86084342e-05,0.00170346722,-0.00121260365,-4.63103902e-07,2.52483392e-06,-6.05231708e-06,5.73952192e-08,4.28312615e-06,-1.59620436e-06
2868,11.472000,-0.000213254592,0.0191459823,0.00597019121,-4.56646085e-05,0.00168602332,-0.00121255661,-4.63090146e-07,2.5244542e-06,-6.05518926e-06,5.76342956e-08,4.28313979e-06,-1.59626109e-06
2869,11.476000,1.05524668e-05,0.0193065703,0.00594304316,-4.29078937e-05,-7.0940936e-05,-0.000201418879,-4.63105835e-07,2.52502855e-06,-6.05276091e-06,5.62264795e-08,4.2831166e-06,-1.59626256e-06
2870,11.480000,4.16429248e-05,0.0194269381,0.00593103655,-4.26582992e-05,-0.000198261812,-0.000138305302,-4.63100008e-07,2.52499854e-06,-6.05270043e-06,5.57623459e-08,4.28311432e-06,-1.59626029e-06
2871,11.484000,4.60912706e-05,0.0195466988,0.00590529479,-4.40590084e-05,-0.000218743226,-0.000130524277,-4.63097507e-07,2.52461564e-06,-6.05556443e-06,5.97276681e-08,4.28313433e-06,-1.5962637e-06
2872,11.488000,5.01006143e-05,0.0196681954,0.00587673299,-4.5530498e-05,-0.000237535452,-0.000123634876,-4.63102481e-07,2.52492646e-06,-6.05254127e-06,5.83239128e-08,4.28312296e-06,-1.5962629e-06
2873,11.492000,5.40906331e-05,0.0197895151,0.00584666245,-4.70019877e-05,-0.000256169587,-0.000116812706,-4.63093357e-07,2.52443306e-06,-6.05515106e-06,6.06638366e-08,4.28314434e-06,-1.59620697e-06
2874,11.496000,5.80471242e-05,0.0199102107,0.00581709854,-4.84287739e-05,-0.000274744583,-0.000109975052,-4.63096427e-07,2.52482891e-06,-6.05231526e-06,5.66941196e-08,4.28312569e-06,-1.59626359e-06
2875,11.500000,6.19451748e-05,0.0200301241,0.00578697212,-4.98704612e-05,-0.000292981975,-0.000103275059,-4.63093897e-07,2.52454788e-06,-6.05541209e-06,5.83268758e-08,4.28313979e-06,-1.59620367e-06
2876,11.504000,6.58216886e-05,0.0201488826,0.00575708412,-5.13084233e-05,-0.000311201671,-9.65521904e-05,-4.6310268e-07,2.52503969e-06,-6.05279911e-06,5.94881193e-08,4.28311614e-06,-1.59632009e-06
2877,11.508000,6.96833013e-05,0.0202661846,0.00572730228,-5.26942313e-05,-0.000329272589,-8.98737926e-05,-4.63097507e-07,2.52481732e-06,-6.05229616e-06,5.62293181e-08,4.28312524e-06,-1.5961441e-06
2878,11.512000,7.35254725e-05,0.0203829985,0.0056976378,-5.40837646e-05,-0.000347324647,-8.3184219e-05,-4.63094835e-07,2.52460268e-06,-6.05554078e-06,5.879631e-08,4.2831357e-06,-1.59614569e-06
2879,11.516000,7.73601932e-05,0.0204976853,0.00566809252,-5.54844737e-05,-0.000365291955,-7.6512224e-05,-4.63103703e-07,2.52504606e-06,-6.05281366e-06,5.92547451e-08,4.2831166e-06,-1.59614433e-06
2880,11.520000,8.11768696e-05,0.0206114203,0.0056392923,-5.68516552e-05,-0.000383251579,-6.98077492e-05,-4.6309799e-07,2.5248562e-06,-6.05238893e-06,5.64643088e-08,4.2831266e-06,-1.59608749e-06
2881,11.524000,0.000121456105,0.0369709469,-0.0537455492,0.119335569,-0.00116521213,0.000232713763,-4.63094864e-07,2.52460677e-06,-6.05555397e-06,5.85636251e-08,4.2831357e-06,-1.5962064e-06
2882,11.528000,0.00020540785,0.0409275666,-0.0751860291,0.142199337,-0.00115116732,0.00022283406,-4.63103078e-07,2.52508312e-06,-6.05290506e-06,5.94887268e-08,4.28311569e-06,-1.59632077e-06
2883,11.532000,0.000214071712,0.0472785905,-0.0804561228,0.14154759,-0.00118605187,0.00023362739,-4.63096853e-07,2.52487757e-06,-6.05244077e-06,5.64630511e-08,4.2831266e-06,-1.59614547e-06
2884,11.536000,0.000224850141,0.0522539057,-0.0839855671,0.141220316,-0.00123040145,0.000250063837,-4.6309458e-07,2.5246452e-06,-6.05564537e-06,5.87960898e-08,4.28313433e-06,-1.59614547e-06
2885,11.540000,0.000235587591,0.0560585186,-0.0864596665,0.141056582,-0.00127485069,0.000266831368,-4.63103532e-07,2.52510313e-06,-6.05295327e-06,5.94824456e-08,4.28311569e-06,-1.59614842e-06
2886,11.544000,0.000246344833,0.0589607432,-0.0882413909,0.140984207,-0.00131961377,0.000283946516,-4.63097791e-07,2.52489895e-06,-6.0524917e-06,5.64621914e-08,4.2831216e-06,-1.59608703e-06
2887,11.548000,0.000257097417,0.0611963421,-0.0895485207,0.140970811,-0.00136439782,0.000301191583,-4.63095546e-07,2.52466452e-06,-6.05569448e-06,5.87941038e-08,4.2831357e-06,-1.59620561e-06
2888,11.552000,0.00026786048,0.0629474595,-0.0905216783,0.140994996,-0.0014093644,0.000318601727,-4.63101998e-07,2.52512336e-06,-6.05300556e-06,5.94820655e-08,4.28311432e-06,-1.59632054e-06
2889,11.556000,0.000278647523,0.0643491298,-0.0912579969,0.141046077,-0.00145450048,0.000336197438,-4.63097109e-07,2.52492055e-06,-6.05254127e-06,5.64621772e-08,4.28312433e-06,-1.59614876e-06
2890,11.560000,0.00028939289,0.065498136,-0.0918248668,0.141114265,-0.00149946054,0.000353749143,-4.6309367e-07,2.52468726e-06,-6.05574542e-06,5.87914286e-08,4.28313251e-06,-1.59609067e-06
2891,11.564000,0.00030012615,0.0664636716,-0.0922695994,0.141194627,-0.00154445088,0.000371387927,-4.63104811e-07,2.52514633e-06,-6.0530565e-06,5.9486986e-08,4.28311341e-06,-1.59620492e-06
2892,11.568000,0.000310833566,0.067295,-0.0926262587,0.141281322,-0.00158945844,0.000389096094,-4.63097621e-07,2.52495693e-06,-6.05262812e-06,5.66948657e-08,4.28312251e-06,-1.59626597e-06
2893,11.572000,0.000321514904,0.0680285841,-0.0929196775,0.141374171,-0.00163432816,0.000406771433,-4.63094096e-07,2.52470795e-06,-6.05579498e-06,5.87924767e-08,4.28313297e-06,-1.59620618e-06
2894,11.576000,0.000332181109,0.0686894357,-0.0931666791,0.141467005,-0.0016792221,0.000424508471,-4.63101799e-07,2.52516679e-06,-6.05310788e-06,5.94883929e-08,4.28311068e-06,-1.59632373e-06
2895,11.580000,0.000342801446,0.0692946836,-0.0933807939,0.141562447,-0.00172389438,0.000442188466,-4.63098161e-07,2.5249783e-06,-6.05268042e-06,5.66966811e-08,4.2831216e-06,-1.5961466e-06
2896,11.584000,0.000330396462,0.0673816726,-0.182866976,0.313537747,-0.00210351031,0.00092057162,-4.63093812e-07,2.5247291e-06,-6.0558441e-06,5.87933258e-08,4.28313251e-06,-1.5961491e-06
2897,11.588000,0.000319542596,0.0928653032,-0.183404073,0.315814763,-0.00206386903,0.000900112325,-4.63104556e-07,2.52520454e-06,-6.05319428e-06,5.9715191e-08,4.28311205e-06,-1.59614706e-06
2898,11.592000,0.00032721879,0.106911696,-0.187706232,0.316044778,-0.00209833821,0.000913995376,-4.63098189e-07,2.52498239e-06,-6.05269042e-06,5.64620457e-08,4.28311932e-06,-1.59609056e-06
2899,11.596000,0.000337430043,0.115709707,-0.192001462,0.315772682,-0.00214296626,0.000931928051,-4.63095802e-07,2.5247657e-06,-6.05592868e-06,5.90227529e-08,4.28313115e-06,-1.59614945e-06
2900,11.600000,0.000348258764,0.121665448,-0.195459187,0.315446615,-0.00218192767,0.000945573091,-4.63101884e-07,2.5252084e-06,-6.05320611e-06,5.94851315e-08,4.2831125e-06,-1.59614956e-06
2901,11.604000,0.000359243946,0.125874028,-0.198060274,0.315178543,-0.00221727602,0.00095679966,-4.63098786e-07,2.52503537e-06,-6.05281457e-06,5.69233336e-08,4.28312114e-06,-1.59609215e-06
2902,11.608000,0.000370349502,0.128921941,-0.19996798,0.314979076,-0.00225308631,0.000968312845,-4.63100861e-07,2.52517475e-06,-6.05313289e-06,5.50632606e-08,4.28311432e-06,-1.59614854e-06
2903,11.612000,0.000381497201,0.131168634,-0.201355472,0.314837188,-0.0022891704,0.000980044832,-4.63105891e-07,2.52534119e-06,-6.05352079e-06,5.73885224e-08,4.28310568e-06,-1.59614797e-06
2904,11.616000,0.000392644433,0.132851213,-0.202362657,0.314739048,-0.00232531084,0.000991885201,-4.6310106e-07,2.5252134e-06,-6.05323203e-06,5.55270177e-08,4.28311114e-06,-1.59609249e-06
2905,11.620000,0.00040379609,0.134131655,-0.203096241,0.314674735,-0.00236158492,0.00100383954,-4.63106261e-07,2.52533096e-06,-6.0535026e-06,5.7151766e-08,4.28310568e-06,-1.59620697e-06
2906,11.624000,0.000414923532,0.135125101,-0.203631848,0.314632833,-0.0023978781,0.0010158621,-4.63101145e-07,2.52523728e-06,-6.05329478e-06,5.57609603e-08,4.28311114e-06,-1.59626813e-06
2907,11.628000,0.000426024199,0.135912076,-0.204025507,0.314606071,-0.00243404461,0.00102787476,-4.63103532e-07,2.52532209e-06,-6.05349123e-06,5.69227581e-08,4.28310932e-06,-1.59626654e-06
2908,11.632000,0.000437116949,0.13654995,-0.20431748,0.314590335,-0.00247024978,0.00103993341,-4.6310052e-07,2.52526115e-06,-6.05335663e-06,5.59898972e-08,4.28310977e-06,-1.59620936e-06
2909,11.636000,0.000448179198,0.137080729,-0.204536363,0.314581931,-0.00250629243,0.0010519363,-4.63103987e-07,2.52531277e-06,-6.0534785e-06,5.66895544e-08,4.28311114e-06,-1.59632691e-06
2910,11.640000,0.000459207688,0.137532756,-0.204702735,0.314578235,-0.00254243985,0.00106403022,-4.63099582e-07,2.52528389e-06,-6.05341666e-06,5.62228344e-08,4.28310886e-06,-1.59614831e-06
2911,11.644000,0.000316348625,0.137110263,-0.269240677,0.437521517,-0.00180611107,0.00121178105,-4.63104158e-07,2.52531936e-06,-6.05350033e-06,5.66887053e-08,4.28310886e-06,-1.59614899e-06
2912,11.648000,0.000310410745,0.15774262,-0.269867122,0.439220041,-0.00180182932,0.0012121466,-4.63101401e-07,2.5252898e-06,-6.05343894e-06,5.62236728e-08,4.28310932e-06,-1.59609294e-06
2913,11.652000,0.000316166785,0.169033289,-0.273514062,0.43928647,-0.00180826057,0.00121203624,-4.63104413e-07,2.52532595e-06,-6.05352625e-06,5.66892808e-08,4.28310932e-06,-1.59620868e-06
2914,11.656000,0.000323734479,0.176065922,-0.27710247,0.438960493,-0.00181742478,0.00121196406,-4.63100889e-07,2.52529685e-06,-6.05346349e-06,5.62216158e-08,4.28311023e-06,-1.59626848e-06
2915,11.660000,0.00033182581,0.180797935,-0.279971004,0.438603371,-0.00182723533,0.00121192029,-4.63101799e-07,2.52533391e-06,-6.05355035e-06,5.66870462e-08,4.28311068e-06,-1.59620856e-06
2916,11.664000,0.000340077095,0.184117511,-0.282113522,0.438301176,-0.00183714274,0.00121187931,-4.6310123e-07,2.52532095e-06,-6.05352398e-06,5.6455093e-08,4.28310977e-06,-1.59626882e-06
2917,11.668000,0.000348381232,0.18649672,-0.283671677,0.438061893,-0.00184696866,0.00121182902,-4.63100747e-07,2.52532527e-06,-6.05353944e-06,5.64548515e-08,4.28311159e-06,-1.5962122e-06
2918,11.672000,0.000356691191,0.188225791,-0.284791917,0.437876821,-0.00185671495,0.00121179083,-4.63101969e-07,2.52532914e-06,-6.05355081e-06,5.64519027e-08,4.28311114e-06,-1.59626961e-06
2919,11.676000,0.000364990905,0.18949613,-0.285590589,0.437729836,-0.00186640071,0.00121174846,-4.63100832e-07,2.52534937e-06,-6.05360219e-06,5.66881369e-08,4.28310932e-06,-1.59621084e-06
2920,11.680000,0.000373271527,0.190440223,-0.286156774,0.437610656,-0.00187602453,0.00121169863,-4.63101884e-07,2.52533732e-06,-6.05357718e-06,5.64588873e-08,4.28311114e-06,-1.59626779e-06
2921,11.684000,0.000381538877,0.191151217,-0.286555916,0.437511593,-0.00188558176,0.00121165207,-4.63100605e-07,2.52535779e-06,-6.05362538e-06,5.66864031e-08,4.28310886e-06,-1.59620856e-06
2922,11.688000,0.00038977433,0.191693485,-0.286835849,0.437427878,-0.00189511478,0.00121160131,-4.63101742e-07,2.52534551e-06,-6.05360219e-06,5.64566953e-08,4.28311114e-06,-1.59626711e-06
2923,11.692000,0.000398000702,0.192115575,-0.287029386,0.437353522,-0.00190460496,0.0012115594,-4.63100264e-07,2.52536597e-06,-6.05365176e-06,5.668592e-08,4.28310932e-06,-1.59620777e-06
2924,11.696000,0.000406189589,0.192450255,-0.28716141,0.437286258,-0.00191407697,0.00121150771,-4.631016e-07,2.52535528e-06,-6.05362857e-06,5.64551996e-08,4.28311159e-06,-1.59626745e-06
2925,11.700000,0.000414379174,0.19272244,-0.287249088,0.43722412,-0.00192356156,0.00121146534,-4.63100378e-07,2.52537575e-06,-6.05367859e-06,5.66891316e-08,4.28310886e-06,-1.59620822e-06
2926,11.704000,0.000232648337,0.199314639,-0.330030799,0.536558032,-0.000953970011,0.00121604465,-4.63102026e-07,2.52536324e-06,-6.05365312e-06,5.64557148e-08,4.28311114e-06,-1.59626995e-06
2927,11.708000,0.00022461405,0.216783956,-0.327996373,0.538577616,-0.00094347354,0.00121638551,-4.6309998e-07,2.52538325e-06,-6.0537036e-06,5.66888438e-08,4.28310932e-06,-1.59620822e-06
2928,11.712000,0.000227188691,0.225566685,-0.32990551,0.538799107,-0.00094392756,0.00121631194,-4.63101259e-07,2.52537279e-06,-6.05368132e-06,5.6456976e-08,4.28311159e-06,-1.59627018e-06
2929,11.716000,0.000231399201,0.230726093,-0.332291037,0.538553834,-0.000947224675,0.00121628679,-4.63100719e-07,2.5253928e-06,-6.05373179e-06,5.66891423e-08,4.28310796e-06,-1.59621084e-06
2930,11.720000,0.000236073043,0.234083891,-0.334303766,0.538236558,-0.000951288501,0.00121627562,-4.63102225e-07,2.52539621e-06,-6.0537418e-06,5.66846197e-08,4.28310841e-06,-1.59626984e-06
2931,11.724000,0.000240896828,0.236392871,-0.335829794,0.537945032,-0.000955515774,0.00121627282,-4.63101173e-07,2.52540281e-06,-6.05376044e-06,5.66898208e-08,4.28310705e-06,-1.59620799e-06
2932,11.728000,0.000245759729,0.238025695,-0.336939156,0.537698686,-0.000959758414,0.00121626165,-4.6310214e-07,2.52540713e-06,-6.05377045e-06,5.66884495e-08,4.28310705e-06,-1.59626654e-06
2933,11.732000,0.000250623561,0.239196077,-0.337728918,0.537491322,-0.000963945175,0.00121626165,-4.63101571e-07,2.5254119e-06,-6.05378455e-06,5.66853657e-08,4.28310705e-06,-1.59620686e-06
2934,11.736000,0.000255429652,0.24004057,-0.338283062,0.537314415,-0.000968066277,0.00121624582,-4.63102651e-07,2.5254169e-06,-6.05379819e-06,5.66867264e-08,4.2831075e-06,-1.59632395e-06
2935,11.740000,0.000260249246,0.240653977,-0.338665485,0.537160099,-0.000972176669,0.00121624209,-4.6310123e-07,2.52542077e-06,-6.05381274e-06,5.6685213e-08,4.28311023e-06,-1.59620913e-06
2936,11.744000,0.000265049515,0.241102561,-0.338923693,0.537021577,-0.000976287993,0.00121622253,-4.63102026e-07,2.52542691e-06,-6.05382729e-06,5.66888723e-08,4.28310841e-06,-1.59626688e-06
2937,11.748000,0.000269852579,0.241432011,-0.339093029,0.536894143,-0.000980431214,0.00121621788,-4.63101117e-07,2.52543282e-06,-6.05384321e-06,5.6691686e-08,4.28311114e-06,-1.59621015e-06
2938,11.752000,0.000274667051,0.241676494,-0.339197487,0.536774635,-0.000984587008,0.00121619646,-4.63101429e-07,2.52543714e-06,-6.05385503e-06,5.66886911e-08,4.28310977e-06,-1.59626995e-06
2939,11.756000,0.000279404921,0.241858691,-0.339257658,0.536661327,-0.000988700893,0.00121617969,-4.63100832e-07,2.52544214e-06,-6.05387049e-06,5.66874974e-08,4.28311023e-06,-1.59621209e-06
2940,11.760000,0.000284155365,0.24199836,-0.33928284,0.536551476,-0.000992854824,0.00121616852,-4.63101856e-07,2.52544532e-06,-6.05388141e-06,5.6686666e-08,4.28310796e-06,-1.59626904e-06
2941,11.764000,0.000148157589,0.245461658,-0.369368464,0.608237863,-0.000279657776,0.00121954829,-4.63101514e-07,2.52545101e-06,-6.0538955e-06,5.66877958e-08,4.28310886e-06,-1.59621118e-06
2942,11.768000,0.00014228723,0.256785274,-0.367471576,0.609586239,-0.000270268647,0.00121987332,-4.63102197e-07,2.52547034e-06,-6.05394052e-06,5.69168641e-08,4.2831075e-06,-1.5962695e-06
2943,11.772000,0.000143504702,0.26223889,-0.368473887,0.609686196,-0.000268347445,0.00121983979,-4.63100747e-07,2.52546033e-06,-6.05392052e-06,5.66885774e-08,4.28310977e-06,-1.59620924e-06
2944,11.776000,0.000145726837,0.265347809,-0.369891286,0.609458506,-0.000268411823,0.00121985562,-4.63102879e-07,2.52547989e-06,-6.05396599e-06,5.69170489e-08,4.28310796e-06,-1.59626802e-06
2945,11.780000,0.000148213934,0.267335743,-0.371107817,0.609178543,-0.000269007869,0.00121987239,-4.63101372e-07,2.52546852e-06,-6.0539428e-06,5.66907907e-08,4.28311114e-06,-1.59621027e-06
2946,11.784000,0.000150751788,0.268687785,-0.37202853,0.60891515,-0.000269694137,0.00121989101,-4.63102452e-07,2.52548944e-06,-6.05399464e-06,5.69189993e-08,4.2831075e-06,-1.59626779e-06
2947,11.788000,0.000153306639,0.26963225,-0.372691989,0.608680129,-0.000270443037,0.00121991336,-4.63101571e-07,2.52547807e-06,-6.05396781e-06,5.66827936e-08,4.28310932e-06,-1.59620902e-06
2948,11.792000,0.000155839138,0.270300031,-0.373155922,0.608472168,-0.000271099154,0.00121993106,-4.63102282e-07,2.52549944e-06,-6.05401829e-06,5.69169671e-08,4.28310705e-06,-1.59626813e-06
2949,11.796000,0.000158344163,0.270774007,-0.373470634,0.608282864,-0.000271793688,0.00121994596,-4.63101372e-07,2.52548716e-06,-6.05399373e-06,5.66851384e-08,4.28310796e-06,-1.59621129e-06
2950,11.800000,0.000160844764,0.271109641,-0.373676538,0.608108401,-0.000272482983,0.001219959,-4.63102623e-07,2.52550831e-06,-6.05404284e-06,5.69164555e-08,4.2831075e-06,-1.59626791e-06
2951,11.804000,0.000163348392,0.27134648,-0.373803288,0.607944369,-0.000273205107,0.00121996831,-4.63101031e-07,2.52549626e-06,-6.05401738e-06,5.66880374e-08,4.28310796e-06,-1.59621061e-06
2952,11.808000,0.000165852951,0.271510869,-0.373874605,0.607788146,-0.000273975427,0.00121998601,-4.63103248e-07,2.52551627e-06,-6.05406603e-06,5.69154821e-08,4.28310796e-06,-1.59627041e-06
2953,11.812000,0.000168354949,0.271624297,-0.373904884,0.607638121,-0.000274777296,0.00121998787,-4.63101657e-07,2.52552195e-06,-6.05408013e-06,5.69172194e-08,4.2831075e-06,-1.5962114e-06
2954,11.816000,0.000170841813,0.271701604,-0.37390551,0.607491672,-0.000275608385,0.00122000277,-4.63102879e-07,2.52552718e-06,-6.05409332e-06,5.69206478e-08,4.28310977e-06,-1.59626893e-06
2955,11.820000,0.000173346139,0.271751225,-0.373885661,0.607347786,-0.000276506762,0.00122002233,-4.63101628e-07,2.52553127e-06,-6.05410651e-06,5.69186369e-08,4.28310614e-06,-1.59620902e-06
2956,11.824000,0.000223913463,0.267001688,-0.389274418,0.630895793,-0.000341042061,0.00121973176,-4.63102765e-07,2.52553627e-06,-6.05411606e-06,5.69187719e-08,4.28310977e-06,-1.59626939e-06
2957,11.828000,0.000227440847,0.268966138,-0.389956027,0.630717158,-0.000343584572,0.00121993106,-4.63101657e-07,2.52554014e-06,-6.05412924e-06,5.69159297e-08,4.28310614e-06,-1.5962097e-06
2958,11.832000,0.000231189653,0.270154566,-0.390625924,0.630489111,-0.00034639868,0.00121994782,-4.63103078e-07,2.52554378e-06,-6.05413879e-06,5.69153684e-08,4.28310841e-06,-1.59626836e-06
2959,11.836000,0.000234950101,0.270939738,-0.391145766,0.630262196,-0.000349294045,0.00121996272,-4.63102168e-07,2.52554992e-06,-6.05415289e-06,5.6917866e-08,4.2831075e-06,-1.59620981e-06
2960,11.840000,0.000238715904,0.271479607,-0.391517103,0.630050302,-0.000352194882,0.0012199739,-4.63102822e-07,2.5255556e-06,-6.05416471e-06,5.69197418e-08,4.2831075e-06,-1.59626768e-06
2961,11.844000,0.00024246634,0.271855325,-0.391769946,0.629854441,-0.000355110154,0.00121998508,-4.63102083e-07,2.52555924e-06,-6.05417836e-06,5.69201148e-08,4.28310796e-06,-1.59621027e-06
2962,11.848000,0.000246215379,0.272118032,-0.391932577,0.629670501,-0.000358033343,0.00121998787,-4.63102623e-07,2.52556492e-06,-6.05418836e-06,5.69178624e-08,4.28310796e-06,-1.59627075e-06
2963,11.852000,0.0002499728,0.272299051,-0.392029583,0.629496217,-0.000360969338,0.00121999905,-4.63102367e-07,2.52556811e-06,-6.05420018e-06,5.6914466e-08,4.28310614e-06,-1.59621129e-06
2964,11.856000,0.000253701583,0.27242288,-0.392077863,0.62932837,-0.000363944448,0.00122000277,-4.6310285e-07,2.5255722e-06,-6.05421337e-06,5.69148533e-08,4.28310705e-06,-1.59627041e-06
2965,11.860000,0.000257404521,0.272504568,-0.392092258,0.629164815,-0.000366921071,0.00122001395,-4.63102168e-07,2.52557788e-06,-6.05422656e-06,5.69175107e-08,4.28310705e-06,-1.59621266e-06
2966,11.864000,0.000261111185,0.272556782,-0.392080456,0.629004061,-0.000369897345,0.00122002326,-4.6310322e-07,2.52559926e-06,-6.0542734e-06,5.71485543e-08,4.28310614e-06,-1.59627098e-06
2967,11.868000,0.000264811795,0.272586524,-0.392051339,0.628846347,-0.000372918788,0.00122002326,-4.63102339e-07,2.52558789e-06,-6.05424975e-06,5.69136667e-08,4.28310614e-06,-1.59621004e-06
2968,11.872000,0.000268523814,0.272600412,-0.392008871,0.628689587,-0.000375998789,0.0012200363,-4.63104499e-07,2.52560926e-06,-6.05429886e-06,5.71511691e-08,4.28310614e-06,-1.5962687e-06
2969,11.876000,0.000272230711,0.272603512,-0.391956836,0.628534436,-0.000379121047,0.00122003909,-4.63102083e-07,2.52559721e-06,-6.05427385e-06,5.69179122e-08,4.28310705e-06,-1.59620959e-06
2970,11.880000,0.000275935279,0.272598505,-0.391898185,0.628379703,-0.000382260536,0.00122003723,-4.63103845e-07,2.52561722e-06,-6.05431887e-06,5.71467496e-08,4.28310523e-06,-1.59626859e-06
2971,11.884000,0.00036027329,0.272001535,-0.380046606,0.602957368,-0.000894820085,0.00121764187,-4.63102424e-07,2.52560562e-06,-6.05429705e-06,5.69147112e-08,4.28310568e-06,-1.59620959e-06
2972,11.888000,0.000367740635,0.26833722,-0.380066514,0.602485001,-0.000903145177,0.00121746864,-4.63103902e-07,2.525627e-06,-6.05434343e-06,5.71478722e-08,4.28310659e-06,-1.59626927e-06
2973,11.892000,0.000373040326,0.266502142,-0.379349649,0.602343857,-0.000909394352,0.00121744815,-4.63102879e-07,2.52561586e-06,-6.05431751e-06,5.69147929e-08,4.28310523e-06,-1.59621197e-06
2974,11.896000,0.000378147233,0.265407532,-0.378604591,0.60227555,-0.000915241893,0.00121742208,-4.6310393e-07,2.52563609e-06,-6.05436571e-06,5.7147659e-08,4.28310614e-06,-1.59626893e-06
2975,11.900000,0.000383223873,0.264678329,-0.377985299,0.602206171,-0.000921015861,0.00121740345,-4.63102282e-07,2.5256254e-06,-6.05434525e-06,5.69181111e-08,4.28310477e-06,-1.59621197e-06
2976,11.904000,0.000419350807,0.264166653,-0.377499819,0.60212338,-0.000922869192,0.00121739693,-4.631043e-07,2.5256445e-06,-6.05439027e-06,5.71488208e-08,4.28310386e-06,-1.59627052e-06
2977,11.908000,0.000487499405,0.263796538,-0.377125442,0.602025867,-0.000922673615,0.00121740531,-4.6310231e-07,2.52565087e-06,-6.05440391e-06,5.71509489e-08,4.28310477e-06,-1.59621209e-06
2978,11.912000,0.000562783331,0.263527215,-0.376834542,0.601915777,-0.000922420295,0.00121741742,-4.63103987e-07,2.52565542e-06,-6.05441392e-06,5.71464298e-08,4.28310568e-06,-1.59627155e-06
2979,11.916000,0.000639279839,0.263327092,-0.376606464,0.601795316,-0.000922183273,0.00121742953,-4.63102481e-07,2.52566042e-06,-6.05442756e-06,5.71492187e-08,4.28310477e-06,-1.59621015e-06
2980,11.920000,0.000715511385,0.263180822,-0.376422256,0.601666927,-0.000921990257,0.0012174407,-4.63103788e-07,2.52566406e-06,-6.05443802e-06,5.71441099e-08,4.28310523e-06,-1.59626904e-06
2981,11.924000,0.000797148328,0.263070166,-0.3762725,0.601532817,-0.000921759289,0.00121745933,-4.63102907e-07,2.52566929e-06,-6.05445121e-06,5.71453e-08,4.28310386e-06,-1.59620981e-06
2982,11.928000,0.000882450491,0.262985855,-0.376147538,0.601395249,-0.000921485014,0.0012174733,-4.63103561e-07,2.52567497e-06,-6.05446394e-06,5.71459395e-08,4.28310477e-06,-1.59626973e-06
2983,11.932000,0.000968412962,0.262919754,-0.376041323,0.601254106,-0.000921219587,0.00121748634,-4.63102708e-07,2.52567929e-06,-6.0544744e-06,5.71442378e-08,4.28310523e-06,-1.59621084e-06
2984,11.936000,0.001053744,0.26286763,-0.375947922,0.601110756,-0.000920967199,0.00121750869,-4.63104442e-07,2.52568475e-06,-6.05448895e-06,5.71475738e-08,4.28310477e-06,-1.59626939e-06
2985,11.940000,0.00113831135,0.262826204,-0.375863671,0.600964427,-0.000920770923,0.00121752825,-4.63103191e-07,2.52568861e-06,-6.0544985e-06,5.7146039e-08,4.28310386e-06,-1.59621072e-06
2986,11.944000,0.000863212161,0.225146949,-0.094544068,-0.000152209774,-0.00311708357,0.00120720046,-4.63105209e-07,2.52569475e-06,-6.05451078e-06,5.71460461e-08,4.28310432e-06,-1.5962695e-06
2987,11.948000,0.000888370443,0.132240385,-0.0875899792,-0.000158769079,-0.00316149718,0.00120598474,-4.63102708e-07,2.52569862e-06,-6.05452306e-06,5.71452148e-08,4.28310295e-06,-1.59621254e-06
2988,11.952000,0.000885893125,0.0850793123,-0.0633034259,-0.000159570947,-0.00316005596,0.00120497646,-4.63104612e-07,2.52570362e-06,-6.05453351e-06,5.71438221e-08,4.28310614e-06,-1.59627291e-06
2989,11.956000,0.000882608118,0.0557632074,-0.0412270278,-0.000158658717,-0.0031525786,0.00120434107,-4.63103135e-07,2.52570953e-06,-6.05454761e-06,5.71498049e-08,4.28310341e-06,-1.596213e-06
2990,11.960000,0.000879890285,0.0357458517,-0.024255842,-0.000157878734,-0.0031461874,0.00120402197,-4.63105494e-07,2.52571317e-06,-6.05455625e-06,5.71422518e-08,4.28310386e-06,-1.59627177e-06
2991,11.964000,0.00087776361,0.0216017067,-0.0118156411,-0.000157414936,-0.00314171473,0.00120387354,-4.63104499e-07,2.52573523e-06,-6.05460946e-06,5.73814383e-08,4.2831025e-06,-1.59621334e-06
2992,11.968000,0.000875702826,0.0111074932,-0.00471095787,-0.000144040678,-0.00312578003,0.00120388134,-4.63105266e-07,2.52572408e-06,-6.05458172e-06,5.71501673e-08,4.28310432e-06,-1.59626973e-06
2993,11.972000,0.000874184305,0.00766045973,-0.00169302849,-0.000113633927,-0.00308856508,0.00120402628,-4.63103476e-07,2.52574478e-06,-6.05463174e-06,5.73790011e-08,4.28310159e-06,-1.59621004e-06
2994,11.976000,0.000873381738,0.00657784333,-0.000571498182,-0.000103148166,-0.00307385926,0.00120408938,-4.63105863e-07,2.52573273e-06,-6.05460536e-06,5.71458401e-08,4.28310386e-06,-1.59626973e-06
2995,11.980000,0.00087283575,0.00617044792,-0.000189041253,-9.97912139e-05,-0.00306913815,0.0012041044,-4.63103362e-07,2.52575364e-06,-6.0546522e-06,5.73760275e-08,4.2831025e-06,-1.59621038e-06
2996,11.984000,0.000872354954,0.00599185424,-6.69499859e-05,-9.88803804e-05,-0.00306792697,0.00120410253,-4.63105948e-07,2.54064389e-06,-6.05462628e-06,5.71484833e-08,4.28310295e-06,-1.59626973e-06
2997,11.988000,0.000871871831,0.00589310098,-3.50307673e-05,-9.88962129e-05,-0.00306790601,0.00120409706,-4.63128771e-07,2.5267509e-06,-6.05693049e-06,5.73669752e-08,4.28306657e-06,-1.59609874e-06
2998,11.992000,0.000871390337,0.00582255097,-3.42908315e-05,-9.92021523e-05,-0.00306827738,0.00120408949,-4.63090885e-07,2.52469522e-06,-6.06344929e-06,5.66961731e-08,4.28326939e-06,-1.59615865e-06
2999,11.996000,0.00087089045,0.00576217007,-4.41176817e-05,-9.95611772e-05,-0.00306875142,0.00120407983,-4.63143863e-07,2.52712334e-06,-6.06522099e-06,5.80548054e-08,4.28282601e-06,-1.59593196e-06
3000,12.000000,0.000870375661,0.00570606254,-5.72074205e-05,-9.995047e-05,-0.00306921685,0.00120407238,-4.63103362e-07,2.52605923e-06,-6.07397806e-06,6.11012538e-08,4.28297062e-06,-1.59592264e-06
3001,12.004000,0.000410387293,0.0528732128,-0.253856629,0.545789421,-0.000770487241,0.00121487305,-4.63136701e-07,2.52715972e-06,-6.08390428e-06,5.8055182e-08,4.28327621e-06,-1.59598403e-06
3002,12.008000,0.00028064521,0.137330621,-0.256898344,0.541815996,-0.000731244218,0.00121751428,-4.63200195e-07,2.52933569e-06,-6.07764059e-06,6.10468334e-08,4.28284693e-06,-1.59622277e-06
3003,12.012000,0.000282012625,0.179724842,-0.275781274,0.536890924,-0.000738767674,0.00121697783,-4.6316589e-07,2.5283814e-06,-6.07919037e-06,5.75704391e-08,4.28287558e-06,-1.5961599e-06
3004,12.016000,0.000287616625,0.205288991,-0.293182909,0.530932486,-0.00075462414,0.00121683534,-4.63178708e-07,2.5290376e-06,-6.07694301e-06,5.42979635e-08,4.28284693e-06,-1.59598289e-06
3005,12.020000,0.000293177553,0.222144634,-0.306526333,0.525293648,-0.000770875718,0.00121689495,-4.63172086e-07,2.52870063e-06,-6.07990114e-06,5.9658916e-08,4.28285603e-06,-1.59615831e-06
3006,12.024000,0.000298272585,0.233674332,-0.316065729,0.52020973,-0.000785842305,0.00121700391,-4.63179362e-07,2.5288648e-06,-6.07653419e-06,5.68638931e-08,4.28285193e-06,-1.59598346e-06
3007,12.028000,0.000302832108,0.24161838,-0.322594732,0.515635967,-0.000799332047,0.0012171166,-4.63173052e-07,2.52840027e-06,-6.07920083e-06,5.66351801e-08,4.2828724e-06,-1.59615718e-06
3008,12.032000,0.000307001639,0.247037888,-0.326865166,0.511476874,-0.000811606413,0.00121721253,-4.63183881e-07,2.52892187e-06,-6.07665061e-06,5.5225776e-08,4.28284693e-06,-1.59598096e-06
3009,12.036000,0.000310853589,0.250647038,-0.329475075,0.507643998,-0.000822871923,0.00121727586,-4.63174501e-07,2.52842278e-06,-6.07923994e-06,5.82631685e-08,4.28287058e-06,-1.59615922e-06
3010,12.040000,0.000314471079,0.252949953,-0.330875009,0.50406754,-0.000833385391,0.00121732522,-4.63183e-07,2.52871678e-06,-6.07616994e-06,5.7329224e-08,4.28285739e-06,-1.59598528e-06
3011,12.044000,0.000317907659,0.254307956,-0.331398606,0.500694633,-0.000843290938,0.00121733826,-4.63171233e-07,2.52813857e-06,-6.07858283e-06,5.54759723e-08,4.28288013e-06,-1.59615888e-06
3012,12.048000,0.000321191736,0.254984766,-0.331290156,0.497485936,-0.000852729776,0.00121733267,-4.63174757e-07,2.5283573e-06,-6.07907077e-06,5.9198598e-08,4.28287058e-06,-1.59604156e-06
3013,12.052000,0.000324378256,0.255169272,-0.330729604,0.494411081,-0.000861783396,0.00121731404,-4.63171631e-07,2.52809809e-06,-6.07847323e-06,5.98985466e-08,4.2828824e-06,-1.59610079e-06
3014,12.056000,0.000327456044,0.255003005,-0.329845637,0.4914473,-0.000870543299,0.00121729542,-4.63165065e-07,2.52796031e-06,-6.07814718e-06,5.85053428e-08,4.28288286e-06,-1.5960369e-06
3015,12.060000,0.000330475625,0.254586071,-0.32873559,0.488580108,-0.000879061059,0.00121726189,-4.6317129e-07,2.52798486e-06,-6.07819265e-06,5.94382072e-08,4.28288331e-06,-1.59609681e-06
3016,12.064000,0.000418384327,0.246050403,-0.249731809,0.313052356,-0.00136453868,0.00121498387,-4.63167112e-07,2.52787936e-06,-6.07794072e-06,5.85082844e-08,4.28288513e-06,-1.59603701e-06
3017,12.068000,0.000431678491,0.221200049,-0.248304129,0.308469653,-0.00138679205,0.00121427281,-4.6317254e-07,2.52787004e-06,-6.07791071e-06,5.89711462e-08,4.2828874e-06,-1.59609908e-06
3018,12.072000,0.00043402845,0.208651632,-0.241916999,0.306137294,-0.00139542483,0.00121403858,-4.63167453e-07,2.52779614e-06,-6.07773154e-06,5.85081459e-08,4.28288649e-06,-1.59603781e-06
3019,12.076000,0.000435641268,0.200867742,-0.235460579,0.304281652,-0.00140135782,0.00121379364,-4.63173649e-07,2.52776999e-06,-6.07766333e-06,5.87379105e-08,4.28288877e-06,-1.59609476e-06
3020,12.080000,0.00043727248,0.195392847,-0.22994718,0.302440464,-0.00140701572,0.00121360412,-4.63168249e-07,2.52771383e-06,-6.077526e-06,5.85109348e-08,4.28289195e-06,-1.59603724e-06
3021,12.084000,0.000438984949,0.191282585,-0.225407928,0.300525129,-0.00141287665,0.00121345185,-4.63174644e-07,2.52767177e-06,-6.0774214e-06,5.85103095e-08,4.28289377e-06,-1.59609749e-06
3022,12.088000,0.000440790085,0.188081458,-0.221668631,0.298539579,-0.00141902198,0.00121333078,-4.63169044e-07,2.52761561e-06,-6.07727998e-06,5.82785304e-08,4.28289331e-06,-1.59603894e-06
3023,12.092000,0.000442645745,0.185524672,-0.218545794,0.29650709,-0.00142532901,0.00121322554,-4.63174928e-07,2.52757491e-06,-6.07718403e-06,5.82785908e-08,4.28289604e-06,-1.59609795e-06
3024,12.096000,0.000444574049,0.183437288,-0.215887666,0.294448733,-0.00143178995,0.00121313334,-4.63170181e-07,2.52753443e-06,-6.07708034e-06,5.82805875e-08,4.2828965e-06,-1.59603633e-06
3025,12.100000,0.000446514459,0.181696653,-0.213579118,0.292381793,-0.00143831375,0.00121305697,-4.63175382e-07,2.52747759e-06,-6.07694255e-06,5.80470356e-08,4.28289968e-06,-1.59609829e-06
3026,12.104000,0.000448459992,0.180213019,-0.211535066,0.290318131,-0.00144485524,0.00121299829,-4.6316876e-07,2.52743598e-06,-6.07684296e-06,5.80464743e-08,4.28289604e-06,-1.59603735e-06
3027,12.108000,0.000450397376,0.178921953,-0.209692076,0.288268656,-0.00145137077,0.00121292751,-4.63180157e-07,2.52739551e-06,-6.07674338e-06,5.80496859e-08,4.28290105e-06,-1.59609522e-06
3028,12.112000,-0.00196311623,0.0116075836,0.00413194299,0.263713956,0.0230926573,0.00823411345,-4.63170181e-07,2.52733889e-06,-6.07660195e-06,5.78161661e-08,4.28290195e-06,-1.59603519e-06
3029,12.116000,0.000799269648,-0.0536879636,-0.0875222832,0.089666985,0.0096590938,0.0017266497,-4.63178338e-07,2.52729797e-06,-6.07650463e-06,5.7816596e-08,4.28290741e-06,-1.59609795e-06
3030,12.120000,0.00134161627,-0.0826959088,-0.130275786,0.140007049,-0.000451362925,0.0217327923,-4.63167282e-07,2.52725863e-06,-6.07640823e-06,5.78214241e-08,4.28290241e-06,-1.59603417e-06
3031,12.124000,0.00120519311,-0.0322686657,-0.0509651005,0.0543671772,0.000950488728,0.0131535474,-4.63174757e-07,2.52679774e-06,-6.07907896e-06,6.13208613e-08,4.28293015e-06,-1.59609749e-06
3032,12.128000,0.001149202,-0.0317895114,-0.0508833677,0.054049179,0.00221633841,0.0128099946,-4.63180953e-07,2.52708219e-06,-6.07598258e-06,5.64271332e-08,4.28314615e-06,-1.59603883e-06
3033,12.132000,0.00121290842,-0.031931445,-0.0510078855,0.0550353974,0.00228058314,0.0131821083,-4.63192436e-07,2.5267841e-06,-6.07902803e-06,5.85260622e-08,4.28294197e-06,-1.59610522e-06
3034,12.136000,0.00109066931,-0.0323222503,-0.0513161942,0.0553830899,0.00166095269,0.0134844463,-4.63192407e-07,2.52717882e-06,-6.07618767e-06,5.89816409e-08,4.28314524e-06,-1.59604076e-06
3035,12.140000,0.00118600437,-0.0315657333,-0.0500354096,0.0536434874,0.00150191016,0.0130644599,-4.63185472e-07,2.52653695e-06,-6.07845004e-06,5.99207581e-08,4.28294379e-06,-1.59609885e-06
3036,12.144000,0.000909807859,-0.0312221069,-0.049491141,0.0528738722,0.000643227249,0.0133954827,-4.63188144e-07,2.52695077e-06,-6.07564698e-06,5.68916647e-08,4.28315434e-06,-1.59603803e-06
3037,12.148000,0.000982809579,-0.0310869832,-0.0491763763,0.0527341254,0.000738653587,0.0131881814,-4.63184563e-07,2.52655718e-06,-6.07847596e-06,5.75982213e-08,4.28294106e-06,-1.59610045e-06
3038,12.152000,0.000936205965,-0.0311519578,-0.0490963347,0.0523560531,0.000480216229,0.0134559851,-4.63187035e-07,2.52703035e-06,-6.07581478e-06,5.54904176e-08,4.28314752e-06,-1.59609499e-06
3039,12.156000,0.000998395262,-0.0304457117,-0.0482356362,0.0514298454,0.00100593804,0.0129513089,-4.63185472e-07,2.52658356e-06,-6.07852553e-06,5.92255738e-08,4.28293697e-06,-1.59609885e-06
3040,12.160000,0.00102293701,-0.0308469385,-0.0487759225,0.0522472225,0.000919664162,0.0135645103,-4.63205822e-07,2.52456584e-06,-6.07021411e-06,5.99580474e-08,4.28380417e-06,-1.59607907e-06
3041,12.164000,0.000950401649,-0.030659752,-0.0490814112,0.0531754717,-0.00131579884,0.0141149126,-4.6321702e-07,2.52422728e-06,-6.05081004e-06,6.01971237e-08,4.28359408e-06,-1.59608101e-06
3042,12.168000,0.0010245631,-0.0306950454,-0.0486312881,0.052716203,0.000635460718,0.0134291016,-4.63146904e-07,2.5207994e-06,-6.04677325e-06,5.88606035e-08,4.28374369e-06,-1.59619754e-06
3043,12.172000,0.00104640191,-0.0304509085,-0.0478985198,0.051536154,0.00125156902,0.0133756371,-4.63106403e-07,2.51958977e-06,-6.05148671e-06,6.02797812e-08,4.28378689e-06,-1.59636716e-06
3044,12.176000,0.00114093465,-0.029865738,-0.047305692,0.0505848192,0.00195184699,0.0131983291,-4.63091084e-07,2.52243717e-06,-6.05420564e-06,5.62743026e-08,4.28299018e-06,-1.59591696e-06
3045,12.180000,0.00100290775,-0.0293849558,-0.0459872186,0.0488508008,0.000921722851,0.0132677695,-4.63073548e-07,2.52351697e-06,-6.05293417e-06,5.83442556e-08,4.28338399e-06,-1.59590309e-06
3046,12.184000,0.000888248556,-0.0100345053,-0.015950352,0.0175143015,0.000116847223,0.00789587758,-4.63098644e-07,2.52336281e-06,-6.05258583e-06,5.97475207e-08,4.28294152e-06,-1.5961449e-06
3047,12.188000,0.000596212223,-0.00956907216,-0.0150710922,0.0167916771,-0.000864738366,0.00812625326,-4.63072837e-07,2.52324298e-06,-6.0523098e-06,5.78868757e-08,4.28339808e-06,-1.5960801e-06
3048,12.192000,0.000796996756,-0.00931562483,-0.0148833878,0.0166889783,-0.000457438669,0.00788302347,-4.63095091e-07,2.52335099e-06,-6.05255718e-06,5.92800475e-08,4.28340627e-06,-1.59620231e-06
3049,12.196000,0.000809910242,-0.00952541921,-0.0151812844,0.0170477908,-9.62659251e-05,0.00824178196,-4.63084945e-07,2.52329642e-06,-6.05243122e-06,5.8350146e-08,4.28340354e-06,-1.59631645e-06
3050,12.200000,0.000677597942,-0.00880197342,-0.0138983596,0.0148173627,-0.000741291209,0.00810858235,-4.6309205e-07,2.52335713e-06,-6.05256992e-06,5.90465881e-08,4.28340445e-06,-1.59620163e-06
3051,12.204000,0.000658354489,-0.00829043891,-0.0132836401,0.0140974186,-0.00130989333,0.00825011171,-4.63086877e-07,2.52333348e-06,-6.05251716e-06,5.85797082e-08,4.28340309e-06,-1.59631566e-06
3052,12.208000,0.000754088396,-0.00876305159,-0.0140772127,0.0155043118,-0.000208328129,0.00791452359,-4.63091197e-07,2.52336076e-06,-6.0525781e-06,5.88121267e-08,4.28340491e-06,-1.59620345e-06
3053,12.212000,0.000698116841,-0.0088757081,-0.0143532977,0.0164746717,-0.000658870325,0.00827811565,-4.63078777e-07,2.52337054e-06,-6.05259993e-06,5.88142655e-08,4.28339808e-06,-1.59631486e-06
3054,12.216000,0.000820840592,-0.00870406721,-0.0138591286,0.0162670035,-0.00054653734,0.00803738739,-4.63082188e-07,2.52338054e-06,-6.05262539e-06,5.881558e-08,4.28340218e-06,-1.59620004e-06
3055,12.220000,0.000623731175,-0.00855001342,-0.0137008317,0.0160658006,-0.00138028478,0.00819008332,-4.63079346e-07,2.52339146e-06,-6.05264677e-06,5.88186673e-08,4.28339899e-06,-1.59631509e-06
3056,12.224000,0.000714198453,-0.00769762788,-0.0125393085,0.0138447322,-0.0013840415,0.00815183856,-4.6307872e-07,2.5234001e-06,-6.05267178e-06,5.88116222e-08,4.28339672e-06,-1.59619742e-06
3057,12.228000,0.000670299865,-0.00732698198,-0.0117445812,0.0125672538,-0.000876890612,0.00800506677,-4.63076105e-07,2.52341101e-06,-6.05269406e-06,5.88127023e-08,4.28339536e-06,-1.5963152e-06
3058,12.232000,0.000694160117,-0.00747850817,-0.012203645,0.0132200699,-0.00109619705,0.00791932456,-4.63075338e-07,2.52343852e-06,-6.05275682e-06,5.90469149e-08,4.28339354e-06,-1.5961981e-06
3059,12.236000,0.000882302877,-0.00722974725,-0.0119233131,0.0129461754,0.000152067732,0.00788756274,-4.63072297e-07,2.52343125e-06,-6.05274226e-06,5.88113167e-08,4.28339354e-06,-1.59631168e-06
3060,12.240000,0.000650916947,-0.00694935769,-0.0113879703,0.0123865549,-0.00141724944,0.00819109753,-4.63070933e-07,2.52345876e-06,-6.05280366e-06,5.90444884e-08,4.28339263e-06,-1.59619492e-06
3061,12.244000,0.000690395478,-0.00667439215,-0.0105228256,0.0109849945,-0.00171972648,0.00793028064,-4.63069171e-07,2.52345171e-06,-6.05278728e-06,5.88122013e-08,4.28339035e-06,-1.59631043e-06
3062,12.248000,0.000742717413,-0.0061598802,-0.0100359786,0.0104556344,-0.000655753131,0.00804027729,-4.63068744e-07,2.523479e-06,-6.05285049e-06,5.90458136e-08,4.28338944e-06,-1.59619435e-06
3063,12.252000,0.000521340407,-0.00699906144,-0.0113322027,0.0128115509,-0.00255734776,0.00826334767,-4.63066044e-07,2.523474e-06,-6.05283731e-06,5.88133631e-08,4.28338808e-06,-1.59631236e-06
3064,12.256000,0.000687976368,-0.00656207092,-0.0105852056,0.0114843789,-0.00117562292,0.00813734345,-4.63065277e-07,2.52350083e-06,-6.05290006e-06,5.9045437e-08,4.28338672e-06,-1.59619412e-06
3065,12.260000,0.000613713171,-0.00628523156,-0.0102299713,0.0112457294,-0.00144705107,0.00806020014,-4.6306215e-07,2.5235106e-06,-6.05292144e-06,5.90442397e-08,4.28338444e-06,-1.5963077e-06
3066,12.264000,0.000576266553,-0.00584059302,-0.00980012864,0.0106862728,-0.00180848408,0.00841364637,-4.63061184e-07,2.52352038e-06,-6.05294599e-06,5.904446e-08,4.28291742e-06,-1.59619151e-06
3067,12.268000,0.000664499588,-0.00564286206,-0.00929351896,0.0101429056,-0.00180264469,0.00831674132,-4.63036429e-07,2.52352811e-06,-6.05296646e-06,5.90417031e-08,4.2829015e-06,-1.59630008e-06
3068,12.272000,0.00070441328,-0.00619605556,-0.0101070367,0.0113338102,-0.00101556233,0.00840336829,-4.6302651e-07,2.5235388e-06,-6.05298828e-06,5.90453801e-08,4.28289741e-06,-1.59617935e-06
3069,12.276000,0.000507727498,-0.00568105467,-0.00939460471,0.0109546334,-0.00177051325,0.00823366642,-4.63034354e-07,2.52354857e-06,-6.05301011e-06,5.90427156e-08,4.28289923e-06,-1.59630054e-06
3070,12.280000,0.000739128096,-0.00536117796,-0.0088452287,0.00924759358,-0.00091367407,0.0080380477,-4.63032364e-07,2.52355881e-06,-6.05303148e-06,5.90410068e-08,4.28289513e-06,-1.5961806e-06
3071,12.284000,0.000715666218,-0.00502594281,-0.00837367959,0.00946364179,-0.00114986417,0.00801078603,-4.63040237e-07,2.52358586e-06,-6.05309333e-06,5.92784346e-08,4.28290377e-06,-1.59630304e-06
3072,12.288000,0.000517612789,-0.00555722881,-0.00888125598,0.0101273507,-0.00253610965,0.00849842094,-4.63036741e-07,2.52358086e-06,-6.05308014e-06,5.90475437e-08,4.2829015e-06,-1.59618207e-06
3073,12.292000,0.000637837918,-0.00529273693,-0.00889300555,0.0102725979,-0.00159842626,0.00829798728,-4.63044728e-07,2.52360587e-06,-6.05313517e-06,5.92717058e-08,4.28290605e-06,-1.5963011e-06
3074,12.296000,0.000593527686,-0.00568077154,-0.00902741216,0.00999249145,-0.00183844334,0.00823217817,-4.6305243e-07,2.52360019e-06,-6.05312289e-06,5.90453944e-08,4.28290878e-06,-1.59618878e-06
3075,12.300000,0.000661940197,-0.00470434222,-0.00761753879,0.00818306115,-0.00150803139,0.00812870637,-4.6305999e-07,2.52362634e-06,-6.05318291e-06,5.92740079e-08,4.28291332e-06,-1.59630576e-06
3076,12.304000,0.000628553564,-0.00519377459,-0.00888875499,0.010753586,-0.00136888074,0.0084989965,-4.63057205e-07,2.52363816e-06,-6.05320702e-06,5.92760827e-08,4.2829106e-06,-1.5961906e-06
3077,12.308000,0.000662879087,-0.00543440133,-0.00915874913,0.0114227515,-0.00157221919,0.00875361264,-4.63062946e-07,2.52364725e-06,-6.05322793e-06,5.92727147e-08,4.28291696e-06,-1.5963069e-06
3078,12.312000,0.000428791158,-0.00455885939,-0.00753383804,0.00824101362,-0.00295919925,0.00847698003,-4.63060758e-07,2.52365862e-06,-6.05325204e-06,5.92770562e-08,4.28291287e-06,-1.59618867e-06
3079,12.316000,0.000611832831,-0.00489554554,-0.00796478149,0.00950926542,-0.00172740524,0.00850151107,-4.63066698e-07,2.5236684e-06,-6.05327432e-06,5.92732725e-08,4.28291696e-06,-1.59630736e-06
3080,12.320000,0.000731648644,-0.00485524535,-0.00811373536,0.00950264558,-0.000815714477,0.00838818401,-4.63065589e-07,2.52367863e-06,-6.05329978e-06,5.92778022e-08,4.2829156e-06,-1.5961914e-06
3081,12.324000,0.000561977271,-0.00473496504,-0.0080293892,0.00987580977,-0.00267093629,0.0083526345,-4.63069739e-07,2.52368886e-06,-6.05332116e-06,5.92789746e-08,4.28291878e-06,-1.5963102e-06
3082,12.328000,0.000664027873,-0.00450770929,-0.00744218472,0.00827842951,-0.00165646581,0.00858493708,-4.63068915e-07,2.5236991e-06,-6.05334299e-06,5.92767506e-08,4.28291787e-06,-1.59619333e-06
3083,12.332000,0.000636925921,-0.00455172779,-0.00767603237,0.0091018118,-0.00119092281,0.00843067188,-4.63074656e-07,2.52372547e-06,-6.0534021e-06,5.95080749e-08,4.28291833e-06,-1.5963102e-06
3084,12.336000,0.000462063355,-0.00381212588,-0.00665272493,0.00737365335,-0.00244088192,0.00834511127,-4.63072666e-07,2.52371956e-06,-6.05338937e-06,5.92781468e-08,4.28292014e-06,-1.59619242e-06
3085,12.340000,0.000565723982,-0.00439603487,-0.00741851609,0.00843488332,-0.00210289075,0.00861469656,-4.63078436e-07,2.52374662e-06,-6.0534494e-06,5.95075029e-08,4.28338535e-06,-1.59630861e-06
3086,12.344000,0.000620438484,-0.00410923408,-0.00699295104,0.00810967945,-0.00155491801,0.00818995759,-4.63101856e-07,2.5237423e-06,-6.05343439e-06,5.92707181e-08,4.28293606e-06,-1.59620322e-06
3087,12.348000,0.000611858442,-0.00399887422,-0.00696187466,0.00844099931,-0.00143427949,0.00836393144,-4.63078521e-07,2.52376708e-06,-6.05349351e-06,5.9508757e-08,4.28338535e-06,-1.59630997e-06
3088,12.352000,0.000694533112,-0.00393283088,-0.00694466475,0.0081022298,-0.000755174668,0.00815348886,-4.63100037e-07,2.52376276e-06,-6.05348305e-06,5.92771698e-08,4.28293379e-06,-1.59620265e-06
3089,12.356000,0.000662362901,-0.00389657076,-0.00679142307,0.00851665623,-0.00146462966,0.00862467382,-4.6307926e-07,2.52378754e-06,-6.05353853e-06,5.95072152e-08,4.2833849e-06,-1.5963119e-06
3090,12.360000,0.000838261563,-0.00412341533,-0.00670302287,0.00777793024,-0.00055344135,0.00836672354,-4.63099298e-07,2.52379846e-06,-6.05356172e-06,5.95043375e-08,4.28293379e-06,-1.59620072e-06
3091,12.364000,0.000705825514,-0.00404397817,-0.00680762064,0.00831804797,-0.00134515611,0.00863171369,-4.63075025e-07,2.52380755e-06,-6.05358491e-06,5.95052789e-08,4.2833808e-06,-1.59630827e-06
3092,12.368000,0.000610873569,-0.00290291477,-0.00517363567,0.00531312451,-0.00186058192,0.00808952749,-4.63098615e-07,2.52381892e-06,-6.05361083e-06,5.95052363e-08,4.28292833e-06,-1.59619856e-06
3093,12.372000,0.000806981581,-0.00401847903,-0.00722883083,0.00869575981,0.000429606967,0.00798630528,-4.63075679e-07,2.52382756e-06,-6.05363084e-06,5.9507574e-08,4.28338262e-06,-1.59631122e-06
3094,12.376000,0.000738510978,-0.00247124117,-0.00492864754,0.00524353795,-0.000236268505,0.00816383306,-4.6309782e-07,2.52384052e-06,-6.0536554e-06,5.9504373e-08,4.28292788e-06,-1.59620095e-06
3095,12.380000,0.000613786513,-0.00382437184,-0.00659854896,0.00779991318,-0.00160436658,0.00841346383,-4.63072638e-07,2.52386621e-06,-6.05371315e-06,5.97397403e-08,4.28337808e-06,-1.59630952e-06
3096,12.384000,0.000630854047,-0.0035251244,-0.00564804487,0.00648662262,-0.00179737888,0.00824926049,-4.63097848e-07,2.52385985e-06,-6.05370224e-06,5.95066894e-08,4.28292651e-06,-1.59619765e-06
3097,12.388000,0.000573694473,-0.00335485162,-0.00549022574,0.00584735069,-0.00151271594,0.00853367336,-4.63073718e-07,2.52388395e-06,-6.05375726e-06,5.97395342e-08,4.28337853e-06,-1.59630792e-06
3098,12.392000,0.00043553859,-0.00360787986,-0.00575427432,0.00648336858,-0.00269276183,0.00873089861,-4.63096796e-07,2.52388054e-06,-6.05374453e-06,5.95072933e-08,4.28292378e-06,-1.59619708e-06
3099,12.396000,0.000418990618,-0.00397039019,-0.00644142274,0.00810627639,-0.00299213734,0.0087429285,-4.63075366e-07,2.5239051e-06,-6.05380046e-06,5.97384258e-08,4.28337762e-06,-1.59630758e-06
3100,12.400000,0.000702453312,-0.00382754672,-0.00648642937,0.00819638744,-0.000868387986,0.00883593317,-4.63095091e-07,2.52390055e-06,-6.05378909e-06,5.95071015e-08,4.28292287e-06,-1.59619822e-06
3101,12.404000,0.000574237667,-0.003824329,-0.00639675185,0.00784479082,-0.00193216233,0.00845263712,-4.63076077e-07,2.52392488e-06,-6.05384457e-06,5.97371042e-08,4.28337853e-06,-1.59631088e-06
3102,12.408000,0.000588951865,-0.00366449775,-0.00585936476,0.00696323439,-0.00169303594,0.00856186729,-4.63103049e-07,2.52433983e-06,-6.05105834e-06,5.60089966e-08,4.2829065e-06,-1.59619799e-06
3103,12.412000,0.000607347349,-0.0035330439,-0.00588679314,0.00702957157,-0.00244574528,0.00857437123,-4.63078322e-07,2.52404107e-06,-6.05411469e-06,5.740727e-08,4.28290605e-06,-1.59630872e-06
3104,12.416000,0.000611825264,-0.00342245819,-0.00562372524,0.00716119073,-0.00164273265,0.00876538828,-4.63085627e-07,2.52453037e-06,-6.05150217e-06,5.48369954e-08,4.28288604e-06,-1.59619253e-06
3105,12.420000,0.000394931994,-0.00313311722,-0.00505689345,0.00604716782,-0.00292382343,0.0086431019,-4.63083865e-07,2.52416203e-06,-6.05440664e-06,5.90372551e-08,4.28290468e-06,-1.59631168e-06
3106,12.424000,0.000388984918,-0.00321244076,-0.00512640178,0.00571953226,-0.00365703809,0.00892598089,-4.63093272e-07,2.52445966e-06,-6.05135074e-06,5.74061048e-08,4.28289513e-06,-1.59619412e-06
3107,12.428000,0.00054191763,-0.00367563358,-0.00596998259,0.00774932001,-0.00234947819,0.00873814616,-4.63081818e-07,2.52397967e-06,-6.053996e-06,5.62463072e-08,4.28291696e-06,-1.59631372e-06
3108,12.432000,0.000511474675,-0.00336714508,-0.00545544364,0.00669632666,-0.00199319143,0.0085535273,-4.63094324e-07,2.52463633e-06,-6.05176547e-06,5.60039268e-08,4.28288695e-06,-1.59596345e-06
3109,12.436000,0.000610206975,-0.00325374166,-0.00516154245,0.0063738618,-0.00125490059,0.00894146226,-4.63089748e-07,2.52413724e-06,-6.05436026e-06,5.83382409e-08,4.28291105e-06,-1.59631168e-06
3110,12.440000,0.000432784553,-0.00296621723,-0.00456396677,0.00557936169,-0.00325099332,0.00886450708,-4.63098075e-07,2.52452969e-06,-6.05152718e-06,5.80971928e-08,4.28289422e-06,-1.59619492e-06
3111,12.444000,0.000519763329,-0.00315039232,-0.00496688019,0.0061907433,-0.00271621672,0.00840567611,-4.6308665e-07,2.52396944e-06,-6.05398782e-06,5.95037406e-08,4.28291924e-06,-1.59625574e-06
3112,12.448000,0.000489678234,-0.00313120103,-0.00508954283,0.00561231654,-0.0026561711,0.00887562893,-4.63095176e-07,2.52441578e-06,-6.05127298e-06,5.62405731e-08,4.28290014e-06,-1.59625631e-06
3113,12.452000,0.000483992393,-0.00302522117,-0.00457989611,0.00532887317,-0.00295973779,0.00884569343,-4.63092277e-07,2.52410337e-06,-6.0542925e-06,5.74093733e-08,4.28291469e-06,-1.59625438e-06
3114,12.456000,0.000371643342,-0.00276897242,-0.00435343478,0.00531319622,-0.00312866224,0.00869037677,-4.63102481e-07,2.52461018e-06,-6.05172045e-06,5.50721566e-08,4.28289559e-06,-1.59625756e-06
3115,12.460000,0.000394117786,-0.00320822094,-0.00495011173,0.00643051509,-0.00275894371,0.0088572558,-4.63096825e-07,2.5242432e-06,-6.05462174e-06,5.92644795e-08,4.28290923e-06,-1.59625597e-06
3116,12.464000,0.000379279838,-0.00262826169,-0.00408580713,0.00450922363,-0.00318813487,0.00856669992,-4.63103845e-07,2.52451946e-06,-6.05152673e-06,5.74032271e-08,4.28290195e-06,-1.59625949e-06
3117,12.468000,0.000403673039,-0.00361824827,-0.00577918114,0.00784625858,-0.00324544613,0.00911160093,-4.6309421e-07,2.52405948e-06,-6.05421201e-06,5.64784841e-08,4.2829206e-06,-1.59619947e-06
3118,12.472000,0.000540504348,-0.00308587262,-0.00504078902,0.00664030993,-0.00235717325,0.00872085057,-4.63110041e-07,2.5246984e-06,-6.051936e-06,5.59996245e-08,4.28335989e-06,-1.59608078e-06
3119,12.476000,0.000386377564,-0.0029577571,-0.00457921112,0.00562341185,-0.00304694986,0.00891441666,-4.63125929e-07,2.52421682e-06,-6.05457353e-06,5.85693023e-08,4.28293242e-06,-1.59620697e-06
3120,12.480000,0.000438255141,-0.00313906511,-0.0048655537,0.00643903855,-0.00296375132,0.00895796251,-4.63098644e-07,2.52459154e-06,-6.05170226e-06,5.80967949e-08,4.28347721e-06,-1.5963135e-06
3121,12.484000,0.000229014317,-0.00274691917,-0.00417554379,0.00549849682,-0.00556393573,0.00758756977,-4.63129908e-07,2.52405152e-06,-6.05420246e-06,5.97417724e-08,4.28317662e-06,-1.59615365e-06
3122,12.488000,0.00033020007,-0.00247872388,-0.00397252664,0.00599672366,-0.0048684231,0.00674658036,-4.63109984e-07,2.52449513e-06,-6.05148216e-06,5.64708174e-08,4.28325848e-06,-1.59608544e-06
3123,12.492000,0.000300693326,-0.0028493288,-0.00465082563,0.00653767306,-0.00464917719,0.00626251474,-4.63124962e-07,2.52416726e-06,-6.05446985e-06,5.74106807e-08,4.28293697e-06,-1.59620913e-06
3124,12.496000,0.000174183631,-0.00253928173,-0.0039505735,0.00560621591,-0.00532100676,0.00637502316,-4.63102083e-07,2.52468794e-06,-6.05192827e-06,5.52986421e-08,4.28347312e-06,-1.59631611e-06
3125,12.500000,0.000219828682,-0.00255288696,-0.00379637862,0.00515165925,-0.00567577081,0.00629278505,-4.63129595e-07,2.52430777e-06,-6.05479863e-06,5.92683271e-08,4.28316298e-06,-1.5962089e-06
3126,12.504000,0.000264677219,-0.00265869219,-0.00405122293,0.00513989571,-0.00537183974,0.00610604463,-4.63114361e-07,2.52459927e-06,-6.05173364e-06,5.763345e-08,4.28325393e-06,-1.59632123e-06
3127,12.508000,0.000301087159,-0.00269064587,-0.00410936214,0.00608895347,-0.00528680766,0.00656551542,-4.63107824e-07,2.52414088e-06,-6.05442301e-06,5.67137945e-08,4.28304338e-06,-1.59614603e-06
3128,12.512000,0.000220448244,-0.0027518752,-0.00427240971,0.00643261708,-0.00499596866,0.00645552063,-4.63117942e-07,2.52476184e-06,-6.05210789e-06,5.59981288e-08,4.2831316e-06,-1.59591127e-06
3129,12.516000,0.000195848523,-0.00244184677,-0.00374146644,0.00548418984,-0.00529288035,0.00647765212,-4.63105209e-07,2.52429413e-06,-6.0547809e-06,5.87978377e-08,4.2832653e-06,-1.59614376e-06
3130,12.520000,0.000342160463,-0.00242520589,-0.00391519815,0.00584573857,-0.00459830742,0.00596491434,-4.63129169e-07,2.52465634e-06,-6.05187552e-06,5.80993813e-08,4.2829156e-06,-1.59615377e-06
3131,12.524000,0.000286624301,-0.00250640558,-0.00404406711,0.00598607119,-0.0045698639,0.00661393115,-4.63084831e-07,2.52412815e-06,-6.05440846e-06,5.99668368e-08,4.28303019e-06,-1.59608373e-06
3132,12.528000,0.000229101395,-0.00279379869,-0.00441880804,0.00675910106,-0.00491295196,0.00659401994,-4.63115924e-07,2.52455857e-06,-6.05165678e-06,5.64688847e-08,4.28314161e-06,-1.59620458e-06
3133,12.532000,0.000104146777,-0.00176220341,-0.00261855312,0.00343813561,-0.00556391384,0.0057501751,-4.63105977e-07,2.52424661e-06,-6.0546754e-06,5.76376067e-08,4.28326848e-06,-1.59631895e-06
3134,12.536000,0.000242419541,-0.00240529235,-0.00367813883,0.00547223166,-0.00525596319,0.00601829169,-4.63126611e-07,2.5247723e-06,-6.05214109e-06,5.55332313e-08,4.28290468e-06,-1.59620788e-06
3135,12.540000,0.000309815281,-0.00303645083,-0.00463015493,0.00708261877,-0.00526426081,0.00615669508,-4.63093357e-07,2.52436894e-06,-6.05496416e-06,5.9267645e-08,4.28302656e-06,-1.59631759e-06
3136,12.544000,0.00061078975,-0.00264636101,-0.00391296623,0.00625942182,-0.00644152053,0.00476967823,-4.63111746e-07,2.52467999e-06,-6.051941e-06,5.78632253e-08,4.28313751e-06,-1.59620686e-06
3137,12.548000,0.000564750517,-0.00233116653,-0.00348525634,0.00568575319,-0.00659649447,0.00533099612,-4.63109927e-07,2.52420318e-06,-6.05459036e-06,6.04348145e-08,4.28316116e-06,-1.59626381e-06
3138,12.552000,0.000514218351,-0.00209831679,-0.00295922859,0.00511878543,-0.00667808857,0.00496850396,-4.63110837e-07,2.52458403e-06,-6.05172454e-06,5.62364342e-08,4.28313842e-06,-1.59620333e-06
3139,12.556000,0.000570828095,-0.0018049567,-0.00267324597,0.00428620307,-0.00660565961,0.00515601505,-4.63110098e-07,2.52430345e-06,-6.05481819e-06,5.78686326e-08,4.2831557e-06,-1.59632418e-06
3140,12.560000,0.000555347186,-0.00207640603,-0.00302694738,0.00530893635,-0.00645505777,0.00523169106,-4.63114958e-07,2.52481209e-06,-6.05224523e-06,5.92572498e-08,4.28313251e-06,-1.59620686e-06
3141,12.564000,0.000617514132,-0.00268594432,-0.00389621733,0.00660143187,-0.00644266931,0.00566345919,-4.6310322e-07,2.52417044e-06,-6.0545176e-06,5.95007705e-08,4.28327621e-06,-1.59626268e-06
3142,12.568000,0.000553912949,-0.00204297155,-0.00312911812,0.005349054,-0.00647130143,0.0053191809,-4.63121381e-07,2.52468317e-06,-6.051951e-06,5.71654439e-08,4.28291287e-06,-1.59626859e-06
3143,12.572000,0.00051848311,-0.00202282332,-0.00306856818,0.00587044097,-0.00645628478,0.00562081859,-4.63086536e-07,2.52430277e-06,-6.05482001e-06,5.74053232e-08,4.2830261e-06,-1.59619844e-06
3144,12.576000,0.000547397882,-0.00216626935,-0.00303038489,0.00506509701,-0.00653023086,0.00510435784,-4.63111377e-07,2.52487644e-06,-6.05239802e-06,5.5999223e-08,4.28312342e-06,-1.59632054e-06
3145,12.580000,0.000565860188,-0.00263250596,-0.0037952892,0.00646695308,-0.00673855282,0.00581539236,-4.63113764e-07,2.52444602e-06,-6.05515197e-06,5.92676948e-08,4.28315207e-06,-1.59620924e-06
3146,12.584000,0.00059354282,-0.00243152329,-0.00358301774,0.00656132214,-0.00641813129,0.00546056964,-4.63113793e-07,2.52478799e-06,-6.05219884e-06,5.83231383e-08,4.28313115e-06,-1.59632191e-06
3147,12.588000,0.000528331613,-0.00157588208,-0.00227988278,0.00351874158,-0.00684417412,0.00497408397,-4.63102907e-07,2.5242598e-06,-6.05473224e-06,6.0198289e-08,4.28315707e-06,-1.59614785e-06
3148,12.592000,0.000534377759,-0.00197634031,-0.00288323779,0.0050480715,-0.00645066751,0.00513387192,-4.63107881e-07,2.52468885e-06,-6.0519792e-06,5.66971323e-08,4.28313615e-06,-1.59608692e-06
3149,12.596000,0.000509101665,-0.00194515288,-0.00272132689,0.00479242811,-0.00660792924,0.00519815646,-4.6311095e-07,2.52437803e-06,-6.05499918e-06,5.78680357e-08,4.28315434e-06,-1.59620618e-06
3150,12.600000,0.000506187323,-0.00287641538,-0.0041497713,0.0071688029,-0.00646395143,0.00585444551,-4.6311294e-07,2.52490213e-06,-6.05246305e-06,5.94904748e-08,4.28312478e-06,-1.59632202e-06
3151,12.604000,0.00101731776,-0.00158751267,-0.00258037378,0.013250282,5.72294666e-05,0.00860609021,-4.63104868e-07,2.52424434e-06,-6.05469722e-06,5.95021739e-08,4.28315752e-06,-1.59614524e-06
3152,12.608000,0.00109277281,0.000715582399,0.00141641241,0.0114441551,0.00114160962,0.00450959057,-4.63111604e-07,2.52477162e-06,-6.05216701e-06,5.73937875e-08,4.2831316e-06,-1.59614524e-06
3153,12.612000,0.00104567665,0.00176570751,0.00303351134,0.0102097765,0.00116164784,0.00331989396,-4.63109728e-07,2.52437735e-06,-6.05500099e-06,5.74049608e-08,4.2831557e-06,-1.59608965e-06
3154,12.616000,0.00098938751,0.00179007556,0.00316440011,0.0103589958,0.00144724373,0.00279872539,-4.63114333e-07,2.52496648e-06,-6.05261039e-06,5.62256304e-08,4.28312296e-06,-1.59597369e-06
3155,12.620000,0.00108815311,0.0016205908,0.00297211763,0.0106118079,0.00164621882,0.00264497707,-4.63106744e-07,2.52451673e-06,-6.05532341e-06,5.92641776e-08,4.28326166e-06,-1.59632191e-06
3156,12.624000,0.000894617289,0.00259306538,0.00433157058,0.00874351058,0.00106704189,0.00240456429,-4.63120045e-07,2.52487803e-06,-6.05241257e-06,5.85574504e-08,4.28290241e-06,-1.59621106e-06
3157,12.628000,0.00101847469,0.00229906337,0.00395776192,0.00891985744,0.00120591489,0.00239951024,-4.6308682e-07,2.5243487e-06,-6.05494643e-06,6.04292438e-08,4.2830261e-06,-1.59625915e-06
3158,12.632000,0.000870670658,0.00153516466,0.00248688413,0.0114244577,-3.33776115e-05,0.00257226732,-4.6310717e-07,2.5247648e-06,-6.05215473e-06,5.66986991e-08,4.28313115e-06,-1.59626416e-06
3159,12.636000,0.000888671959,0.00243169791,0.00388775161,0.00921800267,0.000237428409,0.0025065993,-4.63108734e-07,2.52446739e-06,-6.05521245e-06,5.81004329e-08,4.28314934e-06,-1.5962064e-06
3160,12.640000,0.000535320956,0.00336558628,0.00465009082,0.00820427388,-0.00349732325,0.00301188324,-4.63111888e-07,2.52497398e-06,-6.05263585e-06,5.9489583e-08,4.28312433e-06,-1.59632077e-06
3161,12.644000,0.000609803014,0.00195147633,0.00250658137,0.0111916298,-0.00280809309,0.00344594126,-4.63103561e-07,2.52433301e-06,-6.0549105e-06,5.97315903e-08,4.2831557e-06,-1.59614774e-06
3162,12.648000,0.000804309268,0.00273434352,0.00404274883,0.0088314591,-0.00136698864,0.00291493186,-4.63110808e-07,2.52484369e-06,-6.05233799e-06,5.73945798e-08,4.28313206e-06,-1.59614785e-06
3163,12.652000,0.00124173984,0.00227272464,0.00305029191,0.0099957902,0.0032653634,0.00197289698,-4.63111149e-07,2.52446557e-06,-6.05521109e-06,5.76355532e-08,4.28315207e-06,-1.5960934e-06
3164,12.656000,0.00109237374,0.00155508041,0.000339794671,0.0146502238,0.00218704669,0.00270393817,-4.63115725e-07,2.5250381e-06,-6.05278001e-06,5.62306184e-08,4.28312296e-06,-1.59620606e-06
3165,12.660000,0.001372386,0.00274527771,0.00301644206,0.010296667,0.00485377479,0.00164300692,-4.63112599e-07,2.52500786e-06,-6.05271862e-06,5.57592728e-08,4.2832412e-06,-1.5963227e-06
3166,12.664000,0.00139342365,0.00311935693,0.00389221124,0.011686895,0.00529467314,0.00107454637,-4.63121467e-07,2.52504492e-06,-6.05280866e-06,5.62250726e-08,4.28289422e-06,-1.59620959e-06
3167,12.668000,0.00153317791,0.0045426893,0.0059075756,0.00973665342,0.00723991264,-1.15928706e-05,-4.63099525e-07,2.52501491e-06,-6.05274727e-06,5.5760971e-08,4.28299973e-06,-1.59625984e-06
3168,12.672000,0.00145619002,0.00354045373,0.00345781981,0.0141464081,0.00695412979,5.55755105e-06,-4.6311402e-07,2.52505311e-06,-6.05283731e-06,5.62285507e-08,4.28312433e-06,-1.59626529e-06
3169,12.676000,0.000633502379,0.00444780616,0.00672462676,0.00851681735,-0.00120402826,0.00103539857,-4.63113338e-07,2.52502377e-06,-6.0527741e-06,5.57619373e-08,4.28323938e-06,-1.59626552e-06
3170,12.680000,0.000467154663,0.00333039253,0.00471928157,0.0118325502,-0.00250141812,0.00177899725,-4.6312158e-07,2.52506061e-06,-6.0528655e-06,5.62269946e-08,4.28289695e-06,-1.59626734e-06
3171,12.684000,0.000720135635,0.00458317949,0.0072775376,0.00758940633,0.00026183913,0.000984098064,-4.63099866e-07,2.52503037e-06,-6.05280593e-06,5.57623103e-08,4.28300018e-06,-1.5962047e-06
3172,12.688000,0.000686858315,0.00407695584,0.00619228557,0.00918847509,-0.00100953656,0.00133225659,-4.63114901e-07,2.52506698e-06,-6.05289279e-06,5.62248132e-08,4.28312296e-06,-1.59632248e-06
3173,12.692000,0.000916237594,0.00438606273,0.00695100892,0.0076721618,0.000353043899,0.00100164162,-4.63114247e-07,2.52505629e-06,-6.05287141e-06,5.59924231e-08,4.28324165e-06,-1.59620788e-06
3174,12.696000,0.00085196388,0.00403886428,0.0063981642,0.00815312658,0.000348922797,0.00101325056,-4.63120131e-07,2.52506015e-06,-6.05288551e-06,5.59960789e-08,4.28301564e-06,-1.59632827e-06
3175,12.700000,0.000719676027,0.00306102401,0.00472202711,0.0104590096,-0.000349641545,0.00136217428,-4.63109814e-07,2.52507948e-06,-6.0529369e-06,5.6225602e-08,4.2832371e-06,-1.59614876e-06
3176,12.704000,0.00073622237,0.00418374036,0.00639480585,0.00779573154,-0.000867020979,0.00128439139,-4.63130448e-07,2.52506857e-06,-6.05291416e-06,5.59971909e-08,4.28290286e-06,-1.59615479e-06
3177,12.708000,8.15580133e-05,0.00182988308,0.00159150618,0.0149585251,-0.00599449966,0.00296876719,-4.63098615e-07,2.52508585e-06,-6.05296282e-06,5.62245397e-08,4.28299745e-06,-1.59608476e-06
3178,12.712000,0.000529478071,0.00346949184,0.00484026037,0.00964163337,-0.00285941921,0.00200118544,-4.63117203e-07,2.52507539e-06,-6.0529419e-06,5.59929987e-08,4.28312887e-06,-1.59620924e-06
3179,12.716000,0.000876559527,0.00380497612,0.00598836457,0.00752136763,3.30255134e-05,0.00118040701,-4.63118369e-07,2.52509631e-06,-6.05299329e-06,5.62266109e-08,4.28324302e-06,-1.59632498e-06
3180,12.720000,0.000771584339,0.002695431,0.00417946884,0.0099791931,1.82766235e-05,0.00145276776,-4.63116578e-07,2.52508494e-06,-6.05297146e-06,5.59923379e-08,4.28301246e-06,-1.5962089e-06
3181,12.724000,0.000780347269,0.00391521538,0.00618437165,0.00852599088,0.000412760273,0.000946083281,-4.63108108e-07,2.52510563e-06,-6.0530233e-06,5.6228572e-08,4.28323847e-06,-1.59632259e-06
3182,12.728000,0.000766643789,0.00410900917,0.00643485785,0.00865676533,-4.4820772e-06,0.000836525753,-4.63126867e-07,2.52509494e-06,-6.05300238e-06,5.5998342e-08,4.28289968e-06,-1.59621402e-06
3183,12.732000,0.000296912389,0.0039797104,0.00533433864,0.0108763529,-0.00447919359,0.0018344752,-4.63100434e-07,2.52511404e-06,-6.05305149e-06,5.62253533e-08,4.28299654e-06,-1.59625972e-06
3184,12.736000,0.000600683037,0.00388165261,0.00584158069,0.00966430642,-0.00133128103,0.00106253941,-4.63113679e-07,2.52510108e-06,-6.05302739e-06,5.59927322e-08,4.28312796e-06,-1.59626973e-06
3185,12.740000,0.000738212257,0.0038263828,0.00600842852,0.00903344806,-1.99439237e-05,0.000741133117,-4.63124621e-07,2.52512245e-06,-6.05307969e-06,5.62284903e-08,4.28313342e-06,-1.59621595e-06
3186,12.744000,0.000753981178,0.00406105909,0.00641258806,0.0081062885,-9.14029079e-06,0.000659545476,-4.63103277e-07,2.52512541e-06,-6.05309197e-06,5.62255806e-08,4.28323619e-06,-1.59626563e-06
3187,12.748000,0.000863112276,0.00443784567,0.00704988092,0.00723909028,0.000191295985,0.000578207546,-4.63127776e-07,2.52513087e-06,-6.05310652e-06,5.62252893e-08,4.28289877e-06,-1.59626973e-06
3188,12.752000,0.000553208287,0.00372073194,0.00538267475,0.00958327297,-0.00214434625,0.00123557239,-4.63104612e-07,2.52513405e-06,-6.05311698e-06,5.62240281e-08,4.28299973e-06,-1.5962047e-06
3189,12.756000,0.000758282491,0.00455050403,0.00700867269,0.00683821738,-0.000729715917,0.00080096157,-4.63112059e-07,2.52513769e-06,-6.05312925e-06,5.622271e-08,4.28312114e-06,-1.59632316e-06
3190,12.760000,0.000813939376,0.00490170065,0.00778216776,0.00525363162,0.000237141037,0.000555798353,-4.63119648e-07,2.52514246e-06,-6.05314563e-06,5.62253142e-08,4.28312887e-06,-1.59620924e-06
3191,12.764000,0.000487272744,0.00375473406,0.00518870633,0.00916335173,-0.003500005,0.00161994412,-4.63113452e-07,2.52514701e-06,-6.05315745e-06,5.62223477e-08,4.28324302e-06,-1.59632543e-06
3192,12.768000,0.000817887951,0.00424848357,0.00660897326,0.00651055016,-0.000424350466,0.000794328633,-4.63127009e-07,2.52515224e-06,-6.05317337e-06,5.62307889e-08,4.28290105e-06,-1.59621277e-06
3193,12.772000,0.000602935441,0.00287334714,0.00400857721,0.010241922,-0.00237458013,0.00148220453,-4.63104271e-07,2.52515497e-06,-6.05318201e-06,5.62262059e-08,4.28300427e-06,-1.59626393e-06
3194,12.776000,0.000622757012,0.00279844319,0.00423285225,0.00940940436,-0.000612977426,0.00101481704,-4.63112087e-07,2.52515929e-06,-6.05319656e-06,5.62251294e-08,4.28312342e-06,-1.5962662e-06
3195,12.780000,0.000637184363,0.00314243068,0.00469048508,0.00860909931,-0.000945025822,0.00108951423,-4.63119989e-07,2.52516475e-06,-6.05321156e-06,5.62273428e-08,4.28313069e-06,-1.59627211e-06
3196,12.784000,0.00040449691,0.00272687711,0.00354605168,0.0115168327,-0.00322095584,0.00164726237,-4.63113082e-07,2.52516725e-06,-6.05322202e-06,5.6225403e-08,4.28323938e-06,-1.59621027e-06
3197,12.788000,0.000756531721,0.00444288738,0.00705808401,0.00603319425,0.000155383925,0.000439496187,-4.63128231e-07,2.52517339e-06,-6.05323794e-06,5.62271509e-08,4.28289968e-06,-1.59627325e-06
3198,12.792000,0.000755079207,0.0048308135,0.00756782852,0.00540308282,-0.000326777197,0.000446617836,-4.63104442e-07,2.52519362e-06,-6.05328523e-06,5.64560665e-08,4.28300291e-06,-1.59620845e-06
3199,12.796000,0.000428435626,0.00420941133,0.00588966068,0.00818214566,-0.00374737801,0.00142288581,-4.63111917e-07,2.52518157e-06,-6.05326568e-06,5.62313076e-08,4.28312251e-06,-1.59626575e-06
3200,12.800000,0.000702118268,0.00392518099,0.0062294025,0.00702214707,0.000184524572,0.000343884196,-4.63121751e-07,2.52520385e-06,-6.05331252e-06,5.64590827e-08,4.28313024e-06,-1.59627098e-06
3201,12.804000,0.000519457972,0.00384464138,0.0055819992,0.00802688394,-0.00235486543,0.00110617548,-4.63112286e-07,2.52519067e-06,-6.05329024e-06,5.62243017e-08,4.28324256e-06,-1.59620936e-06
3202,12.808000,0.00080655294,0.00397683121,0.00630539563,0.00669418741,0.000216146815,0.00032866979,-4.63125872e-07,2.52521204e-06,-6.05334117e-06,5.64574272e-08,4.28290105e-06,-1.59632975e-06
3203,12.812000,0.000389743829,0.0034163245,0.00451458478,0.00943162106,-0.0041090427,0.00161524699,-4.63103248e-07,2.52519908e-06,-6.05331707e-06,5.62246356e-08,4.28300336e-06,-1.59614831e-06
3204,12.816000,0.000415186165,0.00445686094,0.00618558284,0.00658470951,-0.00456180796,0.00169296074,-4.63114247e-07,2.52522113e-06,-6.05336618e-06,5.64584042e-08,4.28312524e-06,-1.59615138e-06
3205,12.820000,0.000452844193,0.00320981094,0.00427821558,0.0091644479,-0.00378474686,0.00160352117,-4.63114816e-07,2.52520954e-06,-6.05334435e-06,5.62282843e-08,4.28324392e-06,-1.59609692e-06
3206,12.824000,0.000738794217,0.0038321726,0.0060772635,0.00571994018,0.000202261843,0.000356788107,-4.63120898e-07,2.52523091e-06,-6.05339437e-06,5.64555549e-08,4.28301246e-06,-1.59615479e-06
3207,12.828000,0.000385195948,0.00288268947,0.00366833969,0.009484143,-0.00425367011,0.00179293926,-4.63113707e-07,2.52521954e-06,-6.05337027e-06,5.62256268e-08,4.28324256e-06,-1.59609635e-06
3208,12.832000,0.000712703564,0.00356518943,0.00564860087,0.00607294496,0.000232895254,0.000401534402,-4.63130476e-07,2.52524114e-06,-6.05342302e-06,5.64588625e-08,4.28290195e-06,-1.59616047e-06
3209,12.836000,0.000430194195,0.00269119418,0.00348756975,0.00925635081,-0.00350845815,0.00164284639,-4.63104925e-07,2.52524478e-06,-6.05343439e-06,5.64591787e-08,4.28300382e-06,-1.59609431e-06
3210,12.840000,0.000687583932,0.00188452879,0.00294385571,0.00982125755,0.000495065236,0.000518417684,-4.63113906e-07,2.52525001e-06,-6.05344894e-06,5.64559883e-08,4.28312433e-06,-1.59615365e-06
3211,12.844000,0.000586838811,0.00271737855,0.0037992443,0.00930454582,-0.00183301442,0.00103997625,-4.63114588e-07,2.52525592e-06,-6.05346213e-06,5.64548337e-08,4.28323983e-06,-1.5960951e-06
3212,12.848000,0.000628843438,0.0033451044,0.00495311758,0.00758048799,-0.00143355271,0.000759369985,-4.63123598e-07,2.52526138e-06,-6.05347986e-06,5.64579921e-08,4.28301519e-06,-1.5961574e-06
3213,12.852000,0.00072854897,0.00414105412,0.00639914256,0.00528231729,-0.000794090389,0.000473766064,-4.6311348e-07,2.52526638e-06,-6.05349396e-06,5.64588234e-08,4.28324029e-06,-1.59609556e-06
3214,12.856000,0.000775855617,0.00336533738,0.00521597173,0.00705957413,-0.000200385868,0.000286046939,-4.63129368e-07,2.52527207e-06,-6.05350715e-06,5.64598501e-08,4.28289877e-06,-1.59615911e-06
3215,12.860000,0.000475136214,0.00364461681,0.00495346356,0.00754656969,-0.00390163111,0.00144754082,-4.63105494e-07,2.5252757e-06,-6.05351988e-06,5.64596121e-08,4.28299973e-06,-1.59609158e-06
3216,12.864000,0.000811564503,0.00377600826,0.00599347102,0.00541641843,0.000169981387,0.000170690881,-4.63113935e-07,2.52528184e-06,-6.05353716e-06,5.64568055e-08,4.2831216e-06,-1.59621175e-06
3217,12.868000,0.000799681991,0.00275251595,0.00430453056,0.00760711823,0.000157319941,0.00025586909,-4.6311402e-07,2.52528616e-06,-6.05354717e-06,5.64515332e-08,4.28323938e-06,-1.59627189e-06
3218,12.872000,0.000530097401,0.00413329341,0.00606547855,0.00498640072,-0.00249691261,0.000968491659,-4.63121893e-07,2.52529298e-06,-6.05356672e-06,5.64581164e-08,4.28301291e-06,-1.59621914e-06
3219,12.876000,0.000737881288,0.0033237068,0.00527190138,0.00571304839,0.000230698613,0.000147650397,-4.63114532e-07,2.52529821e-06,-6.05358127e-06,5.64547733e-08,4.28323938e-06,-1.59627359e-06
3220,12.880000,0.000891155796,0.00225349562,0.00350869121,0.00842712913,0.000498782145,0.000137345341,-4.63121495e-07,2.52532118e-06,-6.05363221e-06,5.66887834e-08,4.28301064e-06,-1.59621811e-06
3221,12.884000,0.000910339644,0.00378698437,0.00600974541,0.00424725749,0.000195851084,0.000142390258,-4.63113764e-07,2.52531004e-06,-6.05361129e-06,5.64570364e-08,4.28323892e-06,-1.5962712e-06
3222,12.888000,0.000737774186,0.00301589002,0.0046508396,0.00610526279,-0.000211940976,0.000320882973,-4.63126753e-07,2.52533277e-06,-6.05366222e-06,5.66910572e-08,4.28289786e-06,-1.59621788e-06
3223,12.892000,0.000795950997,0.00216203206,0.00338882767,0.00782742538,0.000573359895,0.000155228554,-4.63105351e-07,2.52532004e-06,-6.05363584e-06,5.64567095e-08,4.28300109e-06,-1.59626893e-06
3224,12.896000,0.000803943258,0.00352098653,0.0055874628,0.00421262439,0.000202809693,0.000161423988,-4.63110894e-07,2.52534278e-06,-6.05369041e-06,5.66876466e-08,4.28311841e-06,-1.59621152e-06
3225,12.900000,0.000572498189,0.00259620836,0.00350881345,0.00745101785,-0.00270073907,0.00122607639,-4.63121694e-07,2.52533118e-06,-6.05366586e-06,5.64560843e-08,4.28312887e-06,-1.59627666e-06
3226,12.904000,0.000738745788,0.00349818356,0.00545124756,0.00481078262,-0.000359322556,0.000321487838,-4.63112599e-07,2.52535278e-06,-6.05371633e-06,5.66891529e-08,4.28323665e-06,-1.59621209e-06
3227,12.908000,0.000740024494,0.00269002211,0.00418063579,0.00698645087,0.000251418853,3.89415654e-05,-4.63124877e-07,2.52534232e-06,-6.05369223e-06,5.64569618e-08,4.28289604e-06,-1.59627723e-06
3228,12.912000,0.000414658338,0.00283136871,0.00350277661,0.00829259027,-0.00441559963,0.0016035001,-4.63104044e-07,2.52536165e-06,-6.05374316e-06,5.66882008e-08,4.28299973e-06,-1.59621334e-06
3229,12.916000,0.00083651091,0.00432113558,0.00687081041,0.00269340724,-2.24667601e-05,2.36103078e-05,-4.63114077e-07,2.5253687e-06,-6.05375544e-06,5.66888474e-08,4.28311978e-06,-1.59627371e-06
3230,12.920000,0.000817729742,0.00388193759,0.00617537042,0.00347213913,9.95146111e-05,-1.48190302e-05,-4.63114191e-07,2.52537393e-06,-6.05376999e-06,5.6690066e-08,4.28323892e-06,-1.59621641e-06
3231,12.924000,0.000762186595,0.00301072095,0.0045065498,0.00594951585,-0.000892618671,0.000341795792,-4.63123314e-07,2.52537848e-06,-6.05378318e-06,5.66857317e-08,4.28301018e-06,-1.59627439e-06
3232,12.928000,0.000690694549,0.00369907264,0.00539352605,0.00458887592,-0.00233442127,0.000833325787,-4.63114361e-07,2.52538325e-06,-6.05379591e-06,5.6687508e-08,4.28323574e-06,-1.59621243e-06
3233,12.932000,0.000925195985,0.00390881393,0.00621362729,0.00294657983,4.18643467e-05,3.23774293e-06,-4.63122717e-07,2.52539053e-06,-6.05381001e-06,5.66892879e-08,4.28300973e-06,-1.5962745e-06
3234,12.936000,0.000777394045,0.00259936531,0.00402353052,0.00595619716,7.08592634e-05,5.68194082e-05,-4.63113537e-07,2.52539485e-06,-6.05382274e-06,5.66889398e-08,4.2832371e-06,-1.59621345e-06
3235,12.940000,0.000860765693,0.00361432065,0.00574113522,0.00331043731,0.000123122474,-3.49599868e-05,-4.6312789e-07,2.52539962e-06,-6.05383593e-06,5.66872558e-08,4.28290195e-06,-1.59627916e-06
3236,12.944000,0.000837172614,0.00304723764,0.0048320014,0.00435700454,0.000271047466,-1.73711451e-05,-4.63101145e-07,2.52540326e-06,-6.05384957e-06,5.66846694e-08,4.28299745e-06,-1.59620947e-06
3237,12.948000,0.000676096184,0.00340920966,0.0054244725,0.00328943459,8.72870442e-05,-3.1646523e-05,-4.63111377e-07,2.52541076e-06,-6.05386322e-06,5.66883571e-08,4.28312023e-06,-1.59627143e-06
3238,12.952000,0.00069869915,0.00263611553,0.00391420722,0.00565115875,-0.000883853936,0.000368867797,-4.63122092e-07,2.52541736e-06,-6.05387731e-06,5.66894371e-08,4.28312478e-06,-1.59621788e-06
3239,12.956000,0.00056026224,0.00154336414,0.00198687823,0.00828985497,-0.00128307287,0.000571467448,-4.63113167e-07,2.52542031e-06,-6.05389141e-06,5.66873517e-08,4.28323801e-06,-1.59627393e-06
3240,12.960000,0.000647079432,0.00377857126,0.00552579435,0.00298158638,-0.00255247881,0.000948598201,-4.63125957e-07,2.52542713e-06,-6.05390505e-06,5.66873908e-08,4.28289741e-06,-1.59622061e-06
3241,12.964000,0.000690508052,0.00250082603,0.0038631456,0.00565671595,4.06572362e-05,1.55197049e-05,-4.6310538e-07,2.52543055e-06,-6.05391551e-06,5.66857103e-08,4.282997e-06,-1.59627109e-06
3242,12.968000,0.000736602116,0.00248839986,0.00382673834,0.00562993856,-5.82145294e-05,1.4971738e-05,-4.63114588e-07,2.52545237e-06,-6.05396599e-06,5.69174503e-08,4.28311978e-06,-1.59621641e-06
3243,12.972000,0.000620168052,0.00210797135,0.00317083299,0.00657642772,-7.06284773e-05,-3.9090577e-05,-4.63114787e-07,2.52544078e-06,-6.05394052e-06,5.66867087e-08,4.28323665e-06,-1.59627245e-06
3244,12.976000,0.000848010881,0.00429949118,0.00687455758,0.000928568654,-0.00033513573,5.56674786e-06,-4.63120301e-07,2.52546192e-06,-6.05399146e-06,5.69181857e-08,4.28300837e-06,-1.59621618e-06
3245,12.980000,0.00077122252,0.0031039794,0.00492763799,0.00363613945,0.000193570566,-0.000240646827,-4.63114077e-07,2.52545124e-06,-6.05396463e-06,5.66824916e-08,4.28323574e-06,-1.59627075e-06
3246,12.984000,0.000729037565,0.00345019903,0.00548042357,0.00272816326,4.42925375e-05,-0.000273166283,-4.6312482e-07,2.52547466e-06,-6.05401874e-06,5.69199301e-08,4.28301018e-06,-1.59621857e-06
3247,12.988000,0.000833390397,0.00290164258,0.00460804114,0.00377142197,0.000222969655,-0.000231700833,-4.63114219e-07,2.52546238e-06,-6.05399237e-06,5.66874157e-08,4.28323483e-06,-1.59627166e-06
3248,12.992000,0.000816421816,0.00280562649,0.00445741974,0.00378138712,0.000233204337,-0.000234852894,-4.63123627e-07,2.52548398e-06,-6.05404421e-06,5.6921369e-08,4.28300928e-06,-1.596218e-06
3249,12.996000,0.000779610127,0.00266721239,0.00423399918,0.00406153314,0.000292161596,-0.000269178301,-4.63113679e-07,2.52547238e-06,-6.05401738e-06,5.66884637e-08,4.28323483e-06,-1.59627427e-06
3250,13.000000,0.000740464777,0.00261823111,0.00415230729,0.00396243716,0.0002707807,-0.000284659705,-4.6312951e-07,2.5254933e-06,-6.05406831e-06,5.69134997e-08,4.2828965e-06,-1.59621914e-06
3251,13.004000,0.000764195109,0.00237098755,0.00376333878,0.00442511588,0.000376580632,-0.000237772882,-4.63105096e-07,2.52549853e-06,-6.05407877e-06,5.69191663e-08,4.28299654e-06,-1.5962712e-06
3252,13.008000,0.000821472495,0.00208228687,0.00328619033,0.00506141316,0.000540426292,-0.000335451972,-4.63113054e-07,2.52550353e-06,-6.05409423e-06,5.69185623e-08,4.28311887e-06,-1.59621595e-06
3253,13.012000,0.000660170219,0.0029224602,0.00465964014,0.0025498583,3.57520767e-05,2.30753794e-05,-4.63122177e-07,2.52550899e-06,-6.05410378e-06,5.691615e-08,4.28312433e-06,-1.59627723e-06
3254,13.016000,0.000490126549,0.00186139089,0.00278649712,0.00353915012,-0.000734596746,0.00157311396,-4.63115072e-07,2.52551467e-06,-6.05411788e-06,5.69190348e-08,4.28323483e-06,-1.59621379e-06
3255,13.020000,-9.92880668e-05,-0.00190830417,-0.00292749237,0.00347674149,-0.00207232591,0.00486402959,-4.63123428e-07,2.52552036e-06,-6.05413106e-06,5.69218557e-08,4.28300609e-06,-1.59627507e-06
3256,13.024000,-0.00039862527,-0.000537933782,0.000597767765,0.000402572565,-0.00977029465,0.00797791965,-4.63115128e-07,2.52552536e-06,-6.05414334e-06,5.692225e-08,4.28323483e-06,-1.59621538e-06
3257,13.028000,-0.000776374363,-0.00124976493,-0.000520514091,0.00211016019,-0.0146571957,0.00889464747,-4.63122944e-07,2.52552968e-06,-6.05415289e-06,5.69161642e-08,4.28300564e-06,-1.59627371e-06
3258,13.032000,-0.000666064327,-0.000548546319,0.000530608115,0.000153220084,-0.0135888271,0.00864277408,-4.6311078e-07,2.52553309e-06,-6.0541629e-06,5.6916079e-08,4.2832321e-06,-1.59621288e-06
3259,13.036000,-0.000722292229,-0.000779206166,8.84829788e-05,0.00185365276,-0.0131656285,0.0085289916,-4.63128885e-07,2.52554082e-06,-6.05418018e-06,5.69197809e-08,4.28289513e-06,-1.59627757e-06
3260,13.040000,-0.000927377841,-0.00130649214,-0.000961279147,0.00343505014,-0.0153873954,0.00924839824,-4.63102623e-07,2.52554423e-06,-6.05419154e-06,5.69180543e-08,4.28299245e-06,-1.59620959e-06
3261,13.044000,-0.00144834514,-0.00152920897,-0.00181290263,0.00389482593,-0.0201350823,0.011051883,-4.63112514e-07,2.52554923e-06,-6.05420109e-06,5.69152974e-08,4.28311387e-06,-1.59627314e-06
3262,13.048000,-0.000574334757,-0.000916232413,-0.000222122413,0.00183562143,-0.0124758072,0.00800602231,-4.63123655e-07,2.52555583e-06,-6.05421428e-06,5.69171625e-08,4.28312251e-06,-1.59621845e-06
3263,13.052000,-0.000582803856,-0.000962367456,-6.13366719e-05,0.00131169055,-0.0124439029,0.00851172116,-4.63114077e-07,2.52555947e-06,-6.05422656e-06,5.69187364e-08,4.28323119e-06,-1.59627461e-06
3264,13.056000,-0.000441068667,-0.000769654172,9.44234198e-05,0.00102545042,-0.0106726028,0.00743559701,-4.63120841e-07,2.52556629e-06,-6.0542402e-06,5.6923362e-08,4.28300336e-06,-1.59621823e-06
3265,13.060000,-0.000465849298,-0.000748441904,0.000136818853,0.000904935179,-0.0115574561,0.00797282532,-4.63113736e-07,2.52558721e-06,-6.05428795e-06,5.71486858e-08,4.28323165e-06,-1.59627325e-06
3266,13.064000,-0.00042198156,-0.000805451069,5.28918463e-05,0.00128556497,-0.0110311098,0.00761717837,-4.63130107e-07,2.52557675e-06,-6.05426067e-06,5.69172975e-08,4.28289377e-06,-1.59622005e-06
3267,13.068000,-0.000490984763,-0.000373627583,0.000739759416,-0.00012245262,-0.011451995,0.00782480277,-4.63106034e-07,2.52559562e-06,-6.0543116e-06,5.71477905e-08,4.28299427e-06,-1.59627041e-06
3268,13.072000,-0.000483787386,-0.000556223036,0.000496406574,0.000131650828,-0.0122293495,0.00849152636,-4.63114162e-07,2.52558584e-06,-6.0542875e-06,5.69159333e-08,4.28311523e-06,-1.59621379e-06
3269,13.076000,-0.000421004836,-0.000135956157,0.00086421601,-0.000645392109,-0.011173849,0.00779278763,-4.63115498e-07,2.52560608e-06,-6.05433297e-06,5.71467922e-08,4.28323256e-06,-1.59627257e-06
3270,13.080000,-0.000536153326,-0.000748154649,0.000448798179,0.000147343148,-0.0116874045,0.00811246689,-4.63120642e-07,2.52559607e-06,-6.05430978e-06,5.69157024e-08,4.283002e-06,-1.59621482e-06
3271,13.084000,-0.000440430595,-0.00180389301,-0.00150018837,0.00427660439,-0.0128327878,0.0102015585,-4.63115271e-07,2.52561608e-06,-6.05435889e-06,5.7143847e-08,4.28323165e-06,-1.59627245e-06
3272,13.088000,-0.000631416449,-0.00115247793,-0.000231168175,0.0019635777,-0.0153186833,0.0113534965,-4.63123683e-07,2.5256054e-06,-6.05433206e-06,5.6916754e-08,4.28300427e-06,-1.59621914e-06
3273,13.092000,-0.000758696347,-0.000971763977,0.000117141906,0.00117317564,-0.0163029563,0.0119475946,-4.63116663e-07,2.525627e-06,-6.05438254e-06,5.71475525e-08,4.28322983e-06,-1.596272e-06
3274,13.096000,-0.000824417337,-0.000496310473,0.000738169183,0.000350284739,-0.0148065239,0.0102405082,-4.63122149e-07,2.52561495e-06,-6.05435935e-06,5.69181537e-08,4.28300336e-06,-1.59621868e-06
3275,13.100000,-0.000680741388,-0.000857909501,6.59998623e-05,0.00121585652,-0.0140732992,0.00961701665,-4.63110723e-07,2.52563586e-06,-6.05440619e-06,5.71514853e-08,4.28322846e-06,-1.59627405e-06
3276,13.104000,-0.000875807833,-0.0010381724,-0.000107961852,0.00144761079,-0.0148584936,0.00999454409,-4.63128856e-07,2.52564223e-06,-6.05441755e-06,5.71491228e-08,4.28289286e-06,-1.59622221e-06
3277,13.108000,-0.000753634144,-0.000598069979,0.000471750624,0.00043673889,-0.0140228849,0.00904237852,-4.63102708e-07,2.52564428e-06,-6.05442619e-06,5.71478509e-08,4.28299109e-06,-1.59627098e-06
3278,13.112000,-0.00091386144,-0.000574031728,0.000631344388,6.77541975e-05,-0.0150721781,0.0091399271,-4.63112428e-07,2.52565087e-06,-6.05443984e-06,5.71489664e-08,4.28311205e-06,-1.59621356e-06
3279,13.116000,-0.000602397951,-0.000292169105,0.00103045558,-0.000451165251,-0.0132141234,0.00872372277,-4.63124593e-07,2.52565587e-06,-6.05445075e-06,5.71489309e-08,4.28311932e-06,-1.59627575e-06
3280,13.120000,-0.000630259165,-0.000835475395,0.00023493878,0.000727375969,-0.012876437,0.00859513041,-4.63114446e-07,2.52566065e-06,-6.05446257e-06,5.71496699e-08,4.28322937e-06,-1.59621345e-06
3281,13.124000,-0.000664343243,-0.000378621538,0.000964534236,-0.000245311181,-0.012991826,0.00874020532,-4.63119989e-07,2.52566565e-06,-6.05447258e-06,5.71476875e-08,4.28300109e-06,-1.59627416e-06
3282,13.128000,-0.00046430307,-0.000624851964,0.000453133369,0.000463868928,-0.0120880529,0.00848708954,-4.63114674e-07,2.52566929e-06,-6.05448258e-06,5.71478864e-08,4.28322892e-06,-1.59621402e-06
3283,13.132000,-0.000528462813,-0.000940413505,9.73552233e-05,0.00110257918,-0.0125963278,0.0088655157,-4.63125616e-07,2.52567452e-06,-6.05449304e-06,5.71502028e-08,4.28300245e-06,-1.59627632e-06
3284,13.136000,-0.000752568943,-0.00105342746,-0.000288207957,0.00159061141,-0.0146900108,0.0098810019,-4.63114588e-07,2.52567861e-06,-6.05450214e-06,5.71488599e-08,4.28322755e-06,-1.59621413e-06
3285,13.140000,-0.000875573605,-0.00143860979,-0.000976042822,0.00236842828,-0.0155615257,0.0102061024,-4.63124252e-07,2.52568248e-06,-6.05451351e-06,5.71478189e-08,4.28300154e-06,-1.59627621e-06
3286,13.144000,-0.00140291033,-0.0012563956,-0.00114273443,0.00395327527,-0.0235447735,0.0150428824,-4.63110382e-07,2.52568839e-06,-6.05452533e-06,5.71476377e-08,4.28322801e-06,-1.59621538e-06
3287,13.148000,-0.00122216216,-0.000898329075,-0.00029430259,0.0021424077,-0.0227642842,0.01505234,-4.63129311e-07,2.52569339e-06,-6.05453397e-06,5.71477514e-08,4.28289013e-06,-1.59628053e-06
3288,13.152000,-0.000701717567,-0.000164912693,0.00121807586,-0.000949527719,-0.0147490548,0.00992651377,-4.63103248e-07,2.5256968e-06,-6.05454443e-06,5.71458756e-08,4.28298836e-06,-1.59621266e-06
3289,13.156000,-0.00090563565,-0.00112893898,-0.000245843781,0.00226847245,-0.0154248439,0.0103926547,-4.63116663e-07,2.52570067e-06,-6.05455443e-06,5.71457228e-08,4.28311523e-06,-1.59627643e-06
3290,13.160000,-0.00103545154,-0.000907582522,2.48374272e-06,0.00192056433,-0.0164613426,0.0107607348,-4.63117715e-07,2.5257059e-06,-6.05456671e-06,5.71490588e-08,4.28322983e-06,-1.59621811e-06
3291,13.164000,-0.00148452702,-0.00159526989,-0.00130438036,0.00339139206,-0.0202870555,0.0121582877,-4.63123314e-07,2.52572704e-06,-6.05461491e-06,5.73803831e-08,4.28300064e-06,-1.5962778e-06
3292,13.168000,-0.00122277869,-0.00158502604,-0.000732700224,0.00295678782,-0.0172351655,0.0108151166,-4.63113366e-07,2.52571567e-06,-6.05458945e-06,5.71495349e-08,4.28322619e-06,-1.59621368e-06
3293,13.172000,-0.000871817232,-0.000577746367,0.000778373564,8.66137634e-06,-0.0145079112,0.00984460022,-4.63133517e-07,2.52573818e-06,-6.05463947e-06,5.73825503e-08,4.28288922e-06,-1.59627996e-06
3294,13.176000,-0.000787271885,-0.000260502682,0.00126590976,-0.000818106811,-0.0146687469,0.00980093144,-4.63105152e-07,2.52572363e-06,-6.05460855e-06,5.71462913e-08,4.28298745e-06,-1.59620981e-06
3295,13.180000,-0.000697592273,-0.000770537474,0.000498966896,0.000835082959,-0.0138780009,0.00932771061,-4.6311655e-07,2.52574591e-06,-6.05465948e-06,5.73765249e-08,4.28311159e-06,-1.59627314e-06
3296,13.184000,-0.000939388527,-6.43279636e-05,0.00174582261,-0.00158306281,-0.0153936967,0.0102118151,-4.63115185e-07,2.52573477e-06,-6.05463447e-06,5.71480854e-08,4.28322664e-06,-1.59621402e-06
3297,13.188000,-0.00064915698,-0.000746222446,0.000396672491,0.000562532223,-0.0130760511,0.00928334706,-4.63128032e-07,2.52575546e-06,-6.05467903e-06,5.7376802e-08,4.28300109e-06,-1.596277e-06
3298,13.192000,-0.000873446115,-4.81435854e-05,0.00169739465,-0.0016535219,-0.0153337531,0.0101441247,-4.63114787e-07,2.54064571e-06,-6.05465584e-06,5.7145698e-08,4.28322755e-06,-1.59621675e-06
3299,13.196000,-0.000845643925,-0.000558940344,0.000982616446,-0.000930618728,-0.0147758201,0.00990860257,-4.6315543e-07,2.52675409e-06,-6.05695959e-06,5.73657317e-08,4.28297017e-06,-1.59616673e-06
3300,13.200000,-0.000737649156,-0.0005281099,0.000728946354,0.00016126415,-0.0135355964,0.00915803015,-4.63102054e-07,2.52469795e-06,-6.06348112e-06,5.67021026e-08,4.28327985e-06,-1.5961042e-06
3301,13.204000,-0.00125033059,-0.000101669386,0.00169889908,-0.00191933021,-0.0177127495,0.0111850649,-4.63160859e-07,2.52712584e-06,-6.06524691e-06,5.80527768e-08,4.28283465e-06,-1.59599392e-06
3302,13.208000,-0.000978867058,-0.000864504022,0.000367838133,0.000655269425,-0.0168071669,0.0110193035,-4.63126128e-07,2.52606264e-06,-6.07400671e-06,6.11010904e-08,4.28298381e-06,-1.59610363e-06
3303,13.212000,-0.000953732058,-0.00128903077,-0.000279720291,0.00146893389,-0.0169704575,0.0111001162,-4.63164895e-07,2.52758377e-06,-6.0811617e-06,5.45534071e-08,4.28315934e-06,-1.59604963e-06
3304,13.216000,-0.00131709315,-0.00122449303,-0.000671731425,0.00241714693,-0.020025054,0.0123245865,-4.63217759e-07,2.52941982e-06,-6.07785751e-06,5.84867692e-08,4.2828533e-06,-1.59616798e-06
3305,13.220000,-0.00106678251,-0.000134387636,0.00152454607,-0.000714733033,-0.0167084038,0.0111771636,-4.63177827e-07,2.52858968e-06,-6.07969969e-06,6.0593436e-08,4.28287331e-06,-1.59598562e-06
3306,13.224000,-0.00101391587,-0.00047651981,0.000927012181,0.000317223137,-0.0164253674,0.0105970819,-4.63186893e-07,2.5288723e-06,-6.07659467e-06,5.56968338e-08,4.28286057e-06,-1.59615956e-06
3307,13.228000,-0.00099322712,-0.000817776949,0.000308821269,0.001121982,-0.016362546,0.0104704965,-4.63179674e-07,2.52857444e-06,-6.07964148e-06,5.77972621e-08,4.28287285e-06,-1.59598414e-06
3308,13.232000,-0.000868238392,-0.000912850024,0.000319209998,0.000924297841,-0.0153746363,0.010403648,-4.63192805e-07,2.52898167e-06,-6.07682796e-06,5.84844067e-08,4.28285693e-06,-1.59616081e-06
3309,13.236000,-0.000876197824,-0.000304285233,0.00132950558,-0.000955707801,-0.0152570186,0.010247305,-4.63174985e-07,2.52830523e-06,-6.07901393e-06,5.89634261e-08,4.28288286e-06,-1.59598653e-06
3310,13.240000,-0.000750422245,-0.000482601783,0.000866917195,0.00017354649,-0.01450927,0.00983445439,-4.6318371e-07,2.52834707e-06,-6.07909669e-06,6.01311569e-08,4.2828824e-06,-1.59616138e-06
3311,13.244000,-0.000802271534,-0.000492654275,0.00103137363,-0.00081698189,-0.0143031385,0.0100655397,-4.63176178e-07,2.52822474e-06,-6.07880611e-06,5.89635114e-08,4.28288195e-06,-1.59598494e-06
3312,13.248000,-0.000804666313,-8.24683957e-05,0.00124812219,-0.000816338114,-0.0154009955,0.0104437936,-4.63183625e-07,2.52824952e-06,-6.07885022e-06,5.98986674e-08,4.2828824e-06,-1.59615809e-06
3313,13.252000,-0.000976424897,-0.000765459961,0.000503010931,0.000643926905,-0.0152008832,0.0099989865,-4.63178139e-07,2.52814402e-06,-6.07859783e-06,5.89667692e-08,4.28288604e-06,-1.59598289e-06
3314,13.256000,-0.000913716853,0.000498882029,0.00249435497,-0.00222968031,-0.015042535,0.0102288453,-4.63184165e-07,2.52813652e-06,-6.07856828e-06,5.94372906e-08,4.28288786e-06,-1.59616138e-06
3315,13.260000,-0.000954007963,-0.000490453851,0.000787734985,0.000188395847,-0.0158889145,0.010700508,-4.63176264e-07,2.52806285e-06,-6.07839092e-06,5.89691993e-08,4.28288513e-06,-1.59598403e-06
3316,13.264000,-0.000798551482,-1.03354687e-05,0.00120233861,-0.000514664687,-0.0153753404,0.0111324601,-4.63187007e-07,2.52803761e-06,-6.07831998e-06,5.91978662e-08,4.28289241e-06,-1.5961599e-06
3317,13.268000,-0.000853047823,-0.000395413605,0.000356952485,0.000873438083,-0.0154313361,0.0105093457,-4.63177571e-07,2.52798077e-06,-6.07818129e-06,5.89678564e-08,4.28288604e-06,-1.59598051e-06
3318,13.272000,-0.000863286783,-9.79687684e-05,0.00153648725,-0.000911313226,-0.0145273581,0.0100941677,-4.6319596e-07,2.52794098e-06,-6.07807715e-06,5.89729758e-08,4.28290241e-06,-1.59616366e-06
3319,13.276000,-0.000748881372,-0.000637768942,0.000725516875,0.000152639332,-0.0138104614,0.0101684704,-4.63189025e-07,2.52788232e-06,-6.07793481e-06,5.87386815e-08,4.28266549e-06,-1.59598699e-06
3320,13.280000,-0.000890975818,-0.000642759493,0.000444253965,0.00105723855,-0.0155733936,0.0109089296,-4.63174416e-07,2.52784002e-06,-6.07783068e-06,5.87383191e-08,4.28312251e-06,-1.59615718e-06
3321,13.284000,-0.000701429439,0.00014508731,0.00197258056,-0.00151938852,-0.0144612463,0.0103388745,-4.6319812e-07,2.52780069e-06,-6.07772836e-06,5.87408451e-08,4.28313933e-06,-1.59598812e-06
3322,13.288000,-0.000670173438,-0.000811696169,0.000348788337,0.00081121386,-0.0131422179,0.00982179493,-4.63207897e-07,2.52774385e-06,-6.07758466e-06,5.85085473e-08,4.28291423e-06,-1.5961665e-06
3323,13.292000,-0.000902502215,-0.00159500458,-0.00068752165,0.00224551791,-0.0150315687,0.010674105,-4.63196017e-07,2.52770224e-06,-6.0774837e-06,5.85073536e-08,4.28267185e-06,-1.59598778e-06
3324,13.296000,-0.000695925788,-0.000795680564,4.79593291e-05,0.00230144151,-0.0141921844,0.0102406759,-4.63182687e-07,2.52765949e-06,-6.07738048e-06,5.85101212e-08,4.2828965e-06,-1.59615558e-06
3325,13.300000,-0.000933065894,-0.00079504156,0.00045394717,0.00147063588,-0.0146946339,0.010810229,-4.63183113e-07,2.52760265e-06,-6.07724269e-06,5.82790349e-08,4.28290014e-06,-1.59597994e-06
3326,13.304000,-0.000627794187,0.000272659934,0.00211584708,-0.00198781793,-0.0136953741,0.0105349207,-4.63184136e-07,2.52756308e-06,-6.07714128e-06,5.82750275e-08,4.28290195e-06,-1.59615774e-06
3327,13.308000,-0.000774429413,-0.000278280757,0.00139026251,-0.00107694231,-0.014726826,0.0104483385,-4.63183852e-07,2.52752307e-06,-6.07704351e-06,5.82796815e-08,4.28290332e-06,-1.59598108e-06
3328,13.312000,-0.000767287449,-0.000740380026,0.000208947604,0.00128439406,-0.0155329946,0.0111426106,-4.63183909e-07,2.52746463e-06,-6.07690163e-06,5.80477817e-08,4.28290514e-06,-1.59615547e-06
3329,13.316000,-0.000993997324,-0.0010995958,-0.000179256778,0.00163836149,-0.0164272077,0.0116842799,-4.63183966e-07,2.52742279e-06,-6.07680295e-06,5.80466448e-08,4.28290468e-06,-1.59597982e-06
3330,13.320000,-0.00114909548,-0.00117309194,-0.000821270689,0.00325921178,-0.0178699829,0.0118057113,-4.63184648e-07,2.52738278e-06,-6.07670472e-06,5.80531996e-08,4.28290741e-06,-1.59615809e-06
3331,13.324000,-0.000758596929,-0.000123112462,0.00137079228,-0.000737331109,-0.0142636681,0.0104694236,-4.63196159e-07,2.52732707e-06,-6.07656693e-06,5.78184611e-08,4.28268459e-06,-1.5959846e-06
3332,13.328000,-0.000731407315,-0.000439285766,0.00102130475,-0.000160701107,-0.0139287803,0.0103259915,-4.63186467e-07,2.52728569e-06,-6.07646598e-06,5.78171218e-08,4.28291105e-06,-1.59615524e-06
3333,13.332000,-0.000836497289,-0.000350874674,0.00120976695,-0.00048655225,-0.0147075728,0.0106704226,-4.63188741e-07,2.52684367e-06,-6.07917855e-06,6.15514679e-08,4.28270459e-06,-1.59598642e-06
3334,13.336000,-0.000696961186,-0.000523926283,0.000734520261,0.000430465909,-0.0137519399,0.0102150701,-4.63186552e-07,2.52709265e-06,-6.07600396e-06,5.99177952e-08,4.28291878e-06,-1.59615695e-06
3335,13.340000,-0.000630090013,-0.00063666387,0.000634435099,0.000249689387,-0.0137922661,0.0105204675,-4.63185017e-07,2.52657128e-06,-6.07853963e-06,5.87601328e-08,4.2827146e-06,-1.59598267e-06
3336,13.344000,-0.000990722561,-0.000850011129,0.000425137987,0.00110705174,-0.0152469752,0.0106006069,-4.63192038e-07,2.52714653e-06,-6.07610446e-06,5.80523647e-08,4.28291514e-06,-1.59615718e-06
3337,13.348000,-0.000920272665,-0.000681540347,0.000824784394,-0.000370974187,-0.015023225,0.01091439,-4.63189082e-07,2.52662153e-06,-6.07863421e-06,6.06197545e-08,4.28270869e-06,-1.5959838e-06
3338,13.352000,-0.000793370185,-0.000397649244,0.000977057265,1.01926853e-05,-0.0142186414,0.0102909422,-4.63191441e-07,2.52695258e-06,-6.07564607e-06,5.64300393e-08,4.28292424e-06,-1.59615593e-06
3339,13.356000,-0.000720940763,-0.000962861814,5.83412475e-05,0.00183182745,-0.0133297145,0.0103077218,-4.63190759e-07,2.52662426e-06,-6.07862148e-06,5.80606745e-08,4.28317389e-06,-1.59598392e-06
3340,13.360000,-0.000836881343,-0.000295655394,0.00125442084,-0.000963779748,-0.0151260542,0.0110800723,-4.63222733e-07,2.52705195e-06,-6.07585298e-06,5.89901923e-08,4.28293561e-06,-1.59622164e-06
3341,13.364000,-0.000670102425,-6.63651444e-05,0.00163756288,-0.00112392614,-0.0137246419,0.0104410937,-4.63184278e-07,2.5263771e-06,-6.07804441e-06,5.94631473e-08,4.28318162e-06,-1.59615456e-06
3342,13.368000,-0.000933020026,-0.000963626662,0.000312782533,0.000860910863,-0.015659472,0.0109289018,-4.63205197e-07,2.52680593e-06,-6.07527863e-06,5.66601628e-08,4.28293561e-06,-1.59598619e-06
3343,13.372000,-0.000861807959,-0.000933426141,0.000155359827,0.00166110392,-0.0145538272,0.0106769893,-4.63213439e-07,2.52412997e-06,-6.07293259e-06,5.95026179e-08,4.28383328e-06,-1.59619924e-06
3344,13.376000,-0.000802648021,-0.000346753484,0.0013398272,-0.000963714556,-0.0150595652,0.0110336943,-4.63256782e-07,2.52482573e-06,-6.06332014e-06,5.92533631e-08,4.28335079e-06,-1.59626507e-06
3345,13.380000,-0.00104268058,-0.000947186141,0.000260802946,0.00161743979,-0.0154659506,0.0110514965,-4.63184392e-07,2.52297377e-06,-6.05540072e-06,6.16137541e-08,4.2835286e-06,-1.59607953e-06
3346,13.384000,-0.000853792648,-0.000704744656,0.000606482266,0.000590745301,-0.0149075054,0.0110595906,-4.63160831e-07,2.52131986e-06,-6.04419483e-06,6.07157489e-08,4.28395197e-06,-1.59625574e-06
3347,13.388000,-0.000844144844,-0.000760142459,0.000149105734,0.00134729058,-0.0148952706,0.011290906,-4.63125872e-07,2.51889833e-06,-6.05361083e-06,6.00618009e-08,4.28406656e-06,-1.59625813e-06
3348,13.392000,-0.000746126636,-0.0010799946,-9.92621062e-05,0.00199171039,-0.0137252808,0.0108604226,-4.63145767e-07,2.52027849e-06,-6.04927891e-06,6.02670838e-08,4.28400062e-06,-1.59608055e-06
3349,13.396000,-0.000859326101,3.22192791e-05,0.00196644757,-0.00226121023,-0.015378139,0.0114000561,-4.63125957e-07,2.51967117e-06,-6.05162086e-06,6.07432327e-08,4.28402473e-06,-1.59625392e-06
3350,13.400000,-0.000846408308,-0.000238310779,0.00142471865,-0.00141970511,-0.0147256376,0.0107148467,-4.63098132e-07,2.52246605e-06,-6.05422474e-06,5.60350912e-08,4.28334033e-06,-1.59603348e-06
3351,13.404000,-0.000941262348,-0.000100312755,0.00157461816,-0.000954651157,-0.0148774972,0.0106841763,-4.63101856e-07,2.52358132e-06,-6.05303649e-06,5.85775126e-08,4.28292924e-06,-1.59602587e-06
3352,13.408000,-0.000850372016,-0.000334054814,0.00122056261,-0.000745064695,-0.0148639483,0.0109284809,-4.63076418e-07,2.52340692e-06,-6.05264131e-06,5.97466538e-08,4.28338944e-06,-1.5962521e-06
3353,13.412000,-0.000587000279,-9.08738002e-07,0.00154323247,-0.000743659679,-0.0135151045,0.0104010142,-4.63094324e-07,2.52328891e-06,-6.05236892e-06,5.78834758e-08,4.28340581e-06,-1.59626018e-06
3354,13.416000,-0.000726745697,-0.000505014264,0.000731316046,0.000400230754,-0.0133823007,0.0105458451,-4.63094125e-07,2.52341397e-06,-6.05265495e-06,5.95135532e-08,4.28339854e-06,-1.59625881e-06
3355,13.420000,-0.00094799418,-0.000866454851,0.0004023207,0.000815596548,-0.0155395037,0.0110983597,-4.63090629e-07,2.5233237e-06,-6.05245123e-06,5.81136312e-08,4.28340081e-06,-1.59625813e-06
3356,13.424000,-0.000825131545,-0.000612996111,0.000628902402,0.00112158502,-0.0143892737,0.0108388793,-4.63089805e-07,2.5234167e-06,-6.05266405e-06,5.92778555e-08,4.28339854e-06,-1.59625677e-06
3357,13.428000,-0.000901945052,-0.0002720872,0.001267627,-0.000188863836,-0.0149851702,0.0111144632,-4.63091851e-07,2.52336031e-06,-6.05253672e-06,5.83449733e-08,4.28340218e-06,-1.59625915e-06
3358,13.432000,-0.000926391804,-0.000725277816,0.000646835368,0.000238586916,-0.0154568525,0.0112092057,-4.63081307e-07,2.52343489e-06,-6.05270998e-06,5.9278797e-08,4.28339536e-06,-1.59625642e-06
3359,13.436000,-0.000776206376,-0.000498837791,0.000828626158,0.000694745744,-0.0143319331,0.0109177604,-4.63086195e-07,2.52339578e-06,-6.05261857e-06,5.85810227e-08,4.28339899e-06,-1.59625529e-06
3360,13.440000,-0.000759992981,-0.000387790235,0.000899185194,0.000900083163,-0.0135381222,0.0106720459,-4.63082785e-07,2.52343898e-06,-6.05271771e-06,5.90476752e-08,4.28339627e-06,-1.59625404e-06
3361,13.444000,-0.000942037906,-0.000567028648,0.000756972411,0.000484085409,-0.0147600593,0.0110591799,-4.63082415e-07,2.52343375e-06,-6.05270498e-06,5.88155409e-08,4.28339627e-06,-1.59625483e-06
3362,13.448000,-0.00104288047,0.000285438262,0.0022235997,-0.00190418935,-0.0158694778,0.0115485443,-4.63078607e-07,2.52345876e-06,-6.05276546e-06,5.90473945e-08,4.28339217e-06,-1.59625495e-06
3363,13.452000,-0.000778189511,-0.00110186113,3.03971465e-05,0.00171320606,-0.0149190323,0.0109006623,-4.63078919e-07,2.52345217e-06,-6.05274954e-06,5.88149263e-08,4.28339217e-06,-1.59625301e-06
3364,13.456000,-0.000880483887,-0.000289389718,0.00119290466,-0.000339993159,-0.014679851,0.0114651304,-4.63075679e-07,2.52347809e-06,-6.05280957e-06,5.90453766e-08,4.28338944e-06,-1.59625131e-06
3365,13.460000,-0.000918415608,-0.000117333082,0.00154928654,-0.0011814161,-0.0152749997,0.0112190014,-4.63075537e-07,2.52347172e-06,-6.05279502e-06,5.88118603e-08,4.2833899e-06,-1.59625404e-06
3366,13.464000,-0.000874470803,-0.00117023475,-0.000389120891,0.00241865683,-0.0149050448,0.0110185761,-4.63072126e-07,2.52349764e-06,-6.05285322e-06,5.90468332e-08,4.28338808e-06,-1.59625029e-06
3367,13.468000,-0.000887989765,-0.000805861782,0.000456138951,0.000833911588,-0.0146235917,0.0113670724,-4.63071956e-07,2.52350765e-06,-6.05288051e-06,5.90471032e-08,4.28338808e-06,-1.59625381e-06
3368,13.472000,-0.000695902854,-0.000634858094,0.000592399156,0.000557857798,-0.0136337318,0.0107704913,-4.63068147e-07,2.5235172e-06,-6.05290188e-06,5.90456182e-08,4.28338535e-06,-1.59624926e-06
3369,13.476000,-0.000863684108,-0.00025453759,0.00125353411,-0.000322656939,-0.01454701,0.0110810874,-4.6306792e-07,2.52352606e-06,-6.05292325e-06,5.90450817e-08,4.28291924e-06,-1.59624972e-06
3370,13.480000,-0.000807308359,-0.000436025468,0.000851576566,0.000594683574,-0.0140104219,0.010892259,-4.63042056e-07,2.52353448e-06,-6.0529419e-06,5.90396141e-08,4.28290332e-06,-1.59624074e-06
3371,13.484000,-0.000856477534,-0.000430664775,0.000918811187,0.000347954221,-0.0147652859,0.0114810318,-4.6304379e-07,2.52354585e-06,-6.05296918e-06,5.90470961e-08,4.28290332e-06,-1.59624096e-06
3372,13.488000,-0.000986805069,-0.000589500181,0.000907465292,8.6550237e-05,-0.0152674438,0.0113848113,-4.63051151e-07,2.52355562e-06,-6.05299147e-06,5.90428293e-08,4.28290787e-06,-1.59624585e-06
3373,13.492000,-0.000907755108,-0.000866543967,8.8048866e-05,0.00184391858,-0.014575962,0.0114058852,-4.63048508e-07,2.52356404e-06,-6.05301284e-06,5.90389888e-08,4.28290286e-06,-1.59624267e-06
3374,13.496000,-0.000863882829,-0.000209849866,0.00144181109,-0.000874778663,-0.0150381811,0.011541253,-4.63055102e-07,2.52359132e-06,-6.05307332e-06,5.92746829e-08,4.28290741e-06,-1.59624619e-06
3375,13.500000,-0.000880852342,-0.000845593459,0.000480551331,0.000886257563,-0.0156447459,0.0115372613,-4.63053084e-07,2.52358518e-06,-6.05305968e-06,5.90448188e-08,4.28290696e-06,-1.59624244e-06
3376,13.504000,-0.000888417475,-0.000167295118,0.001450432,-0.00103396887,-0.0150707047,0.0113942809,-4.63058313e-07,2.52361133e-06,-6.05312016e-06,5.92752514e-08,4.2829106e-06,-1.59624506e-06
3377,13.508000,-0.00076671259,-0.000801634043,0.000331254269,0.00153323926,-0.0138894795,0.0110033555,-4.63057404e-07,2.52360496e-06,-6.05310242e-06,5.90400155e-08,4.28290969e-06,-1.59624631e-06
3378,13.512000,-0.000685171923,-0.000658224919,0.000537874759,0.000873758225,-0.0130605465,0.0111422231,-4.6306107e-07,2.52363157e-06,-6.05316382e-06,5.92770526e-08,4.28291423e-06,-1.59624733e-06
3379,13.516000,-0.000834207865,-0.000204589771,0.00126666692,-8.7027438e-06,-0.0140278442,0.0111804707,-4.63060502e-07,2.52362406e-06,-6.05314563e-06,5.90439519e-08,4.28291287e-06,-1.59624824e-06
3380,13.520000,-0.00093383831,-0.000737317081,0.000580376131,0.00079041766,-0.0148700411,0.0117260488,-4.63065419e-07,2.52365135e-06,-6.05320793e-06,5.92783849e-08,4.28291514e-06,-1.59625017e-06
3381,13.524000,-0.000968178269,-0.000721374119,0.000225293508,0.00078271958,-0.0162019525,0.0124524301,-4.63065192e-07,2.52365976e-06,-6.05322839e-06,5.92765694e-08,4.28291514e-06,-1.59624665e-06
3382,13.528000,-0.00104460295,-0.00151936826,-0.00111277401,0.00358392997,-0.0160942301,0.012141807,-4.63068943e-07,2.52367045e-06,-6.05325204e-06,5.92774541e-08,4.2829156e-06,-1.59624847e-06
3383,13.532000,-0.000956937554,-0.000573174213,0.000893622055,0.000272350473,-0.0151199698,0.0117971115,-4.63068375e-07,2.52368068e-06,-6.05327477e-06,5.92766085e-08,4.28291742e-06,-1.59624824e-06
3384,13.536000,-0.000812219281,-0.000510461279,0.00101847237,-0.000420119381,-0.0144614894,0.0112601146,-4.63072666e-07,2.52369e-06,-6.05329615e-06,5.92771556e-08,4.28291651e-06,-1.59624892e-06
3385,13.540000,-0.000878919614,-0.000184056873,0.00146625249,-0.000599907129,-0.0145419128,0.0114692003,-4.63072212e-07,2.52369796e-06,-6.05331616e-06,5.92721179e-08,4.28291651e-06,-1.59625017e-06
3386,13.544000,-0.000927429821,-0.00177212828,-0.00102279219,0.00325834611,-0.0153051885,0.0115752537,-4.63076105e-07,2.52370864e-06,-6.05333935e-06,5.92731446e-08,4.28291787e-06,-1.59625074e-06
3387,13.548000,-0.00101142109,-0.00133305346,-0.00028444035,0.00240611378,-0.0154546192,0.0119599337,-4.63075963e-07,2.52373547e-06,-6.05339892e-06,5.95091763e-08,4.2829156e-06,-1.59625029e-06
3388,13.552000,-0.000846414827,-0.000222490111,0.00152640056,-0.000713228481,-0.0148124211,0.0117919967,-4.63080198e-07,2.52372865e-06,-6.053383e-06,5.92723879e-08,4.28292196e-06,-1.59625097e-06
3389,13.556000,-0.00103496888,0.000133345311,0.00133308419,-0.000173910055,-0.0164499972,0.0123519823,-4.63079971e-07,2.52375526e-06,-6.05344258e-06,5.95071725e-08,4.28338535e-06,-1.59625029e-06
3390,13.560000,-0.0007226491,-0.000444274221,0.00101807131,-0.000197757618,-0.0135943312,0.0110038286,-4.63102737e-07,2.52375003e-06,-6.05342939e-06,5.92763847e-08,4.28293379e-06,-1.59626029e-06
3391,13.564000,-0.000956374221,-0.000186740188,0.00153592299,-0.0015482587,-0.0154524716,0.0117728328,-4.63080568e-07,2.52377299e-06,-6.05348532e-06,5.95040675e-08,4.28338308e-06,-1.59624983e-06
3392,13.568000,-0.000894435099,0.000118148346,0.00184823736,-0.00130626198,-0.0143721597,0.0112644797,-4.6310214e-07,2.52376958e-06,-6.05347395e-06,5.92738019e-08,4.28293379e-06,-1.59625949e-06
3393,13.572000,-0.000874848454,2.22398958e-05,0.00159126357,-0.000967336702,-0.0144709852,0.0114454674,-4.63080795e-07,2.52379414e-06,-6.05353125e-06,5.9503634e-08,4.28338308e-06,-1.59625176e-06
3394,13.576000,-0.000718548079,-0.000491703744,0.000926031149,9.60180187e-05,-0.0136522185,0.0111444294,-4.63101401e-07,2.5238046e-06,-6.05355626e-06,5.95045968e-08,4.28293015e-06,-1.59625665e-06
3395,13.580000,-0.000714983325,-0.000437086797,0.00102142082,0.00017106696,-0.0136719067,0.0112834554,-4.63077527e-07,2.52381506e-06,-6.05357673e-06,5.95106826e-08,4.28338126e-06,-1.59624915e-06
3396,13.584000,-0.000899607781,-0.000515496824,0.000845309696,0.000350810587,-0.014907781,0.0119193839,-4.63099553e-07,2.52382483e-06,-6.05360083e-06,5.95052967e-08,4.28292924e-06,-1.59625597e-06
3397,13.588000,-0.000956363278,-0.000762935786,0.000410427543,0.00129058014,-0.0147247519,0.0115601653,-4.63078209e-07,2.52383438e-06,-6.0536222e-06,5.95061351e-08,4.28338399e-06,-1.59625029e-06
3398,13.592000,-0.000786595745,-0.000322887325,0.00104813976,0.000281110872,-0.0141141731,0.0114989914,-4.63103703e-07,2.5238453e-06,-6.05364539e-06,5.95057372e-08,4.28293106e-06,-1.5962604e-06
3399,13.596000,-0.000846922514,-0.000436963193,0.00127724162,-0.00118023588,-0.014873649,0.0117055625,-4.63078919e-07,2.52385371e-06,-6.05366722e-06,5.95043268e-08,4.28338035e-06,-1.59625199e-06
3400,13.600000,-0.000838594337,-0.000305580208,0.0012629038,-0.00045721163,-0.0143576851,0.0113399969,-4.63103817e-07,2.52388054e-06,-6.05372816e-06,5.97393068e-08,4.28292742e-06,-1.59625927e-06
3401,13.604000,-0.000689425913,-0.000772870029,0.000479953189,0.00149045209,-0.0134310862,0.0110618705,-4.63079914e-07,2.5238744e-06,-6.05371088e-06,5.95083876e-08,4.28338126e-06,-1.59624983e-06
3402,13.608000,-0.000892472337,-0.000761226169,0.000610548595,0.000669683504,-0.0143450703,0.0119413696,-4.63102737e-07,2.52390146e-06,-6.05377363e-06,5.97373599e-08,4.28292606e-06,-1.59625631e-06
3403,13.612000,-0.000935742632,-6.75544215e-05,0.00169946975,-0.00170071912,-0.0150275715,0.0115702618,-4.63081221e-07,2.52389259e-06,-6.05375408e-06,5.95021099e-08,4.28338126e-06,-1.59625256e-06
3404,13.616000,-0.000936280529,-0.000100286779,0.00150563929,-0.000565410359,-0.0151526723,0.0116248531,-4.63101628e-07,2.52392056e-06,-6.05381456e-06,5.9735747e-08,4.28292697e-06,-1.59625642e-06
3405,13.620000,-0.000779596099,-0.000521836453,0.000712312059,6.26659021e-05,-0.0138225118,0.0113456417,-4.63084319e-07,2.52433233e-06,-6.05102468e-06,5.60074724e-08,4.28336079e-06,-1.59625176e-06
3406,13.624000,-0.00114790839,-0.135041431,-0.0240190923,-0.013646245,0.0101777948,-9.37003642e-05,-4.63102054e-07,2.52402037e-06,-6.0540483e-06,5.71792285e-08,4.28292105e-06,-1.59625915e-06
3407,13.628000,-0.00115744909,-0.193793714,-0.0104573183,-0.0137804225,0.0106701478,-9.26386565e-05,-4.63089634e-07,2.52454197e-06,-6.05151081e-06,5.50743557e-08,4.28335261e-06,-1.59625017e-06
3408,13.632000,-0.00143258343,-0.230890125,0.000145748258,-0.0125867352,0.00720975455,-0.000100694597,-4.6310646e-07,2.52414293e-06,-6.05433752e-06,5.88054192e-08,4.28291651e-06,-1.59625904e-06
3409,13.636000,-0.00151484832,-0.255200893,0.00812426582,-0.0121635124,0.00343564549,0.00222404301,-4.63088298e-07,2.52446807e-06,-6.05135347e-06,5.76318229e-08,4.28289059e-06,-1.59624915e-06
3410,13.640000,-0.00156611879,-0.270346105,0.0164562203,-0.0126293823,0.0035122612,0.0022259783,-4.63075793e-07,2.52395762e-06,-6.05392643e-06,5.60172246e-08,4.28291241e-06,-1.59625176e-06
3411,13.644000,-0.00160591165,-0.280860871,0.0236225538,-0.0127492398,0.00360587402,0.00222675689,-4.63090316e-07,2.52462996e-06,-6.05173045e-06,5.60017099e-08,4.28288376e-06,-1.59601655e-06
3412,13.648000,-0.00164275686,-0.28875345,0.0294824094,-0.0132523701,0.0036594253,0.00222698972,-4.63089151e-07,2.52413042e-06,-6.0543307e-06,5.83413708e-08,4.28291105e-06,-1.59625267e-06
3413,13.652000,-0.00167784793,-0.295094848,0.033971861,-0.0137430876,0.00371266226,0.00222728401,-4.63094068e-07,2.52452287e-06,-6.05149717e-06,5.80990651e-08,4.28289377e-06,-1.59625233e-06
3414,13.656000,-0.00171498861,-0.30031389,0.0375325866,-0.0143602341,0.003780375,0.00222780555,-4.63085598e-07,2.52396308e-06,-6.05395644e-06,5.95042877e-08,4.28291878e-06,-1.59625506e-06
3415,13.660000,-0.0017523237,-0.304710597,0.0404697247,-0.0151188076,0.0038494179,0.00222842023,-4.63096569e-07,2.52441032e-06,-6.05124296e-06,5.62419373e-08,4.28289786e-06,-1.59625472e-06
3416,13.664000,-0.00178824645,-0.308560431,0.0428445116,-0.015875645,0.00391879771,0.0022289753,-4.63091709e-07,2.52409609e-06,-6.05426476e-06,5.74100696e-08,4.28291332e-06,-1.59625677e-06
3417,13.668000,-0.00182364206,-0.311971486,0.044859264,-0.0167358816,0.00398367643,0.00222940557,-4.63103277e-07,2.52460291e-06,-6.05169043e-06,5.50723449e-08,4.28289468e-06,-1.59625688e-06
3418,13.672000,-0.00185886119,-0.315071076,0.0465568155,-0.0175885633,0.0040446925,0.002229793,-4.63095347e-07,2.52421978e-06,-6.05455489e-06,5.90359335e-08,4.28291105e-06,-1.59625688e-06
3419,13.676000,-0.00189337903,-0.317926198,0.0480216146,-0.0184407458,0.00410918053,0.00223013572,-4.63105636e-07,2.52453083e-06,-6.05153173e-06,5.76309915e-08,4.28290195e-06,-1.59625642e-06
3420,13.680000,-0.0019279432,-0.320586711,0.04932319,-0.0193129033,0.0041705491,0.00223049149,-4.63094636e-07,2.5240372e-06,-6.05414471e-06,5.62466624e-08,4.28291878e-06,-1.59619822e-06
3421,13.684000,-0.000477913476,-0.1140294,0.112943113,1.72760338e-05,-0.00176379038,0.00221721223,-4.63105522e-07,2.5246909e-06,-6.05190598e-06,5.599912e-08,4.28289104e-06,-1.59608214e-06
3422,13.688000,-0.000470068335,-0.0339678153,0.0984518081,4.28855419e-05,-0.00165046193,0.00221695146,-4.6310052e-07,2.52420705e-06,-6.05454352e-06,5.8568439e-08,4.2829156e-06,-1.59619833e-06
3423,13.692000,-0.000378475641,-0.00638104975,0.0635588393,0.000209035352,-0.000848166179,0.00221718219,-4.63108336e-07,2.52458403e-06,-6.05167088e-06,5.80963899e-08,4.28290195e-06,-1.59631622e-06
3424,13.696000,-0.000297722901,-0.00165999122,0.0318293571,0.000294664875,-0.000489226775,0.00221732119,-4.6309728e-07,2.52404288e-06,-6.05417381e-06,5.97389231e-08,4.28292242e-06,-1.59614262e-06
3425,13.700000,-0.000291003933,0.00473193359,0.0155184548,0.000145131722,-0.00100008654,0.00221604458,-4.63110894e-07,2.52448763e-06,-6.05145306e-06,5.64718547e-08,4.28337353e-06,-1.59614376e-06
3426,13.704000,-0.000300808315,0.0115401959,0.00723377056,4.97046858e-05,-0.00132777588,0.00221535098,-4.63123939e-07,2.52415862e-06,-6.05443665e-06,5.74056926e-08,4.28293151e-06,-1.59614683e-06
3427,13.708000,-0.000308143208,0.0167943574,0.00291275792,-2.36183405e-06,-0.00150249572,0.00221505994,-4.63108762e-07,2.52468067e-06,-6.05189871e-06,5.52997435e-08,4.28347767e-06,-1.59614262e-06
3428,13.712000,-0.000315679266,0.0208118372,0.00142561458,-2.37617642e-05,-0.0015665153,0.00221502874,-4.6314446e-07,2.52429982e-06,-6.05476771e-06,5.92673643e-08,4.2831698e-06,-1.59615684e-06
3429,13.716000,-0.000323383341,0.0231078677,0.000737406313,-3.58466059e-05,-0.0015957742,0.00221508089,-4.63116038e-07,2.52459313e-06,-6.05170681e-06,5.76351695e-08,4.28325347e-06,-1.59608862e-06
3430,13.720000,-0.000330315728,0.0241605211,0.000371573493,-4.35691327e-05,-0.00161026348,0.00221515587,-4.63119875e-07,2.52411542e-06,-6.05435389e-06,5.6476793e-08,4.28305157e-06,-1.59615126e-06
3431,13.724000,-0.00033621912,0.0244108289,0.000171288848,-4.93228436e-05,-0.00161932805,0.00221524248,-4.63118369e-07,2.52477025e-06,-6.05211881e-06,5.623248e-08,4.28324711e-06,-1.59591184e-06
3432,13.728000,-0.000341272971,0.0241621081,7.14920461e-05,-5.31319529e-05,-0.00162210898,0.0022153398,-4.63121779e-07,2.52427185e-06,-6.05471678e-06,5.85677356e-08,4.28304656e-06,-1.5961507e-06
3433,13.732000,-0.000346680463,0.0236110874,3.85064632e-05,-5.64865768e-05,-0.00162288477,0.00221543573,-4.63118312e-07,2.5246643e-06,-6.05188188e-06,5.83283146e-08,4.28325257e-06,-1.59614569e-06
3434,13.736000,-0.000351494993,0.0228759497,4.03374434e-05,-5.95767051e-05,-0.00162412785,0.0022155277,-4.63112656e-07,2.52410518e-06,-6.05434388e-06,5.97373386e-08,4.28305066e-06,-1.5960934e-06
3435,13.740000,-0.000356042263,0.0220334716,6.97821379e-05,-6.17895275e-05,-0.00162221491,0.00221562665,-4.63122689e-07,2.52456744e-06,-6.05166588e-06,5.67000136e-08,4.28314524e-06,-1.59615092e-06
3436,13.744000,-0.00152010261,-0.0087942332,0.0264404193,-0.0522924513,0.00088654086,0.00222139386,-4.63101628e-07,2.52422069e-06,-6.05460718e-06,5.74035433e-08,4.2832653e-06,-1.5960851e-06
3437,13.748000,-0.00159154297,-0.0292980354,0.0340762138,-0.0530217141,0.000899810344,0.00222160295,-4.63129766e-07,2.52476525e-06,-6.05211426e-06,5.55400277e-08,4.28290559e-06,-1.59621118e-06
3438,13.752000,-0.00170853967,-0.0324738249,0.0542459115,-0.0683910549,0.0011126399,0.00211297674,-4.63093556e-07,2.52436098e-06,-6.05493733e-06,5.92644653e-08,4.28302201e-06,-1.59625711e-06
3439,13.756000,-0.00178173766,-0.0325063542,0.0680541694,-0.0751592889,0.00172242429,0.00173408538,-4.63110524e-07,2.52467203e-06,-6.05191553e-06,5.78653321e-08,4.28313433e-06,-1.59626438e-06
3440,13.760000,-0.00183075131,-0.0325299911,0.0770630687,-0.0790684074,0.00198133476,0.00159313064,-4.63114105e-07,2.52419568e-06,-6.05456125e-06,6.04318373e-08,4.28316253e-06,-1.59620765e-06
3441,13.764000,-0.00186810084,-0.032552395,0.0833484605,-0.0821501687,0.00219169818,0.00147989159,-4.63108023e-07,2.52457471e-06,-6.0516968e-06,5.62359332e-08,4.28325075e-06,-1.59626143e-06
3442,13.768000,-0.00189868105,-0.0325743556,0.0878796056,-0.0847493112,0.00239971932,0.00136586232,-4.63117658e-07,2.52429732e-06,-6.05479272e-06,5.78736596e-08,4.28292742e-06,-1.59626893e-06
3443,13.772000,-0.00192531326,-0.032595437,0.0912563205,-0.0870163441,0.00257432088,0.00127327954,-4.63099809e-07,2.52478594e-06,-6.05217656e-06,5.90237406e-08,4.28347175e-06,-1.59626052e-06
3444,13.776000,-0.00194991741,-0.0326157399,0.093870841,-0.0890494883,0.0027139606,0.0012043952,-4.63134228e-07,2.52416362e-06,-6.05449168e-06,5.95030016e-08,4.28317617e-06,-1.59621561e-06
3445,13.780000,-0.00197356753,-0.0326356217,0.0959966183,-0.0909604579,0.0028642714,0.00112288864,-4.63107341e-07,2.52465634e-06,-6.05188325e-06,5.69263534e-08,4.28324756e-06,-1.59626256e-06
3446,13.784000,-0.00199644524,-0.0326558985,0.0977883264,-0.092748262,0.00303132273,0.00103298342,-4.6312158e-07,2.52429686e-06,-6.0547959e-06,5.74053658e-08,4.28293288e-06,-1.59621368e-06
3447,13.788000,-0.0020181716,-0.0326763727,0.0993625522,-0.0944779217,0.00321054365,0.000931339338,-4.63099525e-07,2.52485074e-06,-6.05232754e-06,5.57627331e-08,4.28346902e-06,-1.59631816e-06
3448,13.792000,-0.00203947816,-0.0326975212,0.100785851,-0.096144937,0.00343640242,0.00079319207,-4.63133603e-07,2.52443715e-06,-6.05512196e-06,5.92651439e-08,4.28316343e-06,-1.59621572e-06
3449,13.796000,-0.00206089206,-0.0327184238,0.102107286,-0.0977670103,0.00365237892,0.000661419239,-4.631097e-07,2.52476366e-06,-6.05213654e-06,5.8098081e-08,4.28324802e-06,-1.59626427e-06
3450,13.800000,-0.0020819786,-0.0327393003,0.103357002,-0.0993534923,0.00386246387,0.000533101149,-4.63112798e-07,2.5242698e-06,-6.0547427e-06,6.04340116e-08,4.28292969e-06,-1.59620924e-06
3451,13.804000,-0.00261464412,-0.0410969108,0.187091395,-0.293688565,0.00520345243,0.00171892345,-4.63102339e-07,2.52466384e-06,-6.05191372e-06,5.64657441e-08,4.2833617e-06,-1.59625756e-06
3452,13.808000,-0.00263212761,-0.0570674911,0.188458368,-0.295204967,0.00604948821,0.00114292558,-4.63118084e-07,2.52438576e-06,-6.05501191e-06,5.81024366e-08,4.28292697e-06,-1.59627018e-06
3453,13.812000,-0.00266268756,-0.0658016875,0.192407861,-0.295522273,0.00640038075,0.000936177559,-4.63095972e-07,2.52487484e-06,-6.05239393e-06,5.92581841e-08,4.28346493e-06,-1.59625654e-06
3454,13.816000,-0.0026934077,-0.0716647357,0.196203545,-0.295604706,0.00670732651,0.000755861402,-4.63125843e-07,2.5242507e-06,-6.05470723e-06,5.97310077e-08,4.28316935e-06,-1.59621436e-06
3455,13.820000,-0.00272102444,-0.0760891661,0.199337363,-0.295753062,0.00700179674,0.000584814698,-4.63105863e-07,2.52474638e-06,-6.05209971e-06,5.71624739e-08,4.28324893e-06,-1.59626222e-06
3456,13.824000,-0.00276124664,-0.0796419531,0.201804638,-0.295965135,0.00722320098,0.000497657806,-4.63111206e-07,2.52438417e-06,-6.05501009e-06,5.7638708e-08,4.28292105e-06,-1.59620697e-06
3457,13.828000,-0.00293384353,-0.0825927779,0.203749806,-0.296260625,0.00715190498,0.000563375652,-4.63109217e-07,2.52493919e-06,-6.05254536e-06,5.59951268e-08,4.28335579e-06,-1.59631918e-06
3458,13.832000,-0.00314088911,-0.0851126984,0.205287799,-0.29660067,0.00707820524,0.000623880886,-4.63113196e-07,2.52452469e-06,-6.0553366e-06,5.94989835e-08,4.28291378e-06,-1.59620765e-06
3459,13.836000,-0.00336993672,-0.0873028859,0.206536263,-0.297002017,0.00701793702,0.000670815818,-4.63098814e-07,2.52485052e-06,-6.05234573e-06,5.83210316e-08,4.28288422e-06,-1.59631452e-06
3460,13.840000,-0.00360196969,-0.0892535895,0.207556039,-0.29741779,0.00698838476,0.000695164315,-4.63081705e-07,2.52434165e-06,-6.05492005e-06,6.04327752e-08,4.28290696e-06,-1.59614103e-06
3461,13.844000,-0.00385241653,-0.0910211727,0.208409101,-0.297855735,0.00696261507,0.000717985444,-4.6310015e-07,2.52475479e-06,-6.05212517e-06,5.67017651e-08,4.28289331e-06,-1.59614217e-06
3462,13.848000,-0.00410381611,-0.0926465318,0.209129348,-0.298290014,0.00694898795,0.000733225606,-4.63098246e-07,2.52445648e-06,-6.05518153e-06,5.80983865e-08,4.28291105e-06,-1.59614365e-06
3463,13.852000,-0.00435443968,-0.0941552669,0.209767789,-0.29875052,0.00693826377,0.000741617754,-4.63109615e-07,2.52496375e-06,-6.05260539e-06,5.94904712e-08,4.28288922e-06,-1.59614478e-06
3464,13.856000,-0.00460719038,-0.0955756307,0.210338056,-0.299218446,0.00693289191,0.000746750273,-4.63096882e-07,2.52432119e-06,-6.05487912e-06,5.97341696e-08,4.28291787e-06,-1.59608783e-06
3465,13.860000,-0.00487588253,-0.0969358534,0.21082665,-0.299637884,0.00692008156,0.000762231648,-4.63109131e-07,2.52483392e-06,-6.05230935e-06,5.73970418e-08,4.28289695e-06,-1.59620413e-06
3466,13.864000,-0.00202818564,-0.110234872,0.272864938,-0.469882905,0.00800792035,-0.0017779991,-4.63101344e-07,2.52445329e-06,-6.05517971e-06,5.76298618e-08,4.28291105e-06,-1.5962612e-06
3467,13.868000,-0.00190611114,-0.133605123,0.267218441,-0.47375524,0.00576780131,-0.000232703984,-4.63115924e-07,2.52502764e-06,-6.05275136e-06,5.6229748e-08,4.28289104e-06,-1.5962637e-06
3468,13.872000,-0.00189394504,-0.144089401,0.268970013,-0.474673986,0.00500300853,0.00031924434,-4.63107739e-07,2.52499717e-06,-6.05268951e-06,5.57614044e-08,4.28300291e-06,-1.59625995e-06
3469,13.876000,-0.00190387294,-0.15009883,0.271979868,-0.474911779,0.00489712087,0.00041864533,-4.63113565e-07,2.5246145e-06,-6.05555579e-06,5.9727931e-08,4.28314479e-06,-1.59626745e-06
3470,13.880000,-0.00191933778,-0.154225022,0.274719775,-0.475030243,0.00495852437,0.000402853824,-4.63126099e-07,2.52492737e-06,-6.05253217e-06,5.83270854e-08,4.28313615e-06,-1.59620936e-06
3471,13.884000,-0.00193529623,-0.157360196,0.276926816,-0.475165188,0.0050716633,0.000351787545,-4.6310754e-07,2.52443078e-06,-6.05513833e-06,6.06590618e-08,4.28326712e-06,-1.59626586e-06
3472,13.888000,-0.00195101206,-0.159857765,0.278674662,-0.475390106,0.00519267377,0.000292215496,-4.63136274e-07,2.52482914e-06,-6.05230889e-06,5.66973775e-08,4.28291469e-06,-1.5962155e-06
3473,13.892000,-0.00198021391,-0.161931247,0.280028999,-0.475649416,0.00531564932,0.000255782157,-4.63096967e-07,2.52454765e-06,-6.05540481e-06,5.83344573e-08,4.28302064e-06,-1.59625995e-06
3474,13.896000,-0.0020912753,-0.163680837,0.281107306,-0.4759624,0.00527664879,0.000296279788,-4.63128373e-07,2.5250406e-06,-6.0527891e-06,5.94900804e-08,4.28313206e-06,-1.59626745e-06
3475,13.900000,-0.00223795464,-0.165199354,0.281962931,-0.476292491,0.00522042206,0.000338268466,-4.63114247e-07,2.52481755e-06,-6.05228752e-06,5.62345797e-08,4.28325393e-06,-1.59620754e-06
3476,13.904000,-0.00239856122,-0.166533381,0.282679886,-0.476677358,0.00517819496,0.00036838185,-4.63126185e-07,2.52460086e-06,-6.05552941e-06,5.87948463e-08,4.28303883e-06,-1.59627007e-06
3477,13.908000,-0.0025652824,-0.167745709,0.283258229,-0.477031946,0.00515465718,0.000386020169,-4.63119022e-07,2.52504378e-06,-6.05280366e-06,5.92560099e-08,4.28324483e-06,-1.59626586e-06
3478,13.912000,-0.00274144555,-0.168854311,0.28374967,-0.477392852,0.00513409451,0.000402993523,-4.63128146e-07,2.52485574e-06,-6.05237437e-06,5.64641063e-08,4.28302656e-06,-1.59621129e-06
3479,13.916000,-0.00291843549,-0.169878393,0.284188837,-0.477787495,0.00512249628,0.000409705564,-4.63110695e-07,2.52460586e-06,-6.05554305e-06,5.85625664e-08,4.28326302e-06,-1.59626813e-06
3480,13.920000,-0.003094838,-0.170840472,0.284569412,-0.478158444,0.00511375489,0.000416163355,-4.63138406e-07,2.5250838e-06,-6.05289642e-06,5.94872667e-08,4.28290241e-06,-1.59627064e-06
3481,13.924000,-0.000337470789,-0.179871082,0.325366527,-0.599906325,0.00209705438,-0.00222127559,-4.63101912e-07,2.52487644e-06,-6.05243031e-06,5.64650016e-08,4.28300746e-06,-1.59620186e-06
3482,13.928000,-0.000222946517,-0.196082979,0.319278151,-0.603209317,-0.000128659187,-0.000659066252,-4.63116521e-07,2.52464361e-06,-6.05563309e-06,5.87916524e-08,4.28314934e-06,-1.59632543e-06
3483,13.932000,-0.000187696423,-0.202912182,0.319321364,-0.604224801,-0.00136249617,0.000200462993,-4.63122035e-07,2.52510381e-06,-6.05294736e-06,5.94870002e-08,4.28324165e-06,-1.5962097e-06
3484,13.936000,-0.000177683309,-0.206609935,0.320678055,-0.604623675,-0.00167711254,0.000422200188,-4.6312698e-07,2.52489872e-06,-6.05248306e-06,5.64645433e-08,4.28302519e-06,-1.59627007e-06
3485,13.940000,-0.00017445744,-0.209075317,0.322083175,-0.604876518,-0.00173458166,0.0004642657,-4.631124e-07,2.52466543e-06,-6.05568812e-06,5.879523e-08,4.28325939e-06,-1.59620583e-06
3486,13.944000,-0.000173737761,-0.210940078,0.32326448,-0.605111182,-0.00172291684,0.000454240944,-4.63136416e-07,2.52512586e-06,-6.05299829e-06,5.94854725e-08,4.28290377e-06,-1.59632918e-06
3487,13.948000,-0.000172716333,-0.212434545,0.32422781,-0.605388403,-0.00168909505,0.000428487547,-4.63098843e-07,2.52491964e-06,-6.05253035e-06,5.64618645e-08,4.28300882e-06,-1.59614569e-06
3488,13.952000,-0.000172273256,-0.213687748,0.325000376,-0.605697632,-0.00164704118,0.000392743852,-4.63115697e-07,2.52468612e-06,-6.05573723e-06,5.87975251e-08,4.28314843e-06,-1.59615365e-06
3489,13.956000,-0.000171553576,-0.214766428,0.325621337,-0.606008291,-0.00160148391,0.000356912613,-4.63121069e-07,2.52514519e-06,-6.05304785e-06,5.94823568e-08,4.28324074e-06,-1.59614945e-06
3490,13.960000,-0.000170519575,-0.215716243,0.326133817,-0.606336236,-0.0015559881,0.000320663676,-4.63125332e-07,2.52495647e-06,-6.05262039e-06,5.66961624e-08,4.28302201e-06,-1.59609658e-06
3491,13.964000,-0.00017004367,-0.216569796,0.326562703,-0.606674373,-0.0014981,0.000276100356,-4.63111775e-07,2.52470727e-06,-6.05578634e-06,5.87910733e-08,4.28326075e-06,-1.59614945e-06
3492,13.968000,-0.000170145882,-0.217354938,0.326917678,-0.606987178,-0.00145396939,0.000237769913,-4.63140424e-07,2.5251677e-06,-6.05310106e-06,5.94839875e-08,4.28290105e-06,-1.59615854e-06
3493,13.972000,-0.000169171952,-0.218074724,0.327245504,-0.60733819,-0.00139757665,0.000194731634,-4.63102452e-07,2.52497648e-06,-6.05267087e-06,5.6693807e-08,4.28300973e-06,-1.59608896e-06
3494,13.976000,-0.000168889295,-0.21875596,0.327527702,-0.607667208,-0.00135050109,0.000155526213,-4.63113736e-07,2.5247291e-06,-6.05583591e-06,5.87954538e-08,4.28314434e-06,-1.59615365e-06
3495,13.980000,-0.000168617582,-0.219398901,0.327788919,-0.60800302,-0.00129642733,0.00011286512,-4.63129453e-07,2.52520408e-06,-6.05318746e-06,5.97159655e-08,4.28312615e-06,-1.59615365e-06
3496,13.984000,0.00126843411,-0.227073312,0.336778641,-0.632397175,-0.00406386284,-0.00159447081,-4.63115697e-07,2.52498239e-06,-6.05268224e-06,5.64621487e-08,4.28324665e-06,-1.59609385e-06
3497,13.988000,0.00134396763,-0.233755112,0.337168902,-0.633308768,-0.00672596507,0.000286044553,-4.631259e-07,2.52476616e-06,-6.05592686e-06,5.90252469e-08,4.28303247e-06,-1.59615797e-06
3498,13.992000,0.00137627381,-0.237426996,0.338648111,-0.633639216,-0.00766869588,0.000934615731,-4.63120102e-07,2.52520886e-06,-6.05319656e-06,5.94832237e-08,4.28323756e-06,-1.59609453e-06
3499,13.996000,0.00139535125,-0.239847422,0.340098202,-0.633834422,-0.00799485389,0.00114692561,-4.63128515e-07,2.52503673e-06,-6.05281002e-06,5.6929867e-08,4.28302019e-06,-1.5961574e-06
3500,14.000000,0.001410041,-0.24162586,0.34129253,-0.634025693,-0.00811837986,0.0012163464,-4.63117914e-07,2.52517384e-06,-6.05312516e-06,5.50636621e-08,4.28323847e-06,-1.5960926e-06
3501,14.004000,0.00142309372,-0.243013397,0.342232347,-0.634241462,-0.00818444509,0.00124098547,-4.63133944e-07,2.52534119e-06,-6.05350942e-06,5.73846748e-08,4.28300791e-06,-1.59621459e-06
3502,14.008000,0.00143634551,-0.244131446,0.342973977,-0.634496689,-0.00820630882,0.00123308785,-4.63117715e-07,2.52521318e-06,-6.05322566e-06,5.55241257e-08,4.28323892e-06,-1.59627166e-06
3503,14.012000,0.00144949334,-0.24506174,0.343560815,-0.634776175,-0.0082468316,0.00123876147,-4.63130618e-07,2.52533096e-06,-6.0534976e-06,5.71524232e-08,4.283007e-06,-1.59621413e-06
3504,14.016000,0.00146201858,-0.245850638,0.344030946,-0.635067523,-0.00829018652,0.00124494359,-4.63117999e-07,2.52523751e-06,-6.05328887e-06,5.57606015e-08,4.28323756e-06,-1.59627109e-06
3505,14.020000,0.00147475256,-0.246544227,0.344403148,-0.635345101,-0.00832582824,0.00124631636,-4.63128941e-07,2.52532323e-06,-6.05348532e-06,5.6920527e-08,4.28300564e-06,-1.59621322e-06
3506,14.024000,0.00148745999,-0.247162774,0.344708502,-0.635618448,-0.00835401285,0.00124309584,-4.63117857e-07,2.52526047e-06,-6.05334799e-06,5.59900535e-08,4.28323619e-06,-1.59627052e-06
3507,14.028000,0.00150018954,-0.247716099,0.344987929,-0.635927439,-0.00837580767,0.00123581849,-4.63126753e-07,2.52531368e-06,-6.05347532e-06,5.66910643e-08,4.28300746e-06,-1.59621595e-06
3508,14.032000,0.00151288393,-0.248219803,0.345231831,-0.6362378,-0.00840653293,0.00123488344,-4.63114475e-07,2.52528139e-06,-6.05340801e-06,5.62198075e-08,4.28323256e-06,-1.59626643e-06
3509,14.036000,0.00152566005,-0.248705193,0.345428139,-0.636510611,-0.00842768978,0.00122895464,-4.63126753e-07,2.52532095e-06,-6.05349851e-06,5.66875791e-08,4.283007e-06,-1.59627177e-06
3510,14.040000,0.00153750461,-0.249149859,0.345628828,-0.636824965,-0.00845022034,0.00121915527,-4.63113793e-07,2.52529026e-06,-6.05343439e-06,5.62257121e-08,4.28323301e-06,-1.59621038e-06
3511,14.044000,0.00189481676,-0.252779871,0.310015917,-0.532236338,-0.00863028318,0.00101686642,-4.63126355e-07,2.52532686e-06,-6.05352034e-06,5.66888829e-08,4.28300564e-06,-1.5962712e-06
3512,14.048000,0.00188528537,-0.243644893,0.317882717,-0.529722333,-0.00921864808,0.00145345926,-4.63113537e-07,2.52529594e-06,-6.05345622e-06,5.62189442e-08,4.2832321e-06,-1.59621027e-06
3513,14.052000,0.00189740479,-0.241075605,0.320194513,-0.529173136,-0.00954618864,0.00167057849,-4.63131926e-07,2.52533391e-06,-6.05354444e-06,5.66859342e-08,4.28289286e-06,-1.59627257e-06
3514,14.056000,0.00191236113,-0.240482643,0.320899963,-0.529233873,-0.00971453637,0.00176498666,-4.63104271e-07,2.5253205e-06,-6.05351943e-06,5.64541978e-08,4.28299199e-06,-1.5962072e-06
3515,14.060000,0.00192736683,-0.240504965,0.321127355,-0.529438138,-0.00984722376,0.00183644891,-4.63115555e-07,2.52532368e-06,-6.0535308e-06,5.64549367e-08,4.28311614e-06,-1.59632827e-06
3516,14.064000,0.00194084784,-0.240715116,0.32124716,-0.529718637,-0.00992730539,0.00186808966,-4.63117544e-07,2.52532936e-06,-6.05354626e-06,5.64575444e-08,4.28323528e-06,-1.59615456e-06
3517,14.068000,0.00195459649,-0.241000339,0.321326941,-0.529983282,-0.0100027993,0.00189931318,-4.63126696e-07,2.52534869e-06,-6.05359401e-06,5.66862859e-08,4.28300564e-06,-1.59609931e-06
3518,14.072000,0.00196768693,-0.241303012,0.321413815,-0.530262232,-0.0100340247,0.00189746544,-4.63115185e-07,2.52533528e-06,-6.0535699e-06,5.6455697e-08,4.28323483e-06,-1.5961524e-06
3519,14.076000,0.00198080391,-0.241618171,0.321499377,-0.530528128,-0.0100738145,0.00190466829,-4.6312482e-07,2.52535779e-06,-6.0536172e-06,5.66856038e-08,4.28300564e-06,-1.59609681e-06
3520,14.080000,0.00199360889,-0.241939664,0.32158491,-0.53078866,-0.0100941285,0.00189670175,-4.63115526e-07,2.52534505e-06,-6.05359583e-06,5.64564644e-08,4.28323392e-06,-1.59615331e-06
3521,14.084000,0.00200671563,-0.242250994,0.32169199,-0.531071544,-0.010133069,0.00190258585,-4.63123826e-07,2.52536529e-06,-6.05364357e-06,5.66849963e-08,4.28300473e-06,-1.5960976e-06
3522,14.088000,0.00201927009,-0.24257192,0.321774393,-0.531305611,-0.0101793846,0.00191308744,-4.63115271e-07,2.52535324e-06,-6.05361993e-06,5.64540095e-08,4.28323392e-06,-1.59615365e-06
3523,14.092000,0.00203178125,-0.242883354,0.321873635,-0.531564772,-0.0102060307,0.00190998986,-4.6312752e-07,2.52537438e-06,-6.05366995e-06,5.66871137e-08,4.28300564e-06,-1.59609874e-06
3524,14.096000,0.00204441044,-0.243192583,0.321968198,-0.531808019,-0.0102478964,0.00191848539,-4.63114219e-07,2.52536211e-06,-6.05364721e-06,5.64563045e-08,4.28323392e-06,-1.59615638e-06
3525,14.100000,0.00205753348,-0.243499815,0.32205978,-0.532046199,-0.0102759562,0.00191809423,-4.63125986e-07,2.52538325e-06,-6.05369769e-06,5.66888332e-08,4.28300427e-06,-1.59609897e-06
3526,14.104000,0.00193580776,-0.25338459,0.251131386,-0.362263173,-0.00955385156,0.00191999972,-4.63113992e-07,2.52537052e-06,-6.05367086e-06,5.64537999e-08,4.28323301e-06,-1.59615661e-06
3527,14.108000,0.00189047307,-0.236363351,0.259048998,-0.35887289,-0.00941492431,0.00186735671,-4.63124707e-07,2.52539166e-06,-6.05372225e-06,5.66858169e-08,4.28300291e-06,-1.59610067e-06
3528,14.112000,0.00189128495,-0.229610965,0.260019422,-0.35822919,-0.0094774887,0.00190822035,-4.63113935e-07,2.52539667e-06,-6.05373816e-06,5.6689526e-08,4.28323301e-06,-1.59615797e-06
3529,14.116000,0.00190258375,-0.226479799,0.259292006,-0.358326018,-0.00952327624,0.00192344096,-4.63123371e-07,2.52540053e-06,-6.05375044e-06,5.66834757e-08,4.28300518e-06,-1.59610192e-06
3530,14.120000,0.00191537652,-0.224797443,0.258373827,-0.358632922,-0.00957703404,0.00194081105,-4.63109814e-07,2.52540462e-06,-6.05376181e-06,5.6688517e-08,4.28322801e-06,-1.59615331e-06
3531,14.124000,0.00192892225,-0.223818004,0.257604152,-0.358955711,-0.00961911678,0.00195050519,-4.63128174e-07,2.52540985e-06,-6.05377863e-06,5.66849749e-08,4.28289059e-06,-1.59610113e-06
3532,14.128000,0.00194156088,-0.223245323,0.257027358,-0.359245449,-0.00965631008,0.00195471663,-4.63102396e-07,2.52541395e-06,-6.05379091e-06,5.6683966e-08,4.28299063e-06,-1.59615161e-06
3533,14.132000,0.00195430685,-0.222921848,0.256632894,-0.359537244,-0.00968602486,0.00195511431,-4.63111405e-07,2.52542009e-06,-6.05380637e-06,5.66859981e-08,4.28311341e-06,-1.59609669e-06
3534,14.136000,0.00196670485,-0.222778961,0.256357908,-0.359782517,-0.00971953105,0.00195883401,-4.63122461e-07,2.52542418e-06,-6.05381592e-06,5.66852876e-08,4.28311978e-06,-1.59615843e-06
3535,14.140000,0.00197906839,-0.222748235,0.25619477,-0.360040486,-0.00975206867,0.00196070224,-4.63113963e-07,2.52542986e-06,-6.05383229e-06,5.66842289e-08,4.28322801e-06,-1.59609635e-06
3536,14.144000,0.00199154904,-0.222804323,0.256097734,-0.360277504,-0.00977888703,0.00196072739,-4.63119278e-07,2.52543487e-06,-6.05384503e-06,5.66825342e-08,4.28300018e-06,-1.59615956e-06
3537,14.148000,0.00200327067,-0.222922936,0.256038785,-0.360479593,-0.0098198615,0.00196940079,-4.63113651e-07,2.52543873e-06,-6.05385958e-06,5.66823388e-08,4.28322892e-06,-1.59609897e-06
3538,14.152000,0.00201570522,-0.22308524,0.256015241,-0.360679388,-0.00984796695,0.00197093189,-4.63129169e-07,2.52544555e-06,-6.05387504e-06,5.66876466e-08,4.28289241e-06,-1.59616491e-06
3539,14.156000,0.00202771393,-0.223270178,0.256027132,-0.360889435,-0.00988355465,0.0019768104,-4.63104101e-07,2.52544783e-06,-6.05388368e-06,5.66844989e-08,4.28299245e-06,-1.59609783e-06
3540,14.160000,0.0020399245,-0.223469064,0.256064177,-0.361111045,-0.00991970394,0.00198180787,-4.63112997e-07,2.52545351e-06,-6.05389778e-06,5.66853124e-08,4.28311296e-06,-1.59615911e-06
3541,14.164000,0.001571981,-0.233993739,0.163474351,-0.183741599,-0.00852929894,0.00220504683,-4.63121495e-07,2.52547466e-06,-6.05394689e-06,5.69169565e-08,4.28311705e-06,-1.59610363e-06
3542,14.168000,0.00152164861,-0.210972741,0.163908809,-0.181638539,-0.0082277162,0.00203053746,-4.63111093e-07,2.52546192e-06,-6.05392233e-06,5.66852236e-08,4.2832271e-06,-1.59615604e-06
3543,14.172000,0.00151648,-0.199108541,0.160180792,-0.181679323,-0.00802544039,0.00188607257,-4.6312411e-07,2.52548398e-06,-6.05397327e-06,5.69187435e-08,4.28288467e-06,-1.59610295e-06
3544,14.176000,0.00152377202,-0.192076445,0.156282306,-0.182199329,-0.00792361703,0.00180253386,-4.63102509e-07,2.52547147e-06,-6.05394871e-06,5.66875471e-08,4.28299109e-06,-1.59615479e-06
3545,14.180000,0.00153350306,-0.187536016,0.153135762,-0.182754502,-0.00786390156,0.00174381863,-4.63116521e-07,2.52549239e-06,-6.05399873e-06,5.69149634e-08,4.28311341e-06,-1.59609988e-06
3546,14.184000,0.00154417066,-0.184484854,0.150803089,-0.183259606,-0.00783107709,0.0017041536,-4.63118198e-07,2.52548148e-06,-6.05397236e-06,5.66844598e-08,4.28323074e-06,-1.59616206e-06
3547,14.188000,0.00155451475,-0.182423353,0.149107128,-0.183648556,-0.00782359112,0.00168242864,-4.63122205e-07,2.52550285e-06,-6.05402556e-06,5.69163632e-08,4.28300018e-06,-1.59610272e-06
3548,14.192000,0.00156484405,-0.181032896,0.147924259,-0.184004009,-0.0078183189,0.00166270323,-4.63111832e-07,2.52549125e-06,-6.05399737e-06,5.66845486e-08,4.28322755e-06,-1.59615922e-06
3549,14.196000,0.00157501572,-0.180120632,0.147099063,-0.184299394,-0.00782346074,0.00165049639,-4.63132267e-07,2.52551263e-06,-6.05405148e-06,5.6917095e-08,4.28289059e-06,-1.59610624e-06
3550,14.200000,0.00158490357,-0.179551184,0.146525264,-0.184536919,-0.00783870183,0.00164630357,-4.63104129e-07,2.52549921e-06,-6.05402374e-06,5.66877105e-08,4.28299063e-06,-1.5961582e-06
3551,14.204000,0.00159489969,-0.179213524,0.146160096,-0.184785441,-0.00785837695,0.00164464861,-4.6311547e-07,2.52552013e-06,-6.05407286e-06,5.69145264e-08,4.28311114e-06,-1.59610227e-06
3552,14.208000,0.00160423003,-0.179047018,0.145927057,-0.185004145,-0.00788103603,0.00164358225,-4.63119562e-07,2.52552491e-06,-6.05408195e-06,5.69172904e-08,4.28323165e-06,-1.59616377e-06
3553,14.212000,0.00161382183,-0.179012641,0.145770803,-0.185173243,-0.00789666548,0.00163855497,-4.63120386e-07,2.52552877e-06,-6.05409787e-06,5.69154501e-08,4.28299927e-06,-1.59610306e-06
3554,14.216000,0.00162365707,-0.17905876,0.145694643,-0.18534334,-0.00791526865,0.00163748302,-4.63110297e-07,2.52553446e-06,-6.05410787e-06,5.69126257e-08,4.28322483e-06,-1.59615695e-06
3555,14.220000,0.0016331533,-0.179162741,0.145669729,-0.18551828,-0.00793639943,0.00163728464,-4.63131272e-07,2.52554037e-06,-6.05412288e-06,5.69175214e-08,4.28288968e-06,-1.59610704e-06
3556,14.224000,0.000923945452,-0.170595303,0.0486751609,-0.0064881444,-0.00622718502,0.00220942171,-4.63105408e-07,2.52554264e-06,-6.05413243e-06,5.69155958e-08,4.28298927e-06,-1.59615604e-06
3557,14.228000,0.000857748673,-0.136047155,0.0440957174,-0.0045068115,-0.00551523129,0.00176817132,-4.63113622e-07,2.52554878e-06,-6.05414652e-06,5.6917596e-08,4.28311023e-06,-1.59610204e-06
3558,14.232000,0.000844396534,-0.116788149,0.0359843448,-0.00496531278,-0.00525828078,0.00159248151,-4.63127009e-07,2.52555265e-06,-6.05415653e-06,5.69137697e-08,4.28312069e-06,-1.59616513e-06
3559,14.236000,0.00084591459,-0.104708485,0.0287482627,-0.00584569573,-0.00505541498,0.00144435326,-4.6310663e-07,2.52555628e-06,-6.0541679e-06,5.69139047e-08,4.28322346e-06,-1.59610033e-06
3560,14.240000,0.000850466837,-0.0966440663,0.0231620483,-0.00666684657,-0.00491065159,0.0013357033,-4.63129481e-07,2.5255631e-06,-6.05418427e-06,5.69203493e-08,4.28288877e-06,-1.5961682e-06
3561,14.244000,0.000855046324,-0.091110982,0.0190715268,-0.00732720643,-0.0048058331,0.00125360116,-4.63104101e-07,2.52556515e-06,-6.05419291e-06,5.69140397e-08,4.28298972e-06,-1.59610204e-06
3562,14.248000,0.000860885426,-0.0872932822,0.0161433965,-0.00784813613,-0.00472690118,0.00119053572,-4.63112457e-07,2.52557152e-06,-6.05420473e-06,5.6912409e-08,4.28310886e-06,-1.59616206e-06
3563,14.252000,0.00086539227,-0.0846536532,0.0141190812,-0.00828415155,-0.00468908343,0.00115447585,-4.63123939e-07,2.52557606e-06,-6.05421701e-06,5.6912608e-08,4.28311978e-06,-1.59610931e-06
3564,14.256000,0.000870037882,-0.0828655586,0.0127561465,-0.00857947022,-0.00466505997,0.00113105169,-4.63114873e-07,2.52559744e-06,-6.05426794e-06,5.71498973e-08,4.28322392e-06,-1.59616206e-06
3565,14.260000,0.00087420299,-0.081688337,0.011862196,-0.00884599984,-0.00463920273,0.00110496208,-4.63122177e-07,2.52558743e-06,-6.05424111e-06,5.69186547e-08,4.28299609e-06,-1.59610329e-06
3566,14.264000,0.000878422754,-0.0809562579,0.0112737119,-0.00905129313,-0.00464229845,0.00109988172,-4.63113707e-07,2.52560676e-06,-6.05429386e-06,5.71502028e-08,4.28322483e-06,-1.59616332e-06
3567,14.268000,0.000882889552,-0.0805355459,0.0109014846,-0.00924046338,-0.00463301223,0.00108538289,-4.63130903e-07,2.52559721e-06,-6.05426976e-06,5.69179051e-08,4.28288877e-06,-1.5961092e-06
3568,14.272000,0.00088716927,-0.0803359151,0.0106795691,-0.00940104574,-0.00461906241,0.00106908986,-4.63106062e-07,2.5256154e-06,-6.05431387e-06,5.71462095e-08,4.28298836e-06,-1.596159e-06
3569,14.276000,0.00089121057,-0.0802852288,0.0105699748,-0.00956363231,-0.00461581629,0.00105913403,-4.63114105e-07,2.52560449e-06,-6.05429113e-06,5.69150025e-08,4.28310841e-06,-1.59610249e-06
3570,14.280000,0.000895637437,-0.0803508908,0.0105154738,-0.00969075412,-0.00462014368,0.00105606951,-4.63120699e-07,2.52562586e-06,-6.05433661e-06,5.71471546e-08,4.28322801e-06,-1.59616343e-06
3571,14.284000,0.000129704611,-0.042818971,0.0103228781,0.000134996139,-0.00241951691,0.0021399823,-4.63120386e-07,2.52561495e-06,-6.05431296e-06,5.69142031e-08,4.28299518e-06,-1.59610704e-06
3572,14.288000,9.15815035e-05,-0.0229730308,0.00521758338,0.000148563646,-0.00173887762,0.00169702561,-4.63111547e-07,2.52563518e-06,-6.05436071e-06,5.7149208e-08,4.28322119e-06,-1.59616025e-06
3573,14.292000,8.18452972e-05,-0.0114277797,0.00232923124,0.000122154132,-0.00149716344,0.00151038775,-4.63128941e-07,2.52562427e-06,-6.0543357e-06,5.69163063e-08,4.28288831e-06,-1.59611352e-06
3574,14.296000,7.32181798e-05,-0.00828556344,0.00106001087,9.97241586e-05,-0.00134185585,0.00138842326,-4.63104271e-07,2.52564405e-06,-6.05438254e-06,5.71464724e-08,4.28298426e-06,-1.59616036e-06
3575,14.300000,6.77470671e-05,-0.00739186164,0.000631941948,9.48505476e-05,-0.00120756601,0.00129096676,-4.63098559e-07,2.52564814e-06,-6.05439482e-06,5.71425787e-08,4.28333169e-06,-1.59610033e-06
3576,14.304000,6.41362421e-05,-0.00708239339,0.000508447643,9.55751166e-05,-0.00110219454,0.00121992023,-4.63136473e-07,2.52565405e-06,-6.05440528e-06,5.71460035e-08,4.28289013e-06,-1.59617241e-06
3577,14.308000,6.16993348e-05,-0.00693907822,0.00048099272,9.66601074e-05,-0.00104972755,0.00118671567,-4.63098814e-07,2.52565883e-06,-6.05441983e-06,5.71474743e-08,4.28298063e-06,-1.59633498e-06
3578,14.312000,5.8739126e-05,-0.00684736017,0.000479697715,9.68808308e-05,-0.00102316448,0.00117034907,-4.63104328e-07,2.52566247e-06,-6.05443074e-06,5.71475702e-08,4.28333124e-06,-1.59615752e-06
3579,14.316000,5.71005949e-05,-0.00677116588,0.000486481003,9.81716439e-05,-0.00101207336,0.00116802379,-4.63140225e-07,2.52566997e-06,-6.05444666e-06,5.71479291e-08,4.28289377e-06,-1.59611375e-06
3580,14.320000,5.48201642e-05,-0.00670449622,0.000495209824,9.83634964e-05,-0.000996573479,0.00115930405,-4.63101202e-07,2.52567338e-06,-6.05445575e-06,5.714476e-08,4.28298017e-06,-1.59615672e-06
3581,14.324000,5.29998215e-05,-0.00663434761,0.000507918652,9.93795693e-05,-0.000981256249,0.0011526224,-4.63105209e-07,2.52567725e-06,-6.05446439e-06,5.71449092e-08,4.28333306e-06,-1.59610033e-06
3582,14.328000,5.1210387e-05,-0.00657103863,0.000516087748,0.000100150239,-0.000962796563,0.00114311685,-4.63137894e-07,2.52568407e-06,-6.05447758e-06,5.71431009e-08,4.28289059e-06,-1.59617184e-06
3583,14.332000,4.90547245e-05,-0.00650428422,0.000527548604,0.000101024285,-0.000945313834,0.00113457162,-4.63100349e-07,2.52568793e-06,-6.05449168e-06,5.71470267e-08,4.28298017e-06,-1.59633191e-06
3584,14.336000,4.70608647e-05,-0.00644085091,0.000537218992,0.000101199839,-0.000942876446,0.00113547861,-4.63105238e-07,2.52569316e-06,-6.05450577e-06,5.71480143e-08,4.28333215e-06,-1.59615809e-06
3585,14.340000,4.4817265e-05,-0.0063736178,0.000549369957,0.000101760495,-0.000924614782,0.00112549658,-4.63136303e-07,2.5256993e-06,-6.05451669e-06,5.71472505e-08,4.28288968e-06,-1.59611432e-06
3586,14.344000,4.29894135e-05,-0.00631161919,0.000558103435,0.000102278776,-0.000912780932,0.00112005009,-4.63102282e-07,2.52570294e-06,-6.05452669e-06,5.71444829e-08,4.28298017e-06,-1.59615979e-06
3587,14.348000,4.12611844e-05,-0.00625003641,0.000566679519,0.000102814287,-0.00090275961,0.00111595483,-4.63107881e-07,2.52570749e-06,-6.05453806e-06,5.71458401e-08,4.2833326e-06,-1.59610329e-06
3588,14.352000,3.98333941e-05,-0.00619285181,0.00057176454,0.000103690196,-0.000886327587,0.00110800355,-4.63138576e-07,2.52571431e-06,-6.05455398e-06,5.7146714e-08,4.28289104e-06,-1.59617434e-06
3589,14.356000,3.758393e-05,-0.00612662174,0.00058278162,0.000103751197,-0.000878935738,0.00110492634,-4.6310231e-07,2.52573318e-06,-6.05460173e-06,5.73779744e-08,4.28297972e-06,-1.59633566e-06
3590,14.360000,3.58679827e-05,-0.0060669044,0.000591073185,0.000104410108,-0.000869256735,0.00110142119,-4.63105778e-07,2.52572204e-06,-6.05457444e-06,5.71432892e-08,4.28333442e-06,-1.59616047e-06
3591,14.364000,3.47667083e-05,-0.00601040386,0.000594126526,0.000105387997,-0.000855039689,0.00109491497,-4.63139799e-07,2.525745e-06,-6.05462628e-06,5.73796264e-08,4.28288922e-06,-1.59611386e-06
3592,14.368000,3.28675524e-05,-0.00594929652,0.000604482833,0.000105863903,-0.000834007747,0.00108232279,-4.63102651e-07,2.52573045e-06,-6.05459672e-06,5.71420209e-08,4.28298017e-06,-1.5961582e-06
3593,14.372000,3.09772877e-05,-0.00589195173,0.000612977426,0.000106540974,-0.000822489848,0.00107763067,-4.63109416e-07,2.52575251e-06,-6.05464811e-06,5.73777932e-08,4.28333396e-06,-1.59610238e-06
3594,14.376000,2.98209925e-05,-0.00583510473,0.000616525766,0.000107049476,-0.000819776906,0.00107883755,-4.63139145e-07,2.5406423e-06,-6.05461855e-06,5.71455345e-08,4.28289013e-06,-1.5961723e-06
3595,14.380000,2.75208731e-05,-0.00577533292,0.000626406632,0.000107401051,-0.000801354123,0.00106798543,-4.63133404e-07,2.52674886e-06,-6.05692503e-06,5.73639731e-08,4.28294834e-06,-1.59622209e-06
3596,14.384000,2.60229863e-05,-0.00572279189,0.000629785936,0.000107551925,-0.00079609832,0.00106619438,-4.63087702e-07,2.52469454e-06,-6.06344429e-06,5.66975018e-08,4.28349904e-06,-1.59628098e-06
3597,14.388000,2.46472773e-05,-0.00566495303,0.000637441874,0.000108230393,-0.000780958508,0.00105817104,-4.63175496e-07,2.52712516e-06,-6.06521735e-06,5.80514303e-08,4.2830693e-06,-1.59606134e-06
3598,14.392000,2.27657292e-05,-0.00561074121,0.000642479863,0.000108613167,-0.000771286781,0.00105423864,-4.63141049e-07,2.52605992e-06,-6.07397624e-06,6.10986675e-08,4.28322437e-06,-1.5960577e-06
3599,14.396000,2.16432236e-05,-0.00555440038,0.00064791902,0.00010892516,-0.000765608507,0.00105179788,-4.63162991e-07,2.5271604e-06,-6.08390246e-06,5.8052116e-08,4.28294152e-06,-1.59611477e-06
3600,14.400000,2.03829841e-05,-0.00550174294,0.000652203569,0.00010986859,-0.000749941508,0.00104378373,-4.63208465e-07,2.52933478e-06,-6.07763559e-06,6.10467126e-08,4.28308113e-06,-1.5961142e-06
3601,14.404000,0.000119125121,0.0184551533,0.0010806229,0.0013325233,0.00329441577,0.00223093852,-4.63190759e-07,2.52838049e-06,-6.07918219e-06,5.75643782e-08,4.28312114e-06,-1.59599858e-06
3602,14.408000,0.00016009988,0.0229746308,-0.0011454355,0.00139090978,0.00350093842,0.00223140977,-4.63199456e-07,2.52903601e-06,-6.07693482e-06,5.42949294e-08,4.28308704e-06,-1.596169e-06
3603,14.412000,0.00018176937,0.0258427113,-0.00186818838,0.00139784999,0.00349880615,0.00223138556,-4.63194482e-07,2.52870154e-06,-6.07990023e-06,5.96572676e-08,4.28310113e-06,-1.59599438e-06
3604,14.416000,0.000193720858,0.0280984864,-0.00217565894,0.0014019683,0.0034994348,0.00223137997,-4.63199939e-07,2.5288623e-06,-6.07652601e-06,5.68589016e-08,4.28309568e-06,-1.59617127e-06
3605,14.420000,0.000201587682,0.0298533402,-0.00236804783,0.00140420534,0.00349882711,0.00223140046,-4.63185899e-07,2.52840005e-06,-6.07919901e-06,5.66380933e-08,4.28311296e-06,-1.59622596e-06
3606,14.424000,0.000208310434,0.0312598422,-0.00251565687,0.00140682235,0.00350175751,0.00223142281,-4.63194368e-07,2.52892096e-06,-6.07664651e-06,5.52225856e-08,4.28308522e-06,-1.59616468e-06
3607,14.428000,0.000212614075,0.03244216,-0.00264509022,0.00140878186,0.00350461248,0.00223145075,-4.63188968e-07,2.52842278e-06,-6.07923903e-06,5.82653428e-08,4.28311068e-06,-1.59599426e-06
3608,14.432000,0.000217847642,0.0334738791,-0.00275853835,0.0014105048,0.00350607745,0.0022314731,-4.63188428e-07,2.52871632e-06,-6.07616676e-06,5.73264813e-08,4.28309022e-06,-1.59616593e-06
3609,14.436000,0.000222653616,0.034408085,-0.00286345929,0.00141233951,0.00350872101,0.002231488,-4.63180328e-07,2.52813925e-06,-6.07857737e-06,5.54742741e-08,4.28311705e-06,-1.59599165e-06
3610,14.440000,0.00022668828,0.0352767631,-0.0029643923,0.0014136713,0.00350995921,0.00223151222,-4.63181436e-07,2.52835525e-06,-6.07906304e-06,5.91953544e-08,4.28310341e-06,-1.59616457e-06
3611,14.444000,0.000230871199,0.0360949412,-0.00306097232,0.00141471624,0.00350993033,0.00223153643,-4.63178424e-07,2.52809787e-06,-6.07847142e-06,5.98963865e-08,4.2831166e-06,-1.59599097e-06
3612,14.448000,0.000235000392,0.0368760973,-0.00315706991,0.00141547807,0.00350902183,0.00223155133,-4.6317362e-07,2.5279594e-06,-6.07814127e-06,5.85022875e-08,4.28311614e-06,-1.59616025e-06
3613,14.452000,0.0002399449,0.0376307815,-0.00324841961,0.00141771697,0.0035131583,0.0022315681,-4.63179248e-07,2.52798327e-06,-6.07818856e-06,5.94335461e-08,4.28312114e-06,-1.5959879e-06
3614,14.456000,0.000244088471,0.0383630358,-0.00333961472,0.00141841359,0.00351221301,0.00223158672,-4.6317092e-07,2.52787618e-06,-6.07793436e-06,5.85032751e-08,4.28311614e-06,-1.59615843e-06
3615,14.460000,0.000248034019,0.0390774384,-0.00342823379,0.00141888484,0.00351023488,0.00223160349,-4.63175923e-07,2.5278689e-06,-6.07790616e-06,5.8971672e-08,4.2831216e-06,-1.59598835e-06
3616,14.464000,-0.000167297199,0.0156306773,0.00281806104,-0.00125716068,-0.00263773324,-0.0022296235,-4.63165264e-07,2.52779296e-06,-6.07772608e-06,5.85084514e-08,4.28311523e-06,-1.59615843e-06
3617,14.468000,-0.000238664215,0.00228419481,0.00483031943,-0.00123407505,-0.00257131527,-0.00222948566,-4.6317308e-07,2.52776977e-06,-6.07766015e-06,5.87391185e-08,4.28311978e-06,-1.59598289e-06
3618,14.472000,-0.000285165152,-0.000745243393,0.00608653389,-0.00121990405,-0.00251339283,-0.00222939998,-4.63162792e-07,2.52771179e-06,-6.07752008e-06,5.85089346e-08,4.28311705e-06,-1.59615547e-06
3619,14.476000,-0.000318625476,-0.00151229743,0.00657645427,-0.00121767074,-0.00246716221,-0.00222930685,-4.63167908e-07,2.527672e-06,-6.07742004e-06,5.85069628e-08,4.28312114e-06,-1.59598153e-06
3620,14.480000,-0.00034505059,-0.00170913804,0.00678159576,-0.0012187073,-0.00243046437,-0.00222922862,-4.63165378e-07,2.52761311e-06,-6.07727816e-06,5.82775606e-08,4.28312114e-06,-1.59615763e-06
3621,14.484000,-0.00036729197,-0.00174887595,0.00689405855,-0.0012194952,-0.00239427085,-0.00222913921,-4.63161797e-07,2.527574e-06,-6.07717948e-06,5.82781894e-08,4.28311932e-06,-1.59598187e-06
3622,14.488000,-0.000389121473,-0.00173465838,0.0069828378,-0.00122112501,-0.00236151996,-0.00222906098,-4.63163047e-07,2.52753239e-06,-6.07707534e-06,5.8274793e-08,4.28312023e-06,-1.59615365e-06
3623,14.492000,-0.000408968888,-0.00171241164,0.00705965329,-0.00122206938,-0.00232814625,-0.00222897157,-4.63158074e-07,2.52747532e-06,-6.07693983e-06,5.80443462e-08,4.28312069e-06,-1.59597982e-06
3624,14.496000,-0.000428326195,-0.00168439257,0.00713373348,-0.00122274086,-0.0022939858,-0.00222887844,-4.63149803e-07,2.52743439e-06,-6.07684069e-06,5.80466093e-08,4.28311796e-06,-1.59615172e-06
3625,14.500000,-0.000447517261,-0.0016580415,0.00720383879,-0.00122344494,-0.00226017903,-0.00222880766,-4.63146051e-07,2.52739392e-06,-6.07673792e-06,5.80475117e-08,4.28311296e-06,-1.59597187e-06
3626,14.504000,-0.000466204248,-0.00162885897,0.00727522746,-0.00122392364,-0.00222625071,-0.0022287108,-4.63148552e-07,2.5273373e-06,-6.07660331e-06,5.78172603e-08,4.28311796e-06,-1.59614899e-06
3627,14.508000,-0.000485003926,-0.00160067482,0.00734492764,-0.00122434832,-0.002191687,-0.00222862139,-4.63144488e-07,2.52729683e-06,-6.07650145e-06,5.78168375e-08,4.28311796e-06,-1.5959755e-06
3628,14.512000,-0.000503577292,-0.0015712548,0.00741523132,-0.00122453179,-0.00215652585,-0.00222853571,-4.63147813e-07,2.52725454e-06,-6.07640141e-06,5.78134305e-08,4.28311705e-06,-1.59614751e-06
3629,14.516000,-0.00052268873,-0.00154207554,0.00748381391,-0.00122553296,-0.00212402828,-0.00222843513,-4.63134739e-07,2.52679388e-06,-6.07907441e-06,6.13122921e-08,4.28313706e-06,-1.5959705e-06
3630,14.520000,-0.000541292597,-0.00151418475,0.00754941162,-0.00122607872,-0.00209014281,-0.00222835317,-4.63143493e-07,2.52707741e-06,-6.07597804e-06,5.64248133e-08,4.28312296e-06,-1.59614865e-06
3631,14.524000,-0.0594893359,0.0132743884,0.0369814597,-0.00525296852,-0.0316815749,-0.0593205467,-4.63135194e-07,2.52677978e-06,-6.07902439e-06,5.85170881e-08,4.28313524e-06,-1.59603076e-06
3632,14.528000,-0.0798564851,0.0139181763,0.04811728,-0.00544086844,-0.0316786617,-0.0581341684,-4.63146819e-07,2.52717541e-06,-6.07618222e-06,5.89832645e-08,4.2831166e-06,-1.59614774e-06
3633,14.532000,-0.0905395448,0.0120127201,0.0536403619,-0.00563925132,-0.0316767171,-0.0589152575,-4.6312914e-07,2.52653604e-06,-6.0784505e-06,5.99229821e-08,4.28314206e-06,-1.59596959e-06
3634,14.536000,-0.0970432907,0.00994958542,0.0567082055,-0.00558933616,-0.0257358663,-0.0640776902,-4.63142385e-07,2.5269469e-06,-6.07564425e-06,5.68898244e-08,4.28312342e-06,-1.59620095e-06
3635,14.540000,-0.101327866,0.00853047892,0.058687102,-0.00568708032,-0.0254774522,-0.0649087429,-4.63129197e-07,2.52655354e-06,-6.07847142e-06,5.75937733e-08,4.28313797e-06,-1.59620151e-06
3636,14.544000,-0.104193062,0.00763756037,0.0600523725,-0.00576793402,-0.0254706684,-0.0654470474,-4.63143152e-07,2.52702944e-06,-6.07581569e-06,5.54936008e-08,4.28311887e-06,-1.59620129e-06
3637,14.548000,-0.10618896,0.007136086,0.0610349067,-0.00583020225,-0.0254634377,-0.0658650249,-4.63133716e-07,2.52657992e-06,-6.07851825e-06,5.92232787e-08,4.28313706e-06,-1.59620197e-06
3638,14.552000,-0.107627966,0.0069052726,0.0617658198,-0.00588016212,-0.0254560839,-0.0661943853,-4.63167993e-07,2.5245638e-06,-6.07021047e-06,5.99589001e-08,4.28377962e-06,-1.59624437e-06
3639,14.556000,-0.108701132,0.00685554743,0.0623226054,-0.00592143834,-0.0254485495,-0.0664632171,-4.63186922e-07,2.52422387e-06,-6.0508055e-06,6.01929102e-08,4.2835768e-06,-1.59613307e-06
3640,14.560000,-0.109530792,0.00693065487,0.0627626032,-0.00595748797,-0.0254407879,-0.0666912943,-4.63102594e-07,2.52079508e-06,-6.04676779e-06,5.88583724e-08,4.28394696e-06,-1.59612591e-06
3641,14.564000,-0.110197783,0.00708514638,0.0631226003,-0.00598909333,-0.0254328791,-0.0668959618,-4.63092846e-07,2.51958818e-06,-6.05148307e-06,6.02763777e-08,4.28389558e-06,-1.59619367e-06
3642,14.568000,-0.110754415,0.00729539618,0.0634250939,-0.0060187839,-0.0254248604,-0.0670793951,-4.63062747e-07,2.52243308e-06,-6.05419837e-06,5.6268199e-08,4.28343856e-06,-1.59608715e-06
3643,14.572000,-0.111236073,0.00754078105,0.0636920556,-0.00604661554,-0.0254167505,-0.0672500283,-4.63059934e-07,2.52351742e-06,-6.05293553e-06,5.83431259e-08,4.2833758e-06,-1.59595947e-06
3644,14.576000,-0.111665905,0.00780409761,0.063926667,-0.00607340038,-0.0254086424,-0.0674080849,-4.63062349e-07,2.52336008e-06,-6.05257719e-06,5.97443943e-08,4.2829206e-06,-1.59631111e-06
3645,14.580000,-0.112059318,0.00808257237,0.0641414076,-0.00609928742,-0.0254005026,-0.0675640255,-4.6303154e-07,2.52323957e-06,-6.05230525e-06,5.78854902e-08,4.28337535e-06,-1.59618651e-06
3646,14.584000,-0.179719687,0.0356590897,0.10055992,-0.00580411404,-0.0315958783,-0.247723237,-4.6304865e-07,2.52334894e-06,-6.05255354e-06,5.92804952e-08,4.28291469e-06,-1.59630781e-06
3647,14.588000,-0.202668622,0.0418107323,0.112293318,-0.00605186075,-0.0315824673,-0.246117905,-4.63033047e-07,2.52329278e-06,-6.05242849e-06,5.83512438e-08,4.28290832e-06,-1.59618787e-06
3648,14.592000,-0.214534506,0.0427718796,0.117163718,-0.00631644577,-0.0315708481,-0.246812165,-4.63025913e-07,2.52335099e-06,-6.05256173e-06,5.9047828e-08,4.28289877e-06,-1.59629849e-06
3649,14.596000,-0.221657529,0.0423060656,0.11942707,-0.00624927133,-0.0253807474,-0.252196968,-4.63032052e-07,2.52333007e-06,-6.05251307e-06,5.85819606e-08,4.28290514e-06,-1.59618583e-06
3650,14.600000,-0.226268902,0.0417763032,0.120684765,-0.00640182942,-0.0253662709,-0.252900422,-4.63026623e-07,2.52335576e-06,-6.05257128e-06,5.88156013e-08,4.28290195e-06,-1.59630235e-06
3651,14.604000,-0.229282886,0.0413738154,0.121458068,-0.00652297586,-0.0253508836,-0.253472209,-4.63037338e-07,2.52336622e-06,-6.05259538e-06,5.88102935e-08,4.28290696e-06,-1.59618605e-06
3652,14.608000,-0.231319398,0.0411357209,0.121966995,-0.00662054121,-0.0253349915,-0.253902912,-4.63030574e-07,2.52337577e-06,-6.05261675e-06,5.88125246e-08,4.28290423e-06,-1.59630054e-06
3653,14.612000,-0.232727483,0.0410286598,0.12231043,-0.00670241565,-0.0253189392,-0.254239798,-4.63036599e-07,2.52338623e-06,-6.05263904e-06,5.88137503e-08,4.2829065e-06,-1.59618583e-06
3654,14.616000,-0.233723089,0.0410280675,0.122549661,-0.00677294284,-0.0253027361,-0.254503906,-4.63041573e-07,2.52339714e-06,-6.05266268e-06,5.88112492e-08,4.28290923e-06,-1.5963036e-06
3655,14.620000,-0.234445646,0.0410967134,0.122717269,-0.00683632493,-0.0252863169,-0.25472188,-4.63041886e-07,2.52340669e-06,-6.05268951e-06,5.88107341e-08,4.2829106e-06,-1.5961898e-06
3656,14.624000,-0.234986648,0.0412178785,0.122832455,-0.0068950057,-0.0252696667,-0.254914194,-4.62940278e-07,2.52341806e-06,-6.05271089e-06,5.88110538e-08,4.28291742e-06,-1.59631031e-06
3657,14.628000,-0.235405982,0.0413708016,0.122911811,-0.00695029646,-0.0252528675,-0.255085975,-4.63040351e-07,2.52344444e-06,-6.05277228e-06,5.90450142e-08,4.28302201e-06,-1.59618742e-06
3658,14.632000,-0.235743627,0.0415484086,0.122966588,-0.0070033893,-0.025235977,-0.255241632,-4.63055528e-07,2.52343898e-06,-6.05276e-06,5.88123186e-08,4.28338035e-06,-1.59630622e-06
3659,14.636000,-0.236025751,0.0417383574,0.123001806,-0.00705551356,-0.0252190288,-0.255385846,-4.63086025e-07,2.52346786e-06,-6.0528223e-06,5.90477143e-08,4.28293197e-06,-1.59619879e-06
3660,14.640000,-0.236270696,0.0419363789,0.123024933,-0.00710550696,-0.0252019688,-0.255524695,-4.63062491e-07,2.52345944e-06,-6.05280502e-06,5.88160347e-08,4.28338808e-06,-1.59631213e-06
3661,14.644000,-0.29952839,0.0702883676,0.163388342,-0.028682217,-0.0313636325,-0.437965542,-4.6308449e-07,2.52348855e-06,-6.05286823e-06,5.90432592e-08,4.2833999e-06,-1.59619901e-06
3662,14.648000,-0.320641875,0.0742584839,0.169569939,-0.0270027965,-0.0313344225,-0.436949223,-4.6308412e-07,2.52349787e-06,-6.0528896e-06,5.90427653e-08,4.28339808e-06,-1.59631793e-06
3663,14.652000,-0.331542194,0.0751253739,0.172125205,-0.0266104043,-0.0313096642,-0.437803149,-4.63081705e-07,2.52350856e-06,-6.05291461e-06,5.90452345e-08,4.28339717e-06,-1.59619788e-06
3664,14.656000,-0.338065028,0.0750240386,0.173246711,-0.0262266546,-0.0251382142,-0.443196386,-4.63080085e-07,2.52351856e-06,-6.05293826e-06,5.90439058e-08,4.2833949e-06,-1.59631418e-06
3665,14.660000,-0.342261225,0.0748730153,0.173857898,-0.0263348967,-0.02511275,-0.443887532,-4.63078067e-07,2.52352993e-06,-6.05296236e-06,5.90454903e-08,4.28339217e-06,-1.59619606e-06
3666,14.664000,-0.344967395,0.0747525394,0.174205899,-0.0264713764,-0.0250866301,-0.444438726,-4.63076901e-07,2.5235388e-06,-6.05298328e-06,5.90458527e-08,4.28339399e-06,-1.59631441e-06
3667,14.668000,-0.346763283,0.0746987313,0.174419701,-0.0266159326,-0.0250601452,-0.44486329,-4.6307315e-07,2.52354948e-06,-6.05300602e-06,5.90434226e-08,4.28339081e-06,-1.59619742e-06
3668,14.672000,-0.347973526,0.0746985823,0.174535111,-0.0267346054,-0.0250335038,-0.445177823,-4.63074059e-07,2.52355926e-06,-6.05302876e-06,5.9046279e-08,4.28338944e-06,-1.59631429e-06
3669,14.676000,-0.348800212,0.0747466385,0.174602136,-0.0268598497,-0.0250066724,-0.44543761,-4.63071871e-07,2.52358745e-06,-6.05309197e-06,5.92780367e-08,4.28338581e-06,-1.59619663e-06
3670,14.680000,-0.349372685,0.0748281181,0.174634844,-0.026987493,-0.02497961,-0.445645452,-4.63070876e-07,2.52358041e-06,-6.05307741e-06,5.90455791e-08,4.28338944e-06,-1.59631088e-06
3671,14.684000,-0.349776685,0.0749291927,0.17463699,-0.0271038115,-0.0249522869,-0.445832849,-4.63071586e-07,2.52360655e-06,-6.05313517e-06,5.92748179e-08,4.28338899e-06,-1.59619412e-06
3672,14.688000,-0.35006839,0.0750467479,0.174626216,-0.0272243768,-0.0249247998,-0.445992351,-4.63068034e-07,2.52359973e-06,-6.05312152e-06,5.90437566e-08,4.2833849e-06,-1.59631145e-06
3673,14.692000,-0.350289822,0.0751743168,0.174600929,-0.027350992,-0.0248969961,-0.446269572,-4.63065049e-07,2.52362611e-06,-6.05318201e-06,5.92789e-08,4.28291605e-06,-1.59619151e-06
3674,14.696000,-0.350452304,0.0752982199,0.174556911,-0.027429834,-0.0248690993,-0.446240306,-4.63041914e-07,2.52363498e-06,-6.05320247e-06,5.9277582e-08,4.2829015e-06,-1.59630326e-06
3675,14.700000,-0.350584954,0.0754365698,0.174523577,-0.02755858,-0.0248407703,-0.446354181,-4.62928767e-07,2.52364589e-06,-6.05322339e-06,5.92740363e-08,4.28290286e-06,-1.5961848e-06
3676,14.704000,-0.399953127,0.102858223,0.21776244,-0.0693779141,-0.0309388973,-0.608117104,-4.63034809e-07,2.52365521e-06,-6.05324658e-06,5.92769815e-08,4.28301655e-06,-1.59630054e-06
3677,14.708000,-0.416116834,0.104739502,0.220469683,-0.0688116699,-0.0308937654,-0.607517064,-4.630418e-07,2.52366635e-06,-6.05326977e-06,5.92761111e-08,4.28336853e-06,-1.59618492e-06
3678,14.712000,-0.4249219,0.105864078,0.222745299,-0.071841538,-0.0278366581,-0.627039433,-4.63062889e-07,2.52367704e-06,-6.05329205e-06,5.92759122e-08,4.28291287e-06,-1.59630736e-06
3679,14.716000,-0.430082113,0.105661184,0.222628623,-0.0705586523,-0.0277903583,-0.631260335,-4.63053084e-07,2.52368636e-06,-6.05331752e-06,5.92748783e-08,4.28290741e-06,-1.59618889e-06
3680,14.720000,-0.433507323,0.10607785,0.223451287,-0.0709259063,-0.0269346461,-0.635932684,-4.63054619e-07,2.52369637e-06,-6.05333844e-06,5.92743099e-08,4.28290741e-06,-1.59630633e-06
3681,14.724000,-0.435554236,0.106099725,0.223587841,-0.070760414,-0.0245899707,-0.638368666,-4.63058399e-07,2.52372342e-06,-6.05339801e-06,5.95091016e-08,4.28290787e-06,-1.59619026e-06
3682,14.728000,-0.436903358,0.106109411,0.223591477,-0.0707740933,-0.0245474894,-0.639021277,-4.63057887e-07,2.52371638e-06,-6.05338255e-06,5.92714002e-08,4.28290787e-06,-1.59630395e-06
3683,14.732000,-0.437794358,0.106186844,0.22364305,-0.0709394962,-0.0245144516,-0.639448643,-4.63057688e-07,2.52374389e-06,-6.0534453e-06,5.95067284e-08,4.28290468e-06,-1.59618503e-06
3684,14.736000,-0.43839258,0.106254898,0.223634273,-0.0710415244,-0.0244803932,-0.639666438,-4.63062548e-07,2.52373889e-06,-6.0534303e-06,5.92742779e-08,4.2829115e-06,-1.59630611e-06
3685,14.740000,-0.438789219,0.106307268,0.223563164,-0.0710745603,-0.0244421009,-0.639786363,-4.63061326e-07,2.52376367e-06,-6.05348941e-06,5.95069878e-08,4.28290741e-06,-1.59618776e-06
3686,14.744000,-0.439047933,0.106400423,0.223543406,-0.0711957514,-0.0244014859,-0.639892817,-4.63066158e-07,2.5237573e-06,-6.05347623e-06,5.92697091e-08,4.28291241e-06,-1.59630827e-06
3687,14.748000,-0.439219296,0.1064578,0.223439246,-0.0711978078,-0.0243607126,-0.640046358,-4.63065788e-07,2.52378595e-06,-6.05353716e-06,5.95115921e-08,4.28291014e-06,-1.59619151e-06
3688,14.752000,-0.438843638,0.106513225,0.22330147,-0.0710930526,-0.0273148194,-0.622639537,-4.63070535e-07,2.5237955e-06,-6.05355763e-06,5.95071015e-08,4.28291332e-06,-1.5963077e-06
3689,14.756000,-0.438762009,0.106278136,0.222803935,-0.0705105215,-0.0243138745,-0.622014523,-4.63069313e-07,2.52380505e-06,-6.05358173e-06,5.95064051e-08,4.28291196e-06,-1.5961898e-06
3690,14.760000,-0.438878179,0.106301561,0.222649127,-0.0705489367,-0.0243052952,-0.621447265,-4.63073945e-07,2.52381619e-06,-6.05360401e-06,5.950535e-08,4.2829156e-06,-1.59630872e-06
3691,14.764000,-0.479896307,0.122233316,0.253545016,-0.10234645,-0.030323863,-0.80311203,-4.6307332e-07,2.52382665e-06,-6.05362675e-06,5.9506025e-08,4.28291605e-06,-1.59619208e-06
3692,14.768000,-0.492660493,0.121034577,0.254368454,-0.102224454,-0.0287468843,-0.803860486,-4.63077868e-07,2.52383643e-06,-6.05364676e-06,5.95070588e-08,4.28292014e-06,-1.5963127e-06
3693,14.772000,-0.499338388,0.120172545,0.254883468,-0.101738289,-0.0241795629,-0.807890952,-4.63077299e-07,2.52384689e-06,-6.05367177e-06,5.95055454e-08,4.28338262e-06,-1.59619503e-06
3694,14.776000,-0.503334999,0.119700789,0.255355477,-0.101842105,-0.0241232123,-0.808551371,-4.6310663e-07,2.52387622e-06,-6.0537327e-06,5.97396479e-08,4.2829306e-06,-1.59631986e-06
3695,14.780000,-0.505428135,0.118680015,0.254283309,-0.0986996889,-0.0271091498,-0.789147556,-4.63078379e-07,2.52386758e-06,-6.05371861e-06,5.95049876e-08,4.2833849e-06,-1.59619435e-06
3696,14.784000,-0.506954491,0.118902095,0.255309075,-0.100611165,-0.027032828,-0.786663711,-4.63101003e-07,2.52389373e-06,-6.05377363e-06,5.97359247e-08,4.28292697e-06,-1.59631543e-06
3697,14.788000,-0.507844925,0.11824064,0.254596472,-0.0996104032,-0.0239089597,-0.787210763,-4.63079317e-07,2.52388713e-06,-6.05376135e-06,5.95071867e-08,4.28338171e-06,-1.59619549e-06
3698,14.792000,-0.508480191,0.118205577,0.254744679,-0.0998935997,-0.0238263682,-0.787638068,-4.63100747e-07,2.52391465e-06,-6.05382093e-06,5.97393637e-08,4.28292742e-06,-1.59631611e-06
3699,14.796000,-0.508873641,0.118139654,0.25472647,-0.0999098271,-0.0237709805,-0.78752321,-4.63087162e-07,2.52432687e-06,-6.05103151e-06,5.6008794e-08,4.2833658e-06,-1.59619594e-06
3700,14.800000,-0.509157956,0.118076697,0.254643619,-0.0998825878,-0.0237257555,-0.787338972,-4.63104925e-07,2.52401469e-06,-6.05405194e-06,5.71779708e-08,4.2829256e-06,-1.59631941e-06
3701,14.804000,-0.509351909,0.118108757,0.254669547,-0.100035787,-0.0236763246,-0.787389696,-4.63092277e-07,2.52453538e-06,-6.05151581e-06,5.50692967e-08,4.28335761e-06,-1.59619503e-06
3702,14.808000,-0.509472609,0.118089169,0.254560173,-0.100011483,-0.0236203242,-0.787656546,-4.63106062e-07,2.5241377e-06,-6.05434434e-06,5.88021649e-08,4.28291696e-06,-1.5963177e-06
3703,14.812000,-0.509535432,0.118112147,0.254500717,-0.100093573,-0.0235616565,-0.787892699,-4.63087304e-07,2.5244633e-06,-6.05135938e-06,5.76310661e-08,4.2828915e-06,-1.59619265e-06
3704,14.816000,-0.509560347,0.118134245,0.254411578,-0.100123659,-0.0235033929,-0.788054764,-4.63080113e-07,2.52395307e-06,-6.0539337e-06,5.60108262e-08,4.2829156e-06,-1.59631281e-06
3705,14.820000,-0.509568632,0.118152365,0.254306614,-0.100147918,-0.0234462172,-0.788190186,-4.63093386e-07,2.5246261e-06,-6.05173864e-06,5.60059483e-08,4.28288831e-06,-1.59596152e-06
3706,14.824000,-0.539695024,0.128464982,0.275630862,-0.120557472,-0.0263116341,-0.970124483,-4.63088412e-07,2.52412519e-06,-6.05433524e-06,5.83372675e-08,4.28291378e-06,-1.5963127e-06
3707,14.828000,-0.548708439,0.127251297,0.276208043,-0.121378914,-0.0262589082,-0.973600626,-4.6309637e-07,2.52451878e-06,-6.05150353e-06,5.80971502e-08,4.2828965e-06,-1.59619776e-06
3708,14.832000,-0.553459525,0.126418427,0.276439071,-0.12110807,-0.0233017728,-0.97634685,-4.63084888e-07,2.52395967e-06,-6.05396508e-06,5.95074425e-08,4.28291787e-06,-1.59625608e-06
3709,14.836000,-0.556326091,0.125923455,0.276627839,-0.121057019,-0.0232394189,-0.976771235,-4.63099212e-07,2.52440509e-06,-6.05124751e-06,5.62394291e-08,4.2829015e-06,-1.59625722e-06
3710,14.840000,-0.558090448,0.125667095,0.276877344,-0.121153891,-0.0231638849,-0.977221429,-4.63090487e-07,2.52409291e-06,-6.05427067e-06,5.74063463e-08,4.2829156e-06,-1.59625733e-06
3711,14.844000,-0.559619725,0.12617451,0.278272033,-0.124291688,-0.0230804831,-0.99440223,-4.63100065e-07,2.52459881e-06,-6.05169771e-06,5.50730128e-08,4.28289513e-06,-1.5962587e-06
3712,14.848000,-0.560452938,0.125725403,0.277714819,-0.123314545,-0.0259601846,-0.995755911,-4.63096598e-07,2.52421592e-06,-6.05456125e-06,5.90340719e-08,4.28291105e-06,-1.59625711e-06
3713,14.852000,-0.560634315,0.126025856,0.278375804,-0.123472303,-0.0258121789,-0.983666539,-4.63102879e-07,2.52452583e-06,-6.05154037e-06,5.76303165e-08,4.28290195e-06,-1.59625733e-06
3714,14.856000,-0.560801387,0.125708908,0.277989507,-0.12295641,-0.0245910734,-0.982792437,-4.63093556e-07,2.5240322e-06,-6.05414698e-06,5.62412481e-08,4.2829206e-06,-1.5961997e-06
3715,14.860000,-0.561030149,0.125535756,0.277793497,-0.122544006,-0.02281335,-0.983755171,-4.63109131e-07,2.52468885e-06,-6.05191462e-06,5.60023921e-08,4.28336079e-06,-1.59608499e-06
3716,14.864000,-0.561180174,0.125541449,0.277796984,-0.122657895,-0.0227526799,-0.983640671,-4.63124394e-07,2.52420568e-06,-6.0545517e-06,5.85715867e-08,4.28293333e-06,-1.59620868e-06
3717,14.868000,-0.561235249,0.125502929,0.277683258,-0.122622758,-0.0226776227,-0.983731508,-4.63098758e-07,2.52457994e-06,-6.0516777e-06,5.80976476e-08,4.28347948e-06,-1.59631441e-06
3718,14.872000,-0.561241388,0.125458121,0.27753526,-0.122550711,-0.0225969348,-0.98391372,-4.63128629e-07,2.52404061e-06,-6.0541779e-06,5.97364647e-08,4.28317662e-06,-1.5961532e-06
3719,14.876000,-0.561216354,0.12547791,0.277477562,-0.122627646,-0.0225174241,-0.984093785,-4.63105437e-07,2.52448422e-06,-6.05145897e-06,5.64708458e-08,4.28325438e-06,-1.59608635e-06
3720,14.880000,-0.56118685,0.125466406,0.277349293,-0.122599632,-0.0224405285,-0.984275639,-4.63123769e-07,2.52415521e-06,-6.05444393e-06,5.74069361e-08,4.28293515e-06,-1.59620879e-06
3721,14.884000,-0.585439146,0.134432569,0.295050323,-0.137991309,-0.0252863932,-1.12556958,-4.6310339e-07,2.52467817e-06,-6.05190644e-06,5.53022161e-08,4.28347585e-06,-1.59631793e-06
3722,14.888000,-0.592573225,0.133519411,0.295027137,-0.140439823,-0.0251705982,-1.12250268,-4.63133034e-07,2.52429777e-06,-6.05477317e-06,5.92686931e-08,4.28316571e-06,-1.59621004e-06
3723,14.892000,-0.59629333,0.132582217,0.294063658,-0.140107781,-0.0250347294,-1.12087727,-4.63109245e-07,2.52458813e-06,-6.05171226e-06,5.76303698e-08,4.28325166e-06,-1.5962604e-06
3724,14.896000,-0.598558664,0.132323489,0.293986976,-0.139705628,-0.0220326651,-1.12394273,-4.63113054e-07,2.52411337e-06,-6.05436117e-06,5.64763987e-08,4.2829306e-06,-1.59620731e-06
3725,14.900000,-0.599985421,0.13222757,0.293985963,-0.139726713,-0.0219397377,-1.12402403,-4.63104755e-07,2.52476798e-06,-6.05212244e-06,5.62344304e-08,4.28335625e-06,-1.59608237e-06
3726,14.904000,-0.600915551,0.132137328,0.293929666,-0.139646649,-0.021855846,-1.12412333,-4.63123911e-07,2.5242698e-06,-6.05472587e-06,5.85675792e-08,4.28293242e-06,-1.59620959e-06
3727,14.908000,-0.601512671,0.132121682,0.29395771,-0.139674932,-0.0217688382,-1.12422502,-4.63090743e-07,2.52465975e-06,-6.05188688e-06,5.83287338e-08,4.28347175e-06,-1.59631327e-06
3728,14.912000,-0.601888537,0.132069379,0.293885827,-0.139630809,-0.0216755699,-1.12451971,-4.63122348e-07,2.52410337e-06,-6.05434934e-06,5.97340275e-08,4.28317162e-06,-1.59615229e-06
3729,14.916000,-0.602118254,0.132027447,0.293806642,-0.139600471,-0.0215796828,-1.12482035,-4.63106289e-07,2.52456357e-06,-6.05166679e-06,5.66997613e-08,4.28325347e-06,-1.59608783e-06
3730,14.920000,-0.602244794,0.132003874,0.293738037,-0.139609143,-0.0214839242,-1.12505162,-4.63114276e-07,2.52421978e-06,-6.05461537e-06,5.74075187e-08,4.28293015e-06,-1.59614865e-06
3731,14.924000,-0.602312326,0.131966949,0.293626606,-0.139573067,-0.0213889293,-1.12522042,-4.63094096e-07,2.52475684e-06,-6.05211198e-06,5.55321193e-08,4.28347039e-06,-1.59614319e-06
3732,14.928000,-0.602344155,0.131929517,0.293504417,-0.139506638,-0.0212939754,-1.12538803,-4.63128174e-07,2.52435939e-06,-6.05494051e-06,5.92642131e-08,4.28316343e-06,-1.59615286e-06
3733,14.932000,-0.602350056,0.131907865,0.293394983,-0.139509782,-0.0211981926,-1.12558126,-4.63104499e-07,2.52466862e-06,-6.05191553e-06,5.78617971e-08,4.28324711e-06,-1.59608749e-06
3734,14.936000,-0.602338493,0.131884962,0.293278694,-0.139490858,-0.0211015344,-1.12575769,-4.63111746e-07,2.52419159e-06,-6.05456444e-06,6.04356885e-08,4.28292924e-06,-1.59615013e-06
3735,14.940000,-0.60231638,0.131862238,0.293155134,-0.13946715,-0.0210042596,-1.12593985,-4.63096143e-07,2.52457266e-06,-6.05169862e-06,5.62369458e-08,4.28336307e-06,-1.59608385e-06
3736,14.944000,-0.412448347,-0.00910680834,0.0443244092,-0.0028566788,0.00652708486,-0.00211361051,-4.63114475e-07,2.52429345e-06,-6.05479454e-06,5.78697055e-08,4.28292788e-06,-1.59621163e-06
3737,14.948000,-0.279948562,-0.00496468041,0.0175288208,-0.00429385109,0.00554567203,-0.00211605802,-4.63086764e-07,2.52478299e-06,-6.05218202e-06,5.90247033e-08,4.28346493e-06,-1.59631577e-06
3738,14.952000,-0.148157224,0.000752506079,0.00683459407,-0.00672108121,0.00476593524,-0.00211596861,-4.63103504e-07,2.52415953e-06,-6.05449441e-06,5.95047212e-08,4.28339217e-06,-1.59614922e-06
3739,14.956000,-0.0765011609,0.00364220003,0.00564354891,-0.0048425491,0.00612278283,-0.00211013481,-4.63119022e-07,2.52465338e-06,-6.05189052e-06,5.69316434e-08,4.28337762e-06,-1.59615252e-06
3740,14.960000,-0.0378719531,0.00343444804,0.00445624022,-0.00181449298,0.00691741519,-0.0021064654,-4.63099866e-07,2.52429163e-06,-6.05479681e-06,5.74019907e-08,4.2830352e-06,-1.59608976e-06
3741,14.964000,-0.0145502063,0.00258504227,0.00289415196,0.000278443098,0.00775839575,-0.0021032095,-4.63105351e-07,2.52484892e-06,-6.0523339e-06,5.57692559e-08,4.28312524e-06,-1.59620618e-06
3742,14.968000,-0.00111624959,0.00181049993,0.0011791084,0.0022265818,0.0075123352,-0.00210337015,-4.63099241e-07,2.52443238e-06,-6.05512469e-06,5.92651688e-08,4.28314479e-06,-1.59632384e-06
3743,14.972000,-0.000272614066,0.00143732736,0.000296945684,0.00349048525,0.00740475347,-0.00210335152,-4.63101372e-07,2.52475957e-06,-6.052137e-06,5.80942441e-08,4.28312478e-06,-1.59620276e-06
3744,14.976000,0.000113357441,0.00144286128,-0.000228539109,0.00247779116,0.00192612619,0.00212998106,-4.63091055e-07,2.52426503e-06,-6.05474634e-06,6.04305441e-08,4.2831457e-06,-1.59625984e-06
3745,14.980000,0.00028218003,0.0014259615,-0.00072217593,0.00275084376,0.00193405477,0.00213012053,-4.63100321e-07,2.52466134e-06,-6.05191826e-06,5.64675737e-08,4.28313251e-06,-1.59626086e-06
3746,14.984000,0.000367211294,0.00146113755,-0.000979681499,0.00288371928,0.00193129433,0.00213015522,-4.63096114e-07,2.5243819e-06,-6.05501327e-06,5.81013389e-08,4.28314388e-06,-1.5962629e-06
3747,14.988000,0.000407817541,0.00149745541,-0.00110550458,0.00294573046,0.00192715414,0.00213015242,-4.6310484e-07,2.52487348e-06,-6.05239984e-06,5.92584044e-08,4.28312251e-06,-1.59625995e-06
3748,14.992000,0.000425582752,0.00153039349,-0.00116110919,0.00297671929,0.00192942563,0.00213020155,-4.63091965e-07,2.52424729e-06,-6.05470859e-06,5.97319527e-08,4.28314843e-06,-1.59620413e-06
3749,14.996000,0.000431483961,0.00155590056,-0.00118427258,0.00299189519,0.00193587644,0.00213029049,-4.63102651e-07,2.52474274e-06,-6.05210516e-06,5.71663499e-08,4.28312842e-06,-1.59631918e-06
3750,15.000000,0.000430083543,0.00157826301,-0.00118283182,0.00299522653,0.00194149418,0.00213039713,-4.63092363e-07,2.52438099e-06,-6.05501282e-06,5.76304267e-08,4.28314206e-06,-1.59614217e-06
3751,15.004000,-0.152981952,0.188629895,0.332875341,-0.233236969,-0.0264865961,-1.62753677,-4.63107483e-07,2.5249376e-06,-6.05254672e-06,5.59948532e-08,4.28312387e-06,-1.59614547e-06
3752,15.008000,-0.233907431,0.185535669,0.357646763,-0.224635378,-0.0263106581,-1.61949837,-4.63096171e-07,2.52452173e-06,-6.05533614e-06,5.94952851e-08,4.28313842e-06,-1.59614729e-06
3753,15.012000,-0.315076113,0.176745966,0.36887449,-0.220138192,-0.0261421558,-1.61191142,-4.63105749e-07,2.52484892e-06,-6.05235027e-06,5.83270889e-08,4.28312796e-06,-1.59614547e-06
3754,15.016000,-0.396850973,0.16818513,0.374704897,-0.217268497,-0.0259781368,-1.60460734,-4.63090714e-07,2.5243387e-06,-6.05492232e-06,6.04301249e-08,4.28314661e-06,-1.59608908e-06
3755,15.020000,-0.479063869,0.161075816,0.377807558,-0.2149086,-0.0258103702,-1.59755981,-4.63101827e-07,2.52475161e-06,-6.05212927e-06,5.66958676e-08,4.28313206e-06,-1.59614706e-06
3756,15.024000,-0.561668217,0.15566653,0.379680693,-0.213085487,-0.0256400723,-1.59005165,-4.63092505e-07,2.5244542e-06,-6.05518835e-06,5.81023443e-08,4.28314024e-06,-1.59608692e-06
3757,15.028000,-0.645085931,0.151891395,0.381148875,-0.211149365,-0.0254689865,-1.58222747,-4.63107057e-07,2.52496216e-06,-6.05260993e-06,5.94888974e-08,4.28312296e-06,-1.59620538e-06
3758,15.032000,-0.727778614,0.14912203,0.381535619,-0.205066144,-0.0253165215,-1.58483231,-4.63092022e-07,2.52432005e-06,-6.05488322e-06,5.97328693e-08,4.28314797e-06,-1.59626234e-06
3759,15.036000,-0.765404046,0.146098018,0.379395604,-0.205541372,-0.0251196939,-1.57910013,-4.63103191e-07,2.52483187e-06,-6.05231253e-06,5.73948959e-08,4.28312705e-06,-1.59626222e-06
3760,15.040000,-0.78523618,0.144382194,0.377812743,-0.204614356,-0.0249338336,-1.57512152,-4.6309512e-07,2.5244542e-06,-6.05518699e-06,5.76347929e-08,4.28314343e-06,-1.59620413e-06
3761,15.044000,-0.795666575,0.143368036,0.376734823,-0.203182682,-0.0247526709,-1.57105935,-4.63102964e-07,2.5250265e-06,-6.05275636e-06,5.6228771e-08,4.28311705e-06,-1.59632032e-06
3762,15.048000,-0.800910354,0.142589658,0.375831664,-0.201602265,-0.0245720558,-1.56655431,-4.63103447e-07,2.52499626e-06,-6.05269543e-06,5.57609141e-08,4.28311887e-06,-1.59620322e-06
3763,15.052000,-0.803029597,0.141530931,0.374456555,-0.198122352,-0.0191591568,-1.56593907,-4.63094892e-07,2.52461314e-06,-6.05556079e-06,5.97256147e-08,4.28313433e-06,-1.59632191e-06
3764,15.056000,-0.803157926,0.140665397,0.373249948,-0.196583554,-0.0190062411,-1.5607022,-4.63101372e-07,2.52492464e-06,-6.05253763e-06,5.83255009e-08,4.28312387e-06,-1.59620413e-06
3765,15.060000,-0.801964104,0.139768049,0.37187767,-0.195138484,-0.0188556425,-1.55535972,-4.63091055e-07,2.52443033e-06,-6.0551456e-06,6.06613497e-08,4.2831457e-06,-1.59626427e-06
3766,15.064000,-0.793829024,0.121639259,0.350351751,-0.177292839,-0.0187057834,-1.50153339,-4.6309961e-07,2.52482846e-06,-6.05231526e-06,5.66994416e-08,4.28312887e-06,-1.59620652e-06
3767,15.068000,-0.789612114,0.117370412,0.348446548,-0.176313251,-0.018563915,-1.49601007,-4.63093045e-07,2.52454652e-06,-6.05540799e-06,5.83302402e-08,4.28313751e-06,-1.5962612e-06
3768,15.072000,-0.785841525,0.114616401,0.347150862,-0.175093934,-0.0184206851,-1.49048233,-4.63104072e-07,2.52503719e-06,-6.0527932e-06,5.948759e-08,4.28311796e-06,-1.59626154e-06
3769,15.076000,-0.782251596,0.112579495,0.345879763,-0.173833281,-0.0182767492,-1.48506939,-4.63096711e-07,2.52481618e-06,-6.05229161e-06,5.623032e-08,4.2831266e-06,-1.59620299e-06
3770,15.080000,-0.7787835,0.110964477,0.344526827,-0.172589004,-0.018132614,-1.47976208,-4.63095432e-07,2.52459995e-06,-6.05553259e-06,5.87932902e-08,4.28313706e-06,-1.59632077e-06
3771,15.084000,-0.775416732,0.109621763,0.343085706,-0.171343625,-0.0179885775,-1.47455382,-4.63101458e-07,2.5250431e-06,-6.0528082e-06,5.92544538e-08,4.28311523e-06,-1.59620276e-06
3772,15.088000,-0.772143126,0.108490303,0.341601282,-0.170187682,-0.0178441964,-1.46949077,-4.63098729e-07,2.52485438e-06,-6.0523821e-06,5.64649696e-08,4.28312796e-06,-1.59626109e-06
3773,15.092000,-0.768948376,0.10750027,0.340079635,-0.169044122,-0.0176996328,-1.46451283,-4.63093045e-07,2.52460541e-06,-6.05554806e-06,5.85642148e-08,4.28313797e-06,-1.5962645e-06
3774,15.096000,-0.765827954,0.106610969,0.338526458,-0.167909846,-0.0175549146,-1.45964158,-4.63102367e-07,2.5250813e-06,-6.05289961e-06,5.94888085e-08,4.28311751e-06,-1.59626256e-06
3775,15.100000,-0.762780786,0.105805054,0.336976081,-0.166824296,-0.017409917,-1.45499825,-4.63098445e-07,2.52487507e-06,-6.05243258e-06,5.64620954e-08,4.28312205e-06,-1.5962022e-06
3776,15.104000,-0.759793937,0.105054229,0.335417509,-0.165713802,-0.0172652043,-1.45023417,-4.63094352e-07,2.5246427e-06,-6.05563764e-06,5.8794722e-08,4.28313797e-06,-1.596321e-06
3777,15.108000,-0.756872475,0.104347825,0.333868891,-0.164649606,-0.0171200279,-1.4456315,-4.63101941e-07,2.52510131e-06,-6.05294872e-06,5.9483046e-08,4.28311432e-06,-1.59620481e-06
3778,15.112000,-0.75401336,0.103673905,0.332325578,-0.163587466,-0.0169744436,-1.4411664,-4.6309944e-07,2.52489554e-06,-6.0524826e-06,5.64578215e-08,4.28312524e-06,-1.59626143e-06
3779,15.116000,-0.751212835,0.103038654,0.330815673,-0.162566662,-0.0168287307,-1.43679059,-4.63093215e-07,2.52466361e-06,-6.05568812e-06,5.8793546e-08,4.28313751e-06,-1.59626222e-06
3780,15.120000,-0.748469591,0.102411933,0.329302877,-0.161511481,-0.0166830737,-1.43249869,-4.63103277e-07,2.52512336e-06,-6.05300102e-06,5.94846981e-08,4.28311432e-06,-1.59626086e-06
3781,15.124000,-0.72727102,0.0835502297,0.302416921,-0.136734292,-0.016532883,-1.29320884,-4.63097052e-07,2.52491782e-06,-6.0525349e-06,5.64619e-08,4.28312524e-06,-1.59620538e-06
3782,15.128000,-0.718497217,0.0817621946,0.303042293,-0.135110721,-0.0164051596,-1.28892934,-4.63094324e-07,2.52468408e-06,-6.05574041e-06,5.87917981e-08,4.28313433e-06,-1.59632225e-06
3783,15.132000,-0.712536097,0.079967171,0.302828342,-0.133901179,-0.0162753165,-1.28452623,-4.63101941e-07,2.52514474e-06,-6.05305422e-06,5.94867089e-08,4.2831125e-06,-1.59620265e-06
3784,15.136000,-0.707995713,0.078324981,0.302065849,-0.132875413,-0.0161446258,-1.2802428,-4.63098928e-07,2.52495465e-06,-6.05262403e-06,5.66945211e-08,4.28312296e-06,-1.59626393e-06
3785,15.140000,-0.704278529,0.0769387782,0.301059037,-0.131971434,-0.0160132125,-1.2762537,-4.63092874e-07,2.524705e-06,-6.0557918e-06,5.87941997e-08,4.2831316e-06,-1.59620129e-06
3786,15.144000,-0.701067686,0.0757775307,0.299915075,-0.131051302,-0.0158817079,-1.27220058,-4.6310447e-07,2.52516452e-06,-6.05310424e-06,5.94864886e-08,4.2831125e-06,-1.59632123e-06
3787,15.148000,-0.698196232,0.0748031288,0.298712671,-0.13015537,-0.0157494545,-1.26835322,-4.63096711e-07,2.52497603e-06,-6.05267178e-06,5.66948124e-08,4.28312114e-06,-1.59614331e-06
3788,15.152000,-0.695557237,0.0739800483,0.297494888,-0.129289255,-0.0156164542,-1.26466405,-4.63095006e-07,2.52472591e-06,-6.05583682e-06,5.87919473e-08,4.28313615e-06,-1.59614808e-06
3789,15.156000,-0.693082094,0.0732609481,0.296267509,-0.128415123,-0.0154832676,-1.26106966,-4.63102225e-07,2.52520113e-06,-6.05318746e-06,5.97158945e-08,4.28311296e-06,-1.59614535e-06
3790,15.160000,-0.690729856,0.0726301968,0.295060068,-0.127583683,-0.0153500838,-1.25755894,-4.6309944e-07,2.52498012e-06,-6.0526836e-06,5.64591787e-08,4.2831216e-06,-1.59608885e-06
3791,15.164000,-0.688471615,0.0720397234,0.293834925,-0.126693383,-0.0152167641,-1.25413501,-4.63094523e-07,2.52476434e-06,-6.0559255e-06,5.90278084e-08,4.28313342e-06,-1.59620754e-06
3792,15.168000,-0.686293542,0.07151106,0.292656392,-0.125904486,-0.015083272,-1.25081277,-4.63103703e-07,2.52520795e-06,-6.05320156e-06,5.94885776e-08,4.28311068e-06,-1.59632191e-06
3793,15.172000,-0.684177399,0.0710057765,0.291477084,-0.125088841,-0.014949711,-1.24753547,-4.63096256e-07,2.52501741e-06,-6.05277182e-06,5.66930254e-08,4.28311978e-06,-1.5961466e-06
3794,15.176000,-0.682117701,0.0705193728,0.290302753,-0.124265134,-0.0148161445,-1.24433875,-4.6310285e-07,2.52518907e-06,-6.05316518e-06,5.52959207e-08,4.28311432e-06,-1.59614558e-06
3795,15.180000,-0.68010968,0.0700548366,0.289155483,-0.123467326,-0.0146825183,-1.2412138,-4.63104442e-07,2.52532277e-06,-6.05347486e-06,5.71570702e-08,4.28310886e-06,-1.59614899e-06
3796,15.184000,-0.652011156,0.0475008003,0.256457567,-0.0936160833,-0.0145419613,-1.0780611,-4.63102765e-07,2.52522705e-06,-6.05326204e-06,5.57575746e-08,4.28311432e-06,-1.59609021e-06
3797,15.188000,-0.640551448,0.0461655669,0.258498281,-0.0917963237,-0.0144325532,-1.07471156,-4.63104044e-07,2.52531254e-06,-6.05346168e-06,5.6919788e-08,4.28311023e-06,-1.59620583e-06
3798,15.192000,-0.633445382,0.0444417,0.25914064,-0.0906700939,-0.0143201509,-1.07118773,-4.63102083e-07,2.52525228e-06,-6.0533248e-06,5.59881563e-08,4.2831075e-06,-1.59626154e-06
3799,15.196000,-0.628532529,0.0427284092,0.258912444,-0.089856267,-0.0142062232,-1.06781566,-4.63102026e-07,2.52530344e-06,-6.05345076e-06,5.66900695e-08,4.28311023e-06,-1.59626575e-06
3800,15.200000,-0.624858022,0.0412583873,0.258284807,-0.0891849846,-0.0140913967,-1.06462705,-4.63102083e-07,2.52527525e-06,-6.05338982e-06,5.62235591e-08,4.28311159e-06,-1.59620583e-06
3801,15.204000,-0.621930599,0.0400564373,0.257471442,-0.0885384381,-0.0139759323,-1.06160223,-4.63102481e-07,2.52530958e-06,-6.05347259e-06,5.66870639e-08,4.28311023e-06,-1.59632441e-06
3802,15.208000,-0.619476438,0.0390864722,0.256569296,-0.0878851116,-0.0138597209,-1.05873561,-4.63100776e-07,2.52528162e-06,-6.0534112e-06,5.62245219e-08,4.28311159e-06,-1.59614672e-06
3803,15.212000,-0.617328644,0.0382959098,0.25563851,-0.0872036964,-0.013743029,-1.0559938,-4.63102793e-07,2.52531731e-06,-6.05349624e-06,5.66895082e-08,4.28310841e-06,-1.59614706e-06
3804,15.216000,-0.615391374,0.0376520306,0.25472039,-0.0865991861,-0.0136258667,-1.05333531,-4.63102879e-07,2.52528912e-06,-6.0534353e-06,5.62224649e-08,4.28311068e-06,-1.59614933e-06
3805,15.220000,-0.613595247,0.0371185131,0.253816426,-0.0861151367,-0.0137961237,-1.05048299,-4.63102936e-07,2.52532482e-06,-6.05352079e-06,5.66899558e-08,4.28310796e-06,-1.59614649e-06
3806,15.224000,-0.611902177,0.0366644412,0.252937734,-0.0856989622,-0.0140332906,-1.04763353,-4.6310231e-07,2.52529503e-06,-6.05345986e-06,5.62240352e-08,4.28311159e-06,-1.59614967e-06
3807,15.228000,-0.610291004,0.0362705402,0.252093911,-0.0852953047,-0.0142150223,-1.04489434,-4.63101827e-07,2.52533255e-06,-6.05354535e-06,5.66913272e-08,4.28310977e-06,-1.59614854e-06
3808,15.232000,-0.60874486,0.0358935073,0.251220733,-0.0848064125,-0.0143750142,-1.04225206,-4.63103248e-07,2.52531868e-06,-6.05352125e-06,5.64576155e-08,4.28311023e-06,-1.59615058e-06
3809,15.236000,-0.607251585,0.0355462655,0.250375867,-0.0843432248,-0.0144930528,-1.03969073,-4.63101173e-07,2.52532368e-06,-6.05353262e-06,5.6456976e-08,4.28310841e-06,-1.59609215e-06
3810,15.240000,-0.605808675,0.0351846591,0.24948591,-0.0836336017,-0.0142474975,-1.03767359,-4.63102822e-07,2.52532686e-06,-6.05354535e-06,5.64563365e-08,4.28311023e-06,-1.59615126e-06
3811,15.244000,-0.567559004,0.00265823305,0.198822737,-0.0383183211,-0.0127956737,-0.85054332,-4.63104641e-07,2.5253471e-06,-6.05359583e-06,5.66891494e-08,4.28311023e-06,-1.59609419e-06
3812,15.248000,-0.551817596,0.00261079893,0.201228142,-0.0364801735,-0.0127093438,-0.847961664,-4.63101856e-07,2.52533459e-06,-6.05356945e-06,5.64533487e-08,4.28311068e-06,-1.59615024e-06
3813,15.252000,-0.54259038,0.00169168413,0.202112794,-0.0355526507,-0.0126192644,-0.84496206,-4.6310393e-07,2.52535551e-06,-6.05362038e-06,5.6683966e-08,4.28311023e-06,-1.59615081e-06
3814,15.256000,-0.536654592,0.000481080264,0.201958731,-0.0350707173,-0.0125271706,-0.842091441,-4.63101401e-07,2.52534392e-06,-6.05359583e-06,5.64565816e-08,4.28311023e-06,-1.59609078e-06
3815,15.260000,-0.532565713,-0.000635165721,0.201323122,-0.0347055793,-0.0124336444,-0.839455426,-4.63104413e-07,2.52536393e-06,-6.05364767e-06,5.66863356e-08,4.28311068e-06,-1.59620845e-06
3816,15.264000,-0.529568434,-0.00148447976,0.200605124,-0.0347855687,-0.0129655339,-0.83640033,-4.63100889e-07,2.52535278e-06,-6.0536222e-06,5.64542333e-08,4.28310886e-06,-1.59626552e-06
3817,15.268000,-0.527241349,-0.00204781815,0.199968874,-0.0354216695,-0.0142858792,-0.832743347,-4.63101287e-07,2.52537234e-06,-6.05367404e-06,5.66882008e-08,4.28310932e-06,-1.596267e-06
3818,15.272000,-0.525354028,-0.00254676491,0.199204594,-0.0353425294,-0.0147218509,-0.830185056,-4.6310015e-07,2.52536097e-06,-6.05364812e-06,5.64528584e-08,4.28310796e-06,-1.59620959e-06
3819,15.276000,-0.523765445,-0.0029368028,0.198473245,-0.0352239758,-0.0150781004,-0.827783704,-4.63101003e-07,2.52538143e-06,-6.05369814e-06,5.66879166e-08,4.28311023e-06,-1.59626711e-06
3820,15.280000,-0.522366524,-0.00326264277,0.197770894,-0.0350471735,-0.0153665449,-0.825528383,-4.63099838e-07,2.52537029e-06,-6.05367586e-06,5.64588944e-08,4.28310977e-06,-1.59621106e-06
3821,15.284000,-0.521095216,-0.00354427472,0.197092265,-0.0348492116,-0.0156262275,-0.823375165,-4.63101173e-07,2.5253903e-06,-6.05372315e-06,5.6684037e-08,4.28310796e-06,-1.59626768e-06
3822,15.288000,-0.519914269,-0.00382193178,0.196399003,-0.0345152467,-0.015721038,-0.82141614,-4.63100889e-07,2.52539553e-06,-6.05373953e-06,5.66882115e-08,4.28310796e-06,-1.59621061e-06
3823,15.292000,-0.518799126,-0.00410296395,0.195695236,-0.0340292603,-0.0156065812,-0.819697618,-4.63101117e-07,2.52540008e-06,-6.05375044e-06,5.66885632e-08,4.28310841e-06,-1.59626848e-06
3824,15.296000,-0.517731667,-0.00436865911,0.195019245,-0.0335682333,-0.0154922511,-0.818008006,-4.63100349e-07,2.52540462e-06,-6.05376817e-06,5.66876537e-08,4.28310659e-06,-1.59620799e-06
3825,15.300000,-0.516699672,-0.00463561714,0.19433713,-0.0330835283,-0.0153780002,-0.816357076,-4.63100918e-07,2.52540985e-06,-6.05377954e-06,5.66855221e-08,4.28310568e-06,-1.59626609e-06
3826,15.304000,-0.47746703,-0.0233194809,0.164172098,-0.018967405,-0.0113653708,-0.646163106,-4.63100065e-07,2.52541531e-06,-6.0537941e-06,5.66871492e-08,4.28310614e-06,-1.59620765e-06
3827,15.308000,-0.461132139,-0.0217815451,0.166757375,-0.0186277628,-0.0112973526,-0.643669426,-4.63101998e-07,2.52541872e-06,-6.05380683e-06,5.66859057e-08,4.28310659e-06,-1.59632464e-06
3828,15.312000,-0.451749027,-0.0216628555,0.167567134,-0.01831799,-0.0112263309,-0.641160727,-4.6309944e-07,2.52542532e-06,-6.05382365e-06,5.66865737e-08,4.2831075e-06,-1.59614945e-06
3829,15.316000,-0.445893943,-0.0222241748,0.167238683,-0.0180634856,-0.0111533226,-0.63868016,-4.63101031e-07,2.52542804e-06,-6.05383411e-06,5.6683497e-08,4.2831075e-06,-1.59614967e-06
3830,15.320000,-0.442017227,-0.0229010209,0.166512862,-0.0179030374,-0.0110781398,-0.636527419,-4.63101429e-07,2.52543373e-06,-6.05384912e-06,5.66891565e-08,4.28311023e-06,-1.5961532e-06
3831,15.324000,-0.439299792,-0.0234101284,0.165845722,-0.0183336809,-0.0116629247,-0.633905232,-4.6309961e-07,2.52543941e-06,-6.05386413e-06,5.66877176e-08,4.28310705e-06,-1.59609488e-06
3832,15.328000,-0.437281728,-0.0237082746,0.165357947,-0.0192969516,-0.0128393164,-0.630773127,-4.63101031e-07,2.52544464e-06,-6.05387686e-06,5.66885419e-08,4.28310886e-06,-1.59615342e-06
3833,15.332000,-0.435720384,-0.023957232,0.164853215,-0.0196825042,-0.0132619357,-0.628602087,-4.630989e-07,2.52544714e-06,-6.05388732e-06,5.66835112e-08,4.28310614e-06,-1.5960934e-06
3834,15.336000,-0.434458017,-0.0241332259,0.164425582,-0.0199454501,-0.0135095064,-0.626678705,-4.63101713e-07,2.52546943e-06,-6.05393961e-06,5.69171874e-08,4.28310705e-06,-1.59615365e-06
3835,15.340000,-0.433386058,-0.0242700428,0.164052635,-0.0201639161,-0.0136914812,-0.624878824,-4.63099212e-07,2.52545738e-06,-6.05391324e-06,5.6684577e-08,4.28310659e-06,-1.59609226e-06
3836,15.344000,-0.43243888,-0.0243770164,0.163724869,-0.0203811154,-0.0138548836,-0.623145998,-4.63101372e-07,2.52547784e-06,-6.05396326e-06,5.69175533e-08,4.28310705e-06,-1.59615229e-06
3837,15.348000,-0.431576192,-0.0244767722,0.163419977,-0.0205376744,-0.0139347073,-0.621532917,-4.63098758e-07,2.52546579e-06,-6.05393961e-06,5.66843212e-08,4.2831075e-06,-1.59609431e-06
3838,15.352000,-0.430772305,-0.0245723277,0.16313155,-0.0206452385,-0.0139540695,-0.62001121,-4.63101372e-07,2.52548739e-06,-6.05398918e-06,5.6917802e-08,4.28310568e-06,-1.59615229e-06
3839,15.356000,-0.430008799,-0.0246744659,0.162852973,-0.0206691176,-0.0138825458,-0.618603349,-4.630989e-07,2.52547488e-06,-6.05396235e-06,5.66838665e-08,4.28310523e-06,-1.59609363e-06
3840,15.360000,-0.429281414,-0.0247753877,0.162577927,-0.0207343772,-0.0138423797,-0.617191792,-4.6310015e-07,2.52549717e-06,-6.05401419e-06,5.691723e-08,4.28310841e-06,-1.59615354e-06
3841,15.364000,-0.380969286,-0.0293607488,0.139905944,-0.0186106712,-0.0102034453,-0.437042564,-4.63098758e-07,2.5254858e-06,-6.05398918e-06,5.66867229e-08,4.28310659e-06,-1.59609658e-06
3842,15.368000,-0.360025913,-0.0259555057,0.139802217,-0.0180727765,-0.0101577658,-0.432268262,-4.63099781e-07,2.52550581e-06,-6.05403602e-06,5.69140681e-08,4.28310568e-06,-1.59615342e-06
3843,15.372000,-0.348415613,-0.0252962857,0.138894856,-0.0176632851,-0.010109446,-0.42932421,-4.63099099e-07,2.52549466e-06,-6.05401328e-06,5.66851668e-08,4.28310568e-06,-1.59609681e-06
3844,15.376000,-0.341480136,-0.0254243221,0.137636334,-0.0173859373,-0.0100581506,-0.427202761,-4.63100605e-07,2.52551445e-06,-6.05406058e-06,5.69134713e-08,4.28310432e-06,-1.59615547e-06
3845,15.380000,-0.337089479,-0.0256716497,0.136378467,-0.0171989948,-0.0100042298,-0.425470114,-4.6309853e-07,2.52552127e-06,-6.0540774e-06,5.69174397e-08,4.28310523e-06,-1.59609704e-06
3846,15.384000,-0.33417204,-0.0258709118,0.135267183,-0.0170816183,-0.00994832255,-0.423955917,-4.63099269e-07,2.52552513e-06,-6.05408877e-06,5.69190277e-08,4.28310341e-06,-1.5961532e-06
3847,15.388000,-0.332144499,-0.0259995945,0.134346604,-0.0170094594,-0.00989077706,-0.422590852,-4.63098189e-07,2.52553014e-06,-6.0541006e-06,5.69165195e-08,4.28310432e-06,-1.59609544e-06
3848,15.392000,-0.330665827,-0.0260216109,0.133693248,-0.0173742697,-0.0102877002,-0.420819521,-4.63098559e-07,2.52553446e-06,-6.05410969e-06,5.69163703e-08,4.2831025e-06,-1.59615286e-06
3849,15.396000,-0.329534322,-0.0259791873,0.133234188,-0.0179168433,-0.0108580459,-0.418917894,-4.63098587e-07,2.52553878e-06,-6.05412197e-06,5.69149492e-08,4.28310204e-06,-1.59609476e-06
3850,15.400000,-0.328636497,-0.0259415433,0.132861242,-0.0182434097,-0.0111573255,-0.417376131,-4.63097962e-07,2.52554446e-06,-6.05413652e-06,5.69190028e-08,4.28310477e-06,-1.59615456e-06
3851,15.404000,-0.327894598,-0.0259073004,0.132572919,-0.0184945241,-0.0113700712,-0.415975988,-4.63098047e-07,2.52554764e-06,-6.05414516e-06,5.6910487e-08,4.28310204e-06,-1.59609544e-06
3852,15.408000,-0.327257335,-0.0258904435,0.132325947,-0.018590495,-0.0113984095,-0.41481936,-4.63097962e-07,2.52555333e-06,-6.0541629e-06,5.69194469e-08,4.28310295e-06,-1.5961549e-06
3853,15.412000,-0.326688826,-0.0258864779,0.132116511,-0.0186070129,-0.0113333417,-0.413804322,-4.63097734e-07,2.52555742e-06,-6.05417335e-06,5.69129313e-08,4.28310113e-06,-1.59609544e-06
3854,15.416000,-0.326167107,-0.0258910432,0.131942451,-0.0186280757,-0.0112682674,-0.412827253,-4.63097734e-07,2.52556197e-06,-6.0541829e-06,5.69117091e-08,4.28310022e-06,-1.59615604e-06
3855,15.420000,-0.325680166,-0.0258970968,0.131785735,-0.0186029375,-0.0111408615,-0.412074983,-4.63096825e-07,2.52556674e-06,-6.054197e-06,5.69146827e-08,4.28310113e-06,-1.59609795e-06
3856,15.424000,-0.271695048,-0.0257757679,0.104381971,-0.019110281,-0.00933805387,-0.231725335,-4.6309782e-07,2.52557243e-06,-6.05420973e-06,5.69171448e-08,4.28309977e-06,-1.59615604e-06
3857,15.428000,-0.247844577,-0.0208827518,0.10038282,-0.0184988081,-0.009314619,-0.226088867,-4.63098019e-07,2.52557652e-06,-6.05422201e-06,5.69157059e-08,4.28309886e-06,-1.59609738e-06
3858,15.432000,-0.234811231,-0.0195210278,0.0970531702,-0.0180221871,-0.00928923674,-0.22273013,-4.63098644e-07,2.52559744e-06,-6.05427022e-06,5.71458045e-08,4.28309932e-06,-1.59615649e-06
3859,15.436000,-0.22716409,-0.0192460399,0.0943209678,-0.0176769942,-0.00926074106,-0.220382452,-4.630962e-07,2.52558516e-06,-6.05424475e-06,5.6912274e-08,4.28309932e-06,-1.59609579e-06
3860,15.440000,-0.222433627,-0.0192420874,0.0921791643,-0.0174513012,-0.00922914874,-0.218571395,-4.63097791e-07,2.52560744e-06,-6.05429341e-06,5.71472469e-08,4.28309841e-06,-1.59615422e-06
3861,15.444000,-0.219386473,-0.0192832816,0.0905520767,-0.0173004605,-0.00919504836,-0.217101619,-4.63097109e-07,2.52559562e-06,-6.05426794e-06,5.69134286e-08,4.28309841e-06,-1.59609522e-06
3862,15.448000,-0.217354521,-0.0193170197,0.0893475711,-0.0172081962,-0.00915894192,-0.215864226,-4.63098019e-07,2.52561586e-06,-6.05431705e-06,5.71472327e-08,4.2830975e-06,-1.59615456e-06
3863,15.452000,-0.21595186,-0.0193348564,0.0884767547,-0.0171500444,-0.00912139751,-0.214799315,-4.63097024e-07,2.52560517e-06,-6.05429477e-06,5.69121674e-08,4.28309795e-06,-1.59609533e-06
3864,15.456000,-0.214949265,-0.0193474405,0.0878528059,-0.0171215683,-0.00908296555,-0.213839516,-4.63097791e-07,2.52562609e-06,-6.05434025e-06,5.71468277e-08,4.28309659e-06,-1.59615456e-06
3865,15.460000,-0.214202315,-0.0193574,0.0874187648,-0.0171096325,-0.00904398132,-0.212971523,-4.6309637e-07,2.52561335e-06,-6.05431615e-06,5.69125262e-08,4.28309795e-06,-1.59609863e-06
3866,15.464000,-0.213623405,-0.0193742625,0.0871106461,-0.0171071552,-0.00900475588,-0.212153122,-4.63097308e-07,2.52563518e-06,-6.05436526e-06,5.7147215e-08,4.28309522e-06,-1.59615388e-06
3867,15.468000,-0.213154197,-0.019389905,0.0869090557,-0.0171143264,-0.00896532182,-0.211394414,-4.63095375e-07,2.52562268e-06,-6.05433752e-06,5.69080711e-08,4.28309659e-06,-1.59609817e-06
3868,15.472000,-0.212758124,-0.0194094572,0.0867692679,-0.0171231627,-0.00892581604,-0.210665271,-4.63097109e-07,2.52564314e-06,-6.05438754e-06,5.71455807e-08,4.28309659e-06,-1.5961574e-06
3869,15.476000,-0.212411672,-0.0194368418,0.0866788477,-0.0171372183,-0.00888626277,-0.209969804,-4.63096029e-07,2.52564791e-06,-6.05439845e-06,5.7141996e-08,4.28309795e-06,-1.59609976e-06
3870,15.480000,-0.212099478,-0.019462293,0.0866242498,-0.0171579123,-0.00884667039,-0.209301427,-4.63096512e-07,2.52565451e-06,-6.0544121e-06,5.71476448e-08,4.28309659e-06,-1.5961582e-06
3871,15.484000,-0.156248793,-0.019233996,0.0549457781,-0.0198408384,-0.00878546201,-0.0425303131,-4.63095944e-07,2.5256586e-06,-6.05442392e-06,5.71447707e-08,4.28309613e-06,-1.59609715e-06
3872,15.488000,-0.131354004,-0.0135950269,0.0489011966,-0.0191995688,-0.00878140889,-0.0364908874,-4.63096796e-07,2.52566247e-06,-6.05443392e-06,5.71470693e-08,4.28309568e-06,-1.5961557e-06
3873,15.492000,-0.11784251,-0.0118233878,0.0444371626,-0.0186987408,-0.00877695903,-0.0328996629,-4.63095716e-07,2.52566861e-06,-6.05444848e-06,5.71452645e-08,4.28309568e-06,-1.59609738e-06
3874,15.496000,-0.109998584,-0.0113265775,0.0410247669,-0.0183377489,-0.00876899064,-0.0305007994,-4.63096427e-07,2.52567156e-06,-6.05445848e-06,5.7141726e-08,4.28309659e-06,-1.59615627e-06
3875,15.500000,-0.105219498,-0.0111888302,0.0384676941,-0.0180902388,-0.00875749439,-0.0287301391,-4.63096058e-07,2.5256777e-06,-6.0544703e-06,5.71433247e-08,4.28309613e-06,-1.59609749e-06
3876,15.504000,-0.102205858,-0.0111315735,0.0366083458,-0.0179321673,-0.00874306075,-0.0273588449,-4.6309583e-07,2.52568339e-06,-6.05448395e-06,5.71490553e-08,4.28309841e-06,-1.59615752e-06
3877,15.508000,-0.100254975,-0.0110906605,0.0352823362,-0.0178304017,-0.00872647576,-0.0262460709,-4.63095859e-07,2.52568816e-06,-6.05449532e-06,5.71424366e-08,4.28309613e-06,-1.59609772e-06
3878,15.512000,-0.0989625975,-0.0110495184,0.0343639068,-0.0177674945,-0.00870833732,-0.025322333,-4.63096825e-07,2.52569316e-06,-6.05450759e-06,5.71456624e-08,4.28309659e-06,-1.59615649e-06
3879,15.516000,-0.0980858207,-0.0110153407,0.0337412544,-0.0177254211,-0.00868927129,-0.0245154798,-4.63095688e-07,2.52569771e-06,-6.05452078e-06,5.71446641e-08,4.28309522e-06,-1.59610067e-06
3880,15.520000,-0.0974753276,-0.0109811798,0.0333409421,-0.0177071821,-0.00866958126,-0.0237980485,-4.63096256e-07,2.52570294e-06,-6.05453124e-06,5.7144284e-08,4.28309386e-06,-1.59615888e-06
3881,15.524000,-0.0970372111,-0.0109522399,0.0330972336,-0.017704051,-0.00864950754,-0.0231460184,-4.63095262e-07,2.52570749e-06,-6.05454443e-06,5.71474814e-08,4.28309659e-06,-1.59610136e-06
3882,15.528000,-0.0967113227,-0.0109350998,0.0329583064,-0.0177035388,-0.00862930808,-0.0225443691,-4.6309583e-07,2.5257134e-06,-6.05455762e-06,5.71475169e-08,4.2830934e-06,-1.59615854e-06
3883,15.532000,-0.0964582711,-0.0109191872,0.0329005159,-0.0177093819,-0.00860895403,-0.0219714642,-4.63096086e-07,2.52573204e-06,-6.05460355e-06,5.7375285e-08,4.28309386e-06,-1.59610045e-06
3884,15.536000,-0.0962554961,-0.0109083895,0.0328954123,-0.0177193359,-0.00858856551,-0.0214377195,-4.63095574e-07,2.52572181e-06,-6.05457899e-06,5.71464724e-08,4.28309431e-06,-1.59615706e-06
3885,15.540000,-0.0960841849,-0.0109018376,0.0329265855,-0.0177292563,-0.00856821518,-0.0209237635,-4.6309637e-07,2.52574387e-06,-6.05463038e-06,5.73783083e-08,4.28309522e-06,-1.5960992e-06
3886,15.544000,-0.0495819002,-0.0110974908,0.00386756007,-0.000789937563,0.00120148878,-0.00191825628,-4.63094693e-07,2.52573068e-06,-6.05460036e-06,5.71430618e-08,4.28309386e-06,-1.59615661e-06
3887,15.548000,-0.0280189998,-0.00380191673,0.00430371799,-0.000248584896,0.00140488101,-0.00191672519,-4.63096313e-07,2.52575273e-06,-6.05464902e-06,5.73762122e-08,4.28309295e-06,-1.59609817e-06
3888,15.552000,-0.0161540098,-0.00179606304,0.00426582713,0.000458284281,0.00160730327,-0.00191509351,-4.63094636e-07,2.54064184e-06,-6.05462174e-06,5.71461136e-08,4.2830934e-06,-1.59615672e-06
3889,15.556000,-0.00925131887,-0.00150491809,0.00360184629,0.000982520171,0.00174964848,-0.00191395916,-4.63125076e-07,2.52674954e-06,-6.0569264e-06,5.73636285e-08,4.28306157e-06,-1.59598903e-06
3890,15.560000,-0.00509903859,-0.00155695202,0.00285782386,0.00134787243,0.00185370515,-0.00191316195,-4.63075935e-07,2.52469499e-06,-6.06344702e-06,5.66955869e-08,4.28325711e-06,-1.59627666e-06
3891,15.564000,-0.002524273,-0.0013807863,0.00260089245,-7.36601651e-05,0.000225563999,0.000114912167,-4.63128771e-07,2.52712243e-06,-6.06521871e-06,5.80493733e-08,4.28281055e-06,-1.59604815e-06
3892,15.568000,-0.00127003598,-0.00129282568,0.00227191392,-0.000606597401,-0.000442693941,0.000903263688,-4.6309151e-07,2.52605628e-06,-6.07397715e-06,6.10963937e-08,4.28296107e-06,-1.59604201e-06
3893,15.572000,-0.000771048246,-0.00119272061,0.00205457304,-0.00114769954,-0.00107987761,0.00164698996,-4.63121978e-07,2.52715859e-06,-6.08390292e-06,5.80540203e-08,4.28326393e-06,-1.59610113e-06
3894,15.576000,-0.000582366483,-0.00110932719,0.00187076721,-0.00129896123,-0.0012842943,0.00191671774,-4.63184421e-07,2.52933319e-06,-6.07763695e-06,6.10405664e-08,4.28283283e-06,-1.59610624e-06
3895,15.580000,-0.000540492125,-0.00105768954,0.00171171594,-0.00120966788,-0.0012394248,0.00191697851,-4.63153015e-07,2.52837935e-06,-6.07918537e-06,5.75692312e-08,4.28286603e-06,-1.59604588e-06
3896,15.584000,-0.000537732849,-0.00100624561,0.00161141716,-0.00113229081,-0.00119568291,0.00191723369,-4.63155288e-07,2.52903601e-06,-6.07693983e-06,5.42955405e-08,4.28282692e-06,-1.59609726e-06
3897,15.588000,-0.000539340544,-0.000962034333,0.00153568387,-0.00105074141,-0.00115161319,0.00191751122,-4.63146733e-07,2.52869904e-06,-6.07990205e-06,5.96511072e-08,4.28284011e-06,-1.59603906e-06
3898,15.592000,-0.000541555462,-0.000919013284,0.00148252212,-0.000973633491,-0.00110878958,0.00191777758,-4.63156425e-07,2.52886139e-06,-6.07652964e-06,5.68567771e-08,4.2828342e-06,-1.59609942e-06
3899,15.596000,-0.000545408577,-0.000880637672,0.00143859722,-0.00089832861,-0.00106762024,0.00191803835,-4.63148751e-07,2.52839868e-06,-6.07920083e-06,5.66374503e-08,4.28285466e-06,-1.59603894e-06
3900,15.600000,-0.000549506629,-0.000848386437,0.00139834173,-0.000826524571,-0.00102665043,0.0019182805,-4.63162195e-07,2.52892073e-06,-6.07664924e-06,5.52283126e-08,4.28283238e-06,-1.59609749e-06
3901,15.604000,-0.000553363468,-0.000811002217,0.00136172213,-0.000754284672,-0.000986709958,0.00191853009,-4.63161513e-07,2.52842119e-06,-6.07923903e-06,5.82635877e-08,4.28286148e-06,-1.59604508e-06
3902,15.608000,-0.000558132306,-0.000780269038,0.00132670254,-0.000686008483,-0.000947688008,0.00191877224,-4.63173023e-07,2.52871382e-06,-6.07616448e-06,5.73243639e-08,4.2828492e-06,-1.5961034e-06
3903,15.612000,-0.000564737711,-0.000748261809,0.00129423197,-0.0006185323,-0.000910428353,0.00191900879,-4.63157789e-07,2.52813743e-06,-6.07857874e-06,5.5475958e-08,4.28286967e-06,-1.59604315e-06
3904,15.616000,-0.000570858363,-0.000714276452,0.00126935076,-0.000543315895,-0.000874382677,0.001919223,-4.63155402e-07,2.52835434e-06,-6.07906668e-06,5.91956457e-08,4.28285284e-06,-1.59615661e-06
3905,15.620000,-0.00058406638,-0.000685667153,0.00123038236,-0.00048571825,-0.000840998488,0.00191943534,-4.63148609e-07,2.528099e-06,-6.07847369e-06,5.99038827e-08,4.28286285e-06,-1.59598073e-06
3906,15.624000,-0.000593838515,-0.000656310935,0.00119787548,-0.000418167561,-0.00080583035,0.00191964395,-4.63146222e-07,2.52795803e-06,-6.078144e-06,5.85044404e-08,4.28286876e-06,-1.59615286e-06
3907,15.628000,-0.00060270098,-0.000626614317,0.00116896909,-0.000354343094,-0.000772834988,0.00191986002,-4.63149803e-07,2.5279835e-06,-6.07819038e-06,5.94329599e-08,4.28286739e-06,-1.59597664e-06
3908,15.632000,-0.000610916875,-0.000601775479,0.00113675743,-0.00028702151,-0.000738961156,0.00192006491,-4.6315256e-07,2.52787618e-06,-6.07793572e-06,5.85003406e-08,4.28287331e-06,-1.59615308e-06
3909,15.636000,-0.00061944034,-0.000581948087,0.00109910406,-0.000180399977,-0.000662083039,0.00187155232,-4.63151423e-07,2.52786754e-06,-6.07790707e-06,5.89708549e-08,4.2828724e-06,-1.59598051e-06
3910,15.640000,-0.000629415503,-0.000562557485,0.00105631165,-8.36309046e-05,-0.000592983328,0.00183154829,-4.63150656e-07,2.52779319e-06,-6.0777279e-06,5.85083413e-08,4.28287512e-06,-1.59615524e-06
3911,15.644000,-0.000639223959,-0.000543908682,0.00101493765,2.06483528e-05,-0.000514456071,0.00177969411,-4.63153583e-07,2.52776908e-06,-6.07765969e-06,5.87377116e-08,4.28287831e-06,-1.59597903e-06
3912,15.648000,-0.000645707594,-0.000525497366,0.000974250957,0.000124731101,-0.000442610821,0.00173576735,-4.63153583e-07,2.5277111e-06,-6.07752054e-06,5.85076556e-08,4.28287922e-06,-1.59615354e-06
3913,15.652000,-0.000653776573,-0.000509292819,0.000930445269,0.00022412464,-0.000372075476,0.00169235654,-4.63154976e-07,2.5276704e-06,-6.07741822e-06,5.85017439e-08,4.28288058e-06,-1.59597789e-06
3914,15.656000,-0.000663195737,-0.000489295926,0.000892887823,0.000319838524,-0.000300195999,0.0016456414,-4.63155459e-07,2.52761265e-06,-6.07727816e-06,5.82757664e-08,4.2828824e-06,-1.59615547e-06
3915,15.660000,-0.00067005679,-0.000475122128,0.000848640688,0.000421927311,-0.000227776123,0.00159914419,-4.63155914e-07,2.52757241e-06,-6.0771772e-06,5.82731232e-08,4.28288286e-06,-1.59597869e-06
3916,15.664000,-0.000677721109,-0.000458660536,0.000810496509,0.000515456311,-0.000159912277,0.00155560486,-4.63156198e-07,2.52753193e-06,-6.07707716e-06,5.82767825e-08,4.28288558e-06,-1.5961524e-06
3917,15.668000,-0.000685207313,-0.000443136785,0.000769587234,0.000603453256,-9.85530205e-05,0.00151946209,-4.63157591e-07,2.52747463e-06,-6.07693983e-06,5.80433337e-08,4.28288467e-06,-1.59597835e-06
3918,15.672000,-0.000692567555,-0.000428425148,0.00072974246,0.000689613633,-3.7897611e-05,0.00148295145,-4.63158955e-07,2.52743303e-06,-6.07683796e-06,5.80416071e-08,4.28288831e-06,-1.59615365e-06
3919,15.676000,-0.000699739903,-0.00041367067,0.000690340996,0.000783327967,3.06733418e-05,0.0014374489,-4.63169954e-07,2.52739346e-06,-6.07673974e-06,5.80479522e-08,4.28289468e-06,-1.59598051e-06
3920,15.680000,-0.000706855208,-0.000403466634,0.00064793881,0.000876470469,9.81613994e-05,0.00139320549,-4.63171773e-07,2.5273373e-06,-6.07660149e-06,5.78159103e-08,4.28289786e-06,-1.59615593e-06
3921,15.684000,-0.000712520909,-0.000386868138,0.000612325035,0.000956619158,0.000152518041,0.00136156101,-4.63168789e-07,2.52729637e-06,-6.07650372e-06,5.78143826e-08,4.28289877e-06,-1.59598198e-06
3922,15.688000,-0.000719642732,-0.000375946052,0.000572208315,0.00104417838,0.000216677086,0.00131910294,-4.63173109e-07,2.52725681e-06,-6.07640141e-06,5.78149191e-08,4.28289968e-06,-1.59615479e-06
3923,15.692000,-0.000726185506,-0.000362951774,0.000534305349,0.00112902373,0.000277936691,0.00127926283,-4.63158074e-07,2.52679456e-06,-6.07907668e-06,6.13164559e-08,4.28291742e-06,-1.59597755e-06
3924,15.696000,-0.000732406974,-0.000351465307,0.000496242195,0.00121194124,0.000338320853,0.00123902876,-4.63161484e-07,2.52707764e-06,-6.07597576e-06,5.64232465e-08,4.28290059e-06,-1.5961532e-06
3925,15.700000,-0.000737656606,-0.000338367186,0.000459492207,0.00129019842,0.000391595531,0.00120710488,-4.63166856e-07,2.52678274e-06,-6.07902575e-06,5.85219517e-08,4.28292014e-06,-1.5959821e-06
3926,15.704000,-0.000743882731,-0.00032877177,0.000422130339,0.00136603229,0.000444670441,0.00117483269,-4.63171034e-07,2.52717473e-06,-6.0761804e-06,5.89764753e-08,4.2833658e-06,-1.59621322e-06
3927,15.708000,-0.000750103733,-0.000316365622,0.000388293527,0.00144364219,0.000501328846,0.00113740005,-4.6318695e-07,2.52653763e-06,-6.07844868e-06,5.99235221e-08,4.28294561e-06,-1.59616206e-06
3928,15.712000,-0.000756941037,-0.000306684989,0.000349771231,0.00151636917,0.000554268714,0.00110365357,-4.63181834e-07,2.52695054e-06,-6.07564743e-06,5.68934198e-08,4.28314979e-06,-1.59598176e-06
3929,15.716000,-0.000761595089,-0.000296061393,0.000315905549,0.0015949728,0.000609435141,0.00106765423,-4.63187575e-07,2.52655445e-06,-6.07847187e-06,5.75976173e-08,4.28294379e-06,-1.59616366e-06
3930,15.720000,-0.000767009566,-0.000287375413,0.00027997978,0.00165875815,0.000651646405,0.00104491785,-4.63185387e-07,2.52703012e-06,-6.07581569e-06,5.54947235e-08,4.28314343e-06,-1.59598119e-06
3931,15.724000,0.0044846274,-0.00315262843,-0.0089609623,0.00948182773,0.00322765112,0.000844934955,-4.63186865e-07,2.52658288e-06,-6.07852007e-06,5.92261351e-08,4.28293333e-06,-1.59615911e-06
3932,15.728000,0.00642159581,-0.00219433382,-0.00949176122,0.00854340289,0.00224448415,0.00194006786,-4.63209631e-07,2.52456516e-06,-6.07020957e-06,5.99563705e-08,4.28380508e-06,-1.59602507e-06
3933,15.732000,0.00812398084,-0.00188215356,-0.00989944674,0.00859569479,0.00227373233,0.00194033422,-4.63216026e-07,2.5242241e-06,-6.05080322e-06,6.01928036e-08,4.28359226e-06,-1.59614194e-06
3934,15.736000,0.00964080449,-0.00181477796,-0.0101851644,0.0086494023,0.00230275141,0.0019405894,-4.63139912e-07,2.52079712e-06,-6.04676916e-06,5.88550044e-08,4.28373687e-06,-1.59613921e-06
3935,15.740000,0.011027975,-0.00183785893,-0.0104034804,0.0086993454,0.0023298692,0.00194085389,-4.63105806e-07,2.51958932e-06,-6.05148261e-06,6.02789001e-08,4.28378144e-06,-1.5961931e-06
3936,15.744000,0.0123205036,-0.0019016033,-0.0105943941,0.00874840375,0.00235655298,0.00194110535,-4.63091595e-07,2.52243535e-06,-6.05419973e-06,5.62695206e-08,4.2829879e-06,-1.59609431e-06
3937,15.748000,0.0135435443,-0.00197564997,-0.0107558509,0.00878807064,0.00238179835,0.0019413624,-4.63069568e-07,2.52351833e-06,-6.0529369e-06,5.83478865e-08,4.28337989e-06,-1.59596368e-06
3938,15.752000,0.0147119956,-0.00205860194,-0.0109104756,0.00882649235,0.00240620552,0.00194163434,-4.63101145e-07,2.52336258e-06,-6.05258447e-06,5.97460641e-08,4.28294106e-06,-1.59632282e-06
3939,15.756000,0.015838502,-0.00214396231,-0.011053293,0.00886239856,0.0024298667,0.00194187649,-4.63066101e-07,2.52324162e-06,-6.05230889e-06,5.78821684e-08,4.28339263e-06,-1.59613819e-06
3940,15.760000,0.0169303454,-0.00222650822,-0.0111868661,0.00889725983,0.00245306548,0.00194212608,-4.63088071e-07,2.5233503e-06,-6.05255582e-06,5.92790883e-08,4.28340354e-06,-1.59614603e-06
3941,15.764000,0.0179913696,-0.00231155008,-0.0113200163,0.00893071387,0.00247538183,0.00194235332,-4.63087957e-07,2.52329551e-06,-6.05243031e-06,5.83464903e-08,4.28340445e-06,-1.59614433e-06
3942,15.768000,0.019026015,-0.00239917822,-0.011449364,0.00896366592,0.00249779876,0.00194259919,-4.6309296e-07,2.52335508e-06,-6.05256355e-06,5.90437708e-08,4.28340263e-06,-1.59614569e-06
3943,15.772000,0.0200363062,-0.00248237047,-0.0115723843,0.00899610016,0.00251939241,0.00194285437,-4.63084689e-07,2.52333257e-06,-6.05251216e-06,5.85810653e-08,4.28339945e-06,-1.59614365e-06
3944,15.776000,0.02102305,-0.00256554503,-0.0116959652,0.00902387872,0.00253991783,0.00194307603,-4.63091794e-07,2.5233594e-06,-6.05257264e-06,5.88130327e-08,4.28340354e-06,-1.59614933e-06
3945,15.780000,0.0219891947,-0.00265217572,-0.0118181389,0.00905707851,0.00256109936,0.00194331631,-4.63076589e-07,2.52336963e-06,-6.05259856e-06,5.88134377e-08,4.28339672e-06,-1.59614262e-06
3946,15.784000,0.00012160535,0.0138987834,0.000853111967,0.00404210016,0.000844906899,0.00193183753,-4.63083069e-07,2.52337918e-06,-6.05261948e-06,5.88124252e-08,4.28339717e-06,-1.59614353e-06
3947,15.788000,-0.00019671605,0.0170215312,0.000891726464,0.00333397835,0.000809501507,0.00193172088,-4.63081108e-07,2.52338918e-06,-6.05263995e-06,5.88099738e-08,4.28339672e-06,-1.59614285e-06
3948,15.792000,-0.000318000675,0.0183989219,0.00163660385,0.00384102389,0.00153945596,0.0011645467,-4.63077981e-07,2.52339942e-06,-6.0526645e-06,5.88134483e-08,4.28339763e-06,-1.59614331e-06
3949,15.796000,-0.000382212806,0.018773783,0.00200176984,0.00472719967,0.00252034655,0.000130449422,-4.63077384e-07,2.52341056e-06,-6.05269224e-06,5.88139848e-08,4.28339672e-06,-1.59614603e-06
3950,15.800000,-0.000410750974,0.0189333707,0.00227912329,0.00472247228,0.00253949594,0.000130586792,-4.63074826e-07,2.52342011e-06,-6.05271271e-06,5.88115014e-08,4.28339308e-06,-1.59614433e-06
3951,15.804000,-0.000433783513,0.018979121,0.00232961588,0.00506949797,0.00290189404,-0.000281746499,-4.63073519e-07,2.52344739e-06,-6.05277455e-06,5.90412306e-08,4.28339172e-06,-1.5961441e-06
3952,15.808000,-0.000446556485,0.0190305915,0.0023318287,0.00524858758,0.00308201136,-0.000478987582,-4.63071842e-07,2.52344194e-06,-6.05276227e-06,5.88148552e-08,4.28339081e-06,-1.59614115e-06
3953,15.812000,-0.000457260641,0.0190883875,0.00229144469,0.0054005906,0.00323411846,-0.000644863583,-4.63071046e-07,2.52346717e-06,-6.05282003e-06,5.90383671e-08,4.28338808e-06,-1.59614024e-06
3954,15.816000,-0.000465015881,0.0191572309,0.00223259442,0.00553393736,0.00336276786,-0.000782552641,-4.63069227e-07,2.52346149e-06,-6.0528082e-06,5.88120841e-08,4.28338763e-06,-1.59614206e-06
3955,15.820000,-0.000473194639,0.0192334764,0.00216838345,0.00562024489,0.00344562577,-0.000866048969,-4.6306738e-07,2.52348764e-06,-6.05286914e-06,5.90438134e-08,4.28338217e-06,-1.59614001e-06
3956,15.824000,-0.000478402362,0.0193205941,0.00210879929,0.00568326563,0.00350104133,-0.000916943885,-4.63065504e-07,2.52349741e-06,-6.05289097e-06,5.90419909e-08,4.28291696e-06,-1.59614092e-06
3957,15.828000,-0.000485572731,0.0194071718,0.00204685517,0.00573102012,0.00354505377,-0.000955031719,-4.63039925e-07,2.52350719e-06,-6.05291416e-06,5.90438134e-08,4.28290059e-06,-1.59612955e-06
3958,15.832000,-0.000491023762,0.0194965824,0.00198604539,0.00578190386,0.00358919241,-0.00099294167,-4.63030062e-07,2.52351629e-06,-6.0529369e-06,5.90413123e-08,4.28289286e-06,-1.59612591e-06
3959,15.836000,-0.00049745338,0.0195826776,0.00192472897,0.00581912324,0.00362151745,-0.0010171663,-4.63033246e-07,2.5235272e-06,-6.05295963e-06,5.90386122e-08,4.2828965e-06,-1.59612785e-06
3960,15.840000,-0.000502960058,0.0196704473,0.00186574832,0.00586566329,0.0036625918,-0.00105249137,-4.63034354e-07,2.52353766e-06,-6.05298283e-06,5.90437317e-08,4.28289877e-06,-1.5961291e-06
3961,15.844000,-0.000339725288,0.0428261347,-0.0218327641,0.0437766463,0.0092825247,-0.00186453946,-4.63038305e-07,2.52354721e-06,-6.05300647e-06,5.90389391e-08,4.28289786e-06,-1.59613103e-06
3962,15.848000,-0.000757493777,0.046630431,-0.0537459776,0.0800591111,0.00886112824,-0.00186757185,-4.6304001e-07,2.52355858e-06,-6.05303012e-06,5.9042204e-08,4.28289832e-06,-1.59613114e-06
3963,15.852000,-0.00102094072,0.0466980711,-0.0729781687,0.0971593708,0.00866455957,-0.00186907593,-4.63043307e-07,2.52358586e-06,-6.05308969e-06,5.92765943e-08,4.28290241e-06,-1.59613353e-06
3964,15.856000,-0.00115524326,0.0467197523,-0.083549343,0.105277091,0.00858822837,-0.00186968828,-4.63054761e-07,2.52357927e-06,-6.05307378e-06,5.90405875e-08,4.28290969e-06,-1.59613546e-06
3965,15.860000,-0.00122323586,0.0467194468,-0.0897321478,0.109692022,0.00856223889,-0.00187002216,-4.63058456e-07,2.52360473e-06,-6.0531338e-06,5.92714642e-08,4.28290878e-06,-1.59613467e-06
3966,15.864000,-0.00126175536,0.0467090197,-0.0935217366,0.112292096,0.00855910219,-0.00187019072,-4.63059592e-07,2.52359951e-06,-6.05312198e-06,5.9042204e-08,4.28291014e-06,-1.59613853e-06
3967,15.868000,-0.00128645054,0.0466933362,-0.0959637985,0.11395283,0.00856795069,-0.0018702657,-4.63062548e-07,2.52362497e-06,-6.05317928e-06,5.92750453e-08,4.2829115e-06,-1.59613717e-06
3968,15.872000,-0.00130807422,0.0466762483,-0.0976333171,0.11512506,0.0085800346,-0.00187030993,-4.63063373e-07,2.52363679e-06,-6.05320292e-06,5.9275191e-08,4.2829115e-06,-1.59613887e-06
3969,15.876000,-0.0013283554,0.0466584787,-0.098841697,0.116026305,0.0085935425,-0.00187033834,-4.63064765e-07,2.52364748e-06,-6.05322612e-06,5.92735994e-08,4.28291287e-06,-1.59613774e-06
3970,15.880000,-0.00134726916,0.0466401204,-0.0997653678,0.116765507,0.00860815868,-0.00187041238,-4.63066527e-07,2.52365749e-06,-6.05324931e-06,5.92746616e-08,4.28291514e-06,-1.5961391e-06
3971,15.884000,-0.00136719714,0.0466217361,-0.100513667,0.117406555,0.00862293039,-0.00187042775,-4.63069483e-07,2.5236684e-06,-6.05327386e-06,5.9275564e-08,4.28291378e-06,-1.5961383e-06
3972,15.888000,-0.00138563709,0.0466029309,-0.101152875,0.117999017,0.0086381156,-0.0018704664,-4.63069995e-07,2.52367749e-06,-6.05329387e-06,5.92764842e-08,4.28291514e-06,-1.59613955e-06
3973,15.892000,-0.00140456762,0.0465841629,-0.101711601,0.118539467,0.00865371712,-0.00187050737,-4.63072581e-07,2.52368864e-06,-6.05331797e-06,5.92755818e-08,4.28291605e-06,-1.59614194e-06
3974,15.896000,-0.00142588769,0.0465661697,-0.102227204,0.119064726,0.00866701268,-0.00187056465,-4.63073462e-07,2.52369887e-06,-6.05334253e-06,5.92771627e-08,4.28291605e-06,-1.59614297e-06
3975,15.900000,-0.00144460192,0.0465473533,-0.102703914,0.11956162,0.00868183561,-0.00187059632,-4.63076134e-07,2.52372547e-06,-6.05339983e-06,5.95042238e-08,4.28291605e-06,-1.59614274e-06
3976,15.904000,-0.00696634362,0.0461530909,-0.176641047,0.226750433,0.0103533128,-0.00185945444,-4.63076844e-07,2.52371933e-06,-6.05338664e-06,5.92731908e-08,4.2829156e-06,-1.59614046e-06
3977,15.908000,-0.00908924267,0.046274256,-0.212050319,0.26141423,0.00992054958,-0.0018626824,-4.63080227e-07,2.52374502e-06,-6.05344349e-06,5.95046075e-08,4.28291605e-06,-1.59614058e-06
3978,15.912000,-0.0108210538,0.0509922802,-0.223512337,0.266705185,0.00982642733,-0.00186361372,-4.63079886e-07,2.52373911e-06,-6.0534303e-06,5.92756955e-08,4.28291833e-06,-1.59614217e-06
3979,15.916000,-0.0121578649,0.0563686229,-0.22753118,0.266199082,0.00982925668,-0.00186376646,-4.63083495e-07,2.52376594e-06,-6.05349123e-06,5.95072613e-08,4.28291696e-06,-1.59614206e-06
3980,15.920000,-0.0130974306,0.0607542321,-0.23011966,0.266033828,0.00984168611,-0.00186383724,-4.630852e-07,2.52375935e-06,-6.05347441e-06,5.92706755e-08,4.28291742e-06,-1.59614399e-06
3981,15.924000,-0.0137585234,0.064179033,-0.231965825,0.265977204,0.00985726714,-0.00186390057,-4.63085598e-07,2.52378572e-06,-6.0535358e-06,5.95038472e-08,4.28291696e-06,-1.59614444e-06
3982,15.928000,-0.0142559931,0.0668116361,-0.233371884,0.266030669,0.00987263396,-0.00186400488,-4.6308827e-07,2.52379709e-06,-6.05355808e-06,5.9503293e-08,4.28291924e-06,-1.59614399e-06
3983,15.932000,-0.0146588888,0.0688501745,-0.234442458,0.266105086,0.00988866016,-0.00186404772,-4.6308935e-07,2.52380642e-06,-6.05358173e-06,5.95049023e-08,4.28291878e-06,-1.59614387e-06
3984,15.936000,-0.0150031578,0.0704330504,-0.235283375,0.266215682,0.00990316737,-0.00186413899,-4.63091339e-07,2.52381778e-06,-6.05360628e-06,5.9505517e-08,4.28292333e-06,-1.59614615e-06
3985,15.940000,-0.0153127983,0.0716856271,-0.235936448,0.266318798,0.00991808437,-0.00186423399,-4.63092505e-07,2.52382779e-06,-6.05362902e-06,5.9503769e-08,4.28338853e-06,-1.59614603e-06
3986,15.944000,-0.0155998366,0.0726767331,-0.236480519,0.26646477,0.0099325031,-0.00186436065,-4.63112769e-07,2.52383938e-06,-6.05365221e-06,5.95068563e-08,4.28340127e-06,-1.59615558e-06
3987,15.948000,-0.0158716403,0.0734886378,-0.236902297,0.266578287,0.00994728133,-0.00186440349,-4.6311493e-07,2.52384939e-06,-6.05367359e-06,5.95022769e-08,4.28340036e-06,-1.59609601e-06
3988,15.952000,-0.0161333643,0.0741475821,-0.237277701,0.266738355,0.00996098295,-0.00186449289,-4.6310322e-07,2.52387599e-06,-6.05373316e-06,5.97347523e-08,4.28350859e-06,-1.59615126e-06
3989,15.956000,-0.0163874663,0.0747058466,-0.237592191,0.266891092,0.00997376069,-0.00186463073,-4.6311925e-07,2.52387122e-06,-6.05372043e-06,5.95034493e-08,4.2831698e-06,-1.59609624e-06
3990,15.960000,-0.0166348126,0.0751832798,-0.237860784,0.267036796,0.00998755172,-0.00186472014,-4.63087815e-07,2.52389555e-06,-6.05377727e-06,5.97341057e-08,4.2832653e-06,-1.5961441e-06
3991,15.964000,-0.0111171268,0.0600559898,-0.307010025,0.361940235,0.00871546287,-0.00187333021,-4.63103987e-07,2.52388804e-06,-6.05376044e-06,5.94997047e-08,4.28292424e-06,-1.59615058e-06
3992,15.968000,-0.00835193694,0.0741012096,-0.310257494,0.362695992,0.00868513156,-0.00187391695,-4.63085115e-07,2.52391578e-06,-6.05382229e-06,5.9737431e-08,4.28337808e-06,-1.59608487e-06
3993,15.972000,-0.00715167355,0.0837563723,-0.313291818,0.362851799,0.00868992042,-0.00187397469,-4.63116208e-07,2.52432869e-06,-6.05103196e-06,5.60020652e-08,4.28290832e-06,-1.59621084e-06
3994,15.976000,-0.00665422622,0.0905136764,-0.315961003,0.362789869,0.00870501995,-0.00187395886,-4.6307548e-07,2.5240131e-06,-6.05405421e-06,5.71766563e-08,4.28301701e-06,-1.59625779e-06
3995,15.980000,-0.00648998749,0.0953554809,-0.31815809,0.362660497,0.00872362871,-0.00187397934,-4.63100633e-07,2.52453833e-06,-6.05151581e-06,5.50697266e-08,4.28312342e-06,-1.59626131e-06
3996,15.984000,-0.00648648618,0.0988795534,-0.319923908,0.362567574,0.00874022767,-0.00187400077,-4.63102566e-07,2.52413906e-06,-6.05434843e-06,5.88037352e-08,4.28314797e-06,-1.59626779e-06
3997,15.988000,-0.00656608446,0.101489484,-0.321298748,0.362477899,0.00875664037,-0.00187404174,-4.63103959e-07,2.52446466e-06,-6.05136165e-06,5.76320751e-08,4.28312978e-06,-1.59626256e-06
3998,15.992000,-0.00668883836,0.103438228,-0.322372347,0.362437218,0.00877104048,-0.00187407061,-4.63092505e-07,2.52395512e-06,-6.05393598e-06,5.60115865e-08,4.2831507e-06,-1.59620697e-06
3999,15.996000,-0.00683560781,0.104912207,-0.323200762,0.36241442,0.008784106,-0.00187414605,-4.63105863e-07,2.52462746e-06,-6.05174046e-06,5.60015927e-08,4.28312387e-06,-1.59608976e-06
4000,16.000000,-0.00699540833,0.106030345,-0.323851407,0.36243394,0.00879533961,-0.00187423546,-4.63096171e-07,2.52412701e-06,-6.05433797e-06,5.83372923e-08,4.28314615e-06,-1.59620549e-06
4001,16.004000,-0.00716304686,0.106892392,-0.324358165,0.36246416,0.00880604982,-0.00187427085,-4.63101884e-07,2.5245206e-06,-6.05150944e-06,5.80954449e-08,4.28312705e-06,-1.59631998e-06
4002,16.008000,-0.00733495876,0.107564151,-0.324753374,0.362499475,0.00881679449,-0.00187433884,-4.6308827e-07,2.52396171e-06,-6.05396554e-06,5.95045329e-08,4.28314843e-06,-1.59614592e-06
4003,16.012000,-0.00750885531,0.108088583,-0.325076669,0.362565398,0.00882531516,-0.00187442359,-4.63100378e-07,2.52440623e-06,-6.05124842e-06,5.62340503e-08,4.28313342e-06,-1.59614819e-06
4004,16.016000,-0.00768374465,0.108506255,-0.325335801,0.362628967,0.00883461814,-0.00187453441,-4.63092789e-07,2.52409268e-06,-6.05427022e-06,5.74020795e-08,4.28314343e-06,-1.59608578e-06
4005,16.020000,-0.00785775855,0.10884323,-0.325550735,0.362702906,0.00884208921,-0.00187461264,-4.63104868e-07,2.5246004e-06,-6.05169907e-06,5.50677512e-08,4.28312478e-06,-1.59620697e-06
4006,16.024000,0.00131936325,0.100371487,-0.356369674,0.404945344,0.00626157876,-0.00189187936,-4.63093045e-07,2.52421637e-06,-6.05456444e-06,5.90351839e-08,4.28313933e-06,-1.59632179e-06
4007,16.028000,0.00149043719,0.106343448,-0.356430143,0.405734986,0.00623547565,-0.00189213362,-4.63100463e-07,2.52452787e-06,-6.05154537e-06,5.7632775e-08,4.28313024e-06,-1.59620481e-06
4008,16.032000,0.00151819619,0.109879896,-0.357577354,0.405778199,0.00624003448,-0.0018921392,-4.63091766e-07,2.52403424e-06,-6.05415107e-06,5.62414613e-08,4.28315116e-06,-1.59626495e-06
4009,16.036000,0.00153448083,0.112295032,-0.358700484,0.405690014,0.00624557398,-0.00189216528,-4.63103135e-07,2.52468908e-06,-6.05191553e-06,5.59960718e-08,4.28312114e-06,-1.59603076e-06
4010,16.040000,0.00154531538,0.114037119,-0.35963285,0.405628055,0.00624740636,-0.00189218577,-4.63095461e-07,2.52420523e-06,-6.05455261e-06,5.8565071e-08,4.28314343e-06,-1.5962629e-06
4011,16.044000,0.00155816716,0.115327373,-0.360360414,0.405582547,0.00625041313,-0.00189220905,-4.63102964e-07,2.5245829e-06,-6.05168225e-06,5.80963189e-08,4.28312615e-06,-1.59626211e-06
4012,16.048000,0.00156992744,0.116292648,-0.360919654,0.405549586,0.00625269255,-0.00189225469,-4.6308827e-07,2.52403947e-06,-6.05417881e-06,5.97354983e-08,4.28314979e-06,-1.59620618e-06
4013,16.052000,0.0015778318,0.117023617,-0.361350894,0.405522406,0.00625346927,-0.00189229753,-4.6310052e-07,2.5244849e-06,-6.05146124e-06,5.64694247e-08,4.28313297e-06,-1.59626563e-06
4014,16.056000,0.00158862444,0.11757315,-0.361698776,0.405535012,0.00625508185,-0.00189232826,-4.63094381e-07,2.5241568e-06,-6.05444848e-06,5.74037742e-08,4.28314706e-06,-1.59620515e-06
4015,16.060000,0.00159735628,0.11800041,-0.361960411,0.40553391,0.00625544647,-0.0018923562,-4.63104925e-07,2.52468044e-06,-6.05191053e-06,5.53019142e-08,4.28312615e-06,-1.5963243e-06
4016,16.064000,0.00160650187,0.11832764,-0.362170756,0.405549377,0.00625595124,-0.00189241301,-4.63095347e-07,2.5242955e-06,-6.05477544e-06,5.92614384e-08,4.28314206e-06,-1.59620492e-06
4017,16.068000,0.00161477202,0.118572116,-0.362365097,0.40560922,0.0062556956,-0.00189242978,-4.63104044e-07,2.52459017e-06,-6.05171499e-06,5.76303449e-08,4.28313024e-06,-1.5963243e-06
4018,16.072000,0.00162259163,0.118777029,-0.36249873,0.40562737,0.00625539199,-0.00189250242,-4.63089663e-07,2.52411314e-06,-6.05436253e-06,5.64733043e-08,4.28315025e-06,-1.59614854e-06
4019,16.076000,0.00162988016,0.118941382,-0.362609923,0.405647457,0.00625487091,-0.00189252663,-4.63101429e-07,2.52476957e-06,-6.05212563e-06,5.62316771e-08,4.28311978e-06,-1.59591411e-06
4020,16.080000,0.00163706089,0.119073465,-0.36270538,0.405669183,0.00625536544,-0.00189256854,-4.63095574e-07,2.52427026e-06,-6.05472633e-06,5.85703148e-08,4.28314206e-06,-1.59614649e-06
4021,16.084000,0.00296741095,0.122373626,-0.360014737,0.41172415,0.00529110339,-0.00189897418,-4.63101514e-07,2.52466225e-06,-6.05188961e-06,5.83284141e-08,4.28312615e-06,-1.59614683e-06
4022,16.088000,0.0030012778,0.12375126,-0.358496219,0.41243726,0.00527793635,-0.00189897418,-4.63088867e-07,2.52411905e-06,-6.054388e-06,5.99655507e-08,4.28314706e-06,-1.59608953e-06
4023,16.092000,0.00300796377,0.124185048,-0.358044773,0.412699491,0.00526612345,-0.00189902447,-4.63095347e-07,2.52454879e-06,-6.0516345e-06,5.64655132e-08,4.28312615e-06,-1.59614467e-06
4024,16.096000,0.00301558524,0.124347039,-0.357888043,0.412849933,0.00525656436,-0.00189909339,-4.63090117e-07,2.52423388e-06,-6.05465129e-06,5.76329882e-08,4.28314297e-06,-1.59614501e-06
4025,16.100000,0.003024142,0.124424912,-0.357815742,0.412925482,0.00524853636,-0.00189914554,-4.63099809e-07,2.52476048e-06,-6.0521179e-06,5.55304709e-08,4.28311751e-06,-1.59614774e-06
4026,16.104000,0.00303470157,0.124466375,-0.357786,0.412974298,0.00524167437,-0.00189912878,-4.63090288e-07,2.52435893e-06,-6.05494461e-06,5.92633356e-08,4.28313751e-06,-1.59614603e-06
4027,16.108000,0.00304684741,0.124490514,-0.357786238,0.413021952,0.00523525476,-0.00189914741,-4.6309799e-07,2.52466907e-06,-6.05192054e-06,5.7860337e-08,4.28312478e-06,-1.5961491e-06
4028,16.112000,0.00305942632,0.124516897,-0.357787639,0.413036048,0.00523073599,-0.0018991679,-4.63086195e-07,2.52419227e-06,-6.05456808e-06,6.04321713e-08,4.28314479e-06,-1.5960884e-06
4029,16.116000,0.00307264924,0.124532655,-0.357816815,0.413081467,0.00522410404,-0.0018991977,-4.63096939e-07,2.52457426e-06,-6.05170226e-06,5.6234942e-08,4.28312751e-06,-1.5961466e-06
4030,16.120000,0.00308587076,0.124542706,-0.357861102,0.413131028,0.00521923229,-0.00189921074,-4.63086764e-07,2.52429368e-06,-6.05479863e-06,5.78668775e-08,4.28313797e-06,-1.5961474e-06
4031,16.124000,0.00309902034,0.124569274,-0.357878268,0.413131535,0.00521375798,-0.00189921446,-4.63101202e-07,2.52478503e-06,-6.05218293e-06,5.90246145e-08,4.28312023e-06,-1.5961499e-06
4032,16.128000,0.003113718,0.124587342,-0.357918262,0.413160682,0.00520937704,-0.00189924054,-4.6308736e-07,2.52416021e-06,-6.05449395e-06,5.95004082e-08,4.28314434e-06,-1.59608942e-06
4033,16.132000,0.00312654697,0.12461482,-0.357940137,0.413154334,0.00520458352,-0.00189925916,-4.63099354e-07,2.52467112e-06,-6.05193009e-06,5.71611842e-08,4.2831266e-06,-1.59620856e-06
4034,16.136000,0.00314072566,0.124634139,-0.357983202,0.41318354,0.00519940443,-0.0018992722,-4.63088611e-07,2.52429186e-06,-6.05479727e-06,5.74021328e-08,4.28313979e-06,-1.59626393e-06
4035,16.140000,0.00315270107,0.124664985,-0.358000755,0.413163543,0.0051941108,-0.00189927779,-4.63102566e-07,2.52484892e-06,-6.05233572e-06,5.57612339e-08,4.28311796e-06,-1.59626609e-06
4036,16.144000,0.00312514091,0.136738017,-0.314150453,0.353464842,0.00528537761,-0.00189861283,-4.63090288e-07,2.52443351e-06,-6.05512605e-06,5.92585749e-08,4.28313524e-06,-1.59626484e-06
4037,16.148000,0.00318834023,0.1293322,-0.311623871,0.353472143,0.00529873837,-0.0018982552,-4.63100406e-07,2.52476025e-06,-6.05213881e-06,5.80911745e-08,4.28312114e-06,-1.59626529e-06
4038,16.152000,0.00322310254,0.124223962,-0.309524596,0.353674918,0.00529903267,-0.00189815369,-4.63085229e-07,2.52426526e-06,-6.05474679e-06,6.04272401e-08,4.28314252e-06,-1.59620356e-06
4039,16.156000,0.00324281096,0.120644607,-0.3078444,0.353893906,0.00529357791,-0.00189812761,-4.63098075e-07,2.52466384e-06,-6.05192145e-06,5.64690907e-08,4.28312751e-06,-1.59626381e-06
4040,16.160000,0.00325489161,0.118108585,-0.306534886,0.354086071,0.0052877916,-0.00189807918,-4.63087304e-07,2.52438326e-06,-6.05501646e-06,5.81003619e-08,4.2831357e-06,-1.59620595e-06
4041,16.164000,0.00326232938,0.116285175,-0.305557251,0.354291528,0.00527818594,-0.00189807825,-4.63099383e-07,2.52487484e-06,-6.05239802e-06,5.92534377e-08,4.28311569e-06,-1.59632032e-06
4042,16.168000,0.00326925609,0.114989251,-0.304785758,0.354397744,0.00527192093,-0.0018980857,-4.63082642e-07,2.52424866e-06,-6.05471405e-06,5.97304108e-08,4.28314024e-06,-1.59614626e-06
4043,16.172000,0.0032767579,0.114047296,-0.304231346,0.354524553,0.0052643884,-0.00189806335,-4.63096484e-07,2.52474479e-06,-6.05210562e-06,5.71632093e-08,4.28312524e-06,-1.59614751e-06
4044,16.176000,0.00328539778,0.113365799,-0.3038297,0.354630411,0.00525819417,-0.00189804845,-4.63088554e-07,2.52438167e-06,-6.05501418e-06,5.76339971e-08,4.28313888e-06,-1.59608794e-06
4045,16.180000,0.0032928302,0.112881258,-0.303534538,0.354707181,0.00525134522,-0.001898041,-4.63102225e-07,2.52493987e-06,-6.05254991e-06,5.59941888e-08,4.28311387e-06,-1.59620492e-06
4046,16.184000,0.00330175087,0.112532973,-0.303329945,0.354773998,0.00524534751,-0.00189804658,-4.63090373e-07,2.52452264e-06,-6.05534024e-06,5.94911924e-08,4.28313297e-06,-1.59632293e-06
4047,16.188000,0.00331058819,0.112286791,-0.303193241,0.3548325,0.00523951091,-0.00189803354,-4.63097848e-07,2.52485165e-06,-6.05235527e-06,5.83246589e-08,4.28311887e-06,-1.59620492e-06
4048,16.192000,0.0033199999,0.112127662,-0.303081989,0.354839921,0.00523456559,-0.00189800002,-4.63085996e-07,2.52434029e-06,-6.05492824e-06,6.04301249e-08,4.28314297e-06,-1.59626677e-06
4049,16.196000,0.0033301767,0.11201556,-0.303023696,0.354866534,0.00523055531,-0.00189798698,-4.6309529e-07,2.52475365e-06,-6.05213518e-06,5.66971963e-08,4.28312478e-06,-1.59620458e-06
4050,16.200000,0.00334054092,0.111946076,-0.302989364,0.354882896,0.00522507355,-0.0018979758,-4.63087446e-07,2.52445489e-06,-6.05519108e-06,5.80957291e-08,4.2831357e-06,-1.59626188e-06
4051,16.204000,0.00250099879,0.135271624,-0.214980096,0.214412093,0.0057199169,-0.00189465657,-4.63101202e-07,2.52496307e-06,-6.05261266e-06,5.94876433e-08,4.28311432e-06,-1.59626359e-06
4052,16.208000,0.00260894466,0.119595885,-0.213203803,0.213178977,0.00577654131,-0.00189385377,-4.63083694e-07,2.52432164e-06,-6.05488913e-06,5.97322583e-08,4.28314252e-06,-1.59620356e-06
4053,16.212000,0.00269263424,0.109797686,-0.210347459,0.213019818,0.00580508914,-0.00189356413,-4.63098957e-07,2.52483301e-06,-6.05231571e-06,5.73953685e-08,4.2831216e-06,-1.59632123e-06
4054,16.216000,0.00273533911,0.103243776,-0.207753405,0.213205203,0.0058125956,-0.00189341605,-4.63090089e-07,2.52445443e-06,-6.0551879e-06,5.76339474e-08,4.2831366e-06,-1.59614478e-06
4055,16.220000,0.00275722891,0.0987227708,-0.205641478,0.213481218,0.00581181701,-0.0018933285,-4.63103646e-07,2.52502787e-06,-6.05275955e-06,5.62273357e-08,4.28311614e-06,-1.59614797e-06
4056,16.224000,0.00276386691,0.0955502987,-0.203995287,0.213763416,0.00580536015,-0.00189330243,-4.63101088e-07,2.52499626e-06,-6.05269543e-06,5.57619231e-08,4.28311614e-06,-1.59614763e-06
4057,16.228000,0.00276744738,0.0933062807,-0.202736676,0.214017645,0.00579950307,-0.00189324562,-4.63090942e-07,2.52461359e-06,-6.05556124e-06,5.97277392e-08,4.28312887e-06,-1.59614797e-06
4058,16.232000,0.00276863854,0.091708675,-0.201795161,0.214245141,0.00579209533,-0.00189324003,-4.63099383e-07,2.52492532e-06,-6.05253535e-06,5.83269681e-08,4.28311705e-06,-1.5961466e-06
4059,16.236000,0.00277097849,0.0905740634,-0.201091811,0.214427039,0.00578601938,-0.00189321954,-4.63090913e-07,2.52443192e-06,-6.05514742e-06,6.06596942e-08,4.28314115e-06,-1.59609135e-06
4060,16.240000,0.00277133798,0.0897787139,-0.200563088,0.214544386,0.00578064099,-0.00189319719,-4.63096058e-07,2.52482778e-06,-6.05231344e-06,5.66944252e-08,4.28312251e-06,-1.59614956e-06
4061,16.244000,0.00277321832,0.0892021433,-0.200219557,0.214704946,0.00577402301,-0.00189318135,-4.63087446e-07,2.52454743e-06,-6.05541072e-06,5.83325779e-08,4.28313524e-06,-1.59608987e-06
4062,16.248000,0.00277549122,0.0888151228,-0.199954003,0.214786813,0.00576905068,-0.00189318787,-4.63100832e-07,2.52503719e-06,-6.0527932e-06,5.94835043e-08,4.28311432e-06,-1.59620538e-06
4063,16.252000,0.00277943327,0.0885524079,-0.199773699,0.214851558,0.00576633308,-0.00189313572,-4.63091567e-07,2.52481732e-06,-6.05229616e-06,5.62332936e-08,4.28312433e-06,-1.59626484e-06
4064,16.256000,0.00278369244,0.0883760005,-0.199680954,0.214947313,0.00576200895,-0.00189312082,-4.63089606e-07,2.52460177e-06,-6.05553942e-06,5.87977631e-08,4.28313206e-06,-1.59626302e-06
4065,16.260000,0.00278956257,0.0882792696,-0.199607879,0.214987755,0.00575934909,-0.0018930845,-4.63100776e-07,2.52504401e-06,-6.05281093e-06,5.92502545e-08,4.28311387e-06,-1.59626416e-06
4066,16.264000,0.00169649953,0.117079116,-0.0824563503,0.0362404212,0.00645516254,-0.00188842649,-4.63094551e-07,2.52485484e-06,-6.05238347e-06,5.64629161e-08,4.28312069e-06,-1.59620458e-06
4067,16.268000,0.00183422072,0.0955052972,-0.0778772384,0.0352801308,0.0065233116,-0.00188782997,-4.6309151e-07,2.52460541e-06,-6.05555169e-06,5.85587756e-08,4.28313433e-06,-1.59632555e-06
4068,16.272000,0.00192220672,0.0816119313,-0.0728352517,0.0354740098,0.00655185711,-0.00188744767,-4.63098587e-07,2.52508266e-06,-6.05290325e-06,5.9485636e-08,4.2831125e-06,-1.59620583e-06
4069,16.276000,0.00195856648,0.0721869022,-0.0685357228,0.0359718353,0.00655687088,-0.0018873103,-4.63095347e-07,2.52487712e-06,-6.05243758e-06,5.6467762e-08,4.28312251e-06,-1.59626416e-06
4070,16.280000,0.0019674371,0.0656284988,-0.0651157498,0.0365099758,0.00655297609,-0.00188723532,-4.63090373e-07,2.52464406e-06,-6.0556431e-06,5.87954787e-08,4.28313251e-06,-1.59626461e-06
4071,16.284000,0.00196329737,0.0609958321,-0.0624869242,0.0370349064,0.00654332014,-0.00188722461,-4.63099951e-07,2.5251029e-06,-6.05295418e-06,5.94831349e-08,4.28311341e-06,-1.5962662e-06
4072,16.288000,0.00195389707,0.0577015951,-0.0604994856,0.0374993682,0.0065335636,-0.00188723346,-4.63093585e-07,2.52489758e-06,-6.05248806e-06,5.64622127e-08,4.28312114e-06,-1.59620527e-06
4073,16.292000,0.00194243691,0.0553591922,-0.0589955933,0.0378587916,0.00652418379,-0.00188724091,-4.63092022e-07,2.52466407e-06,-6.05569039e-06,5.87915174e-08,4.28313297e-06,-1.59632214e-06
4074,16.296000,0.00193441426,0.0536939614,-0.0578818396,0.0381545201,0.0065174317,-0.00188725488,-4.63097706e-07,2.52512473e-06,-6.05300647e-06,5.94849539e-08,4.28311114e-06,-1.59620436e-06
4075,16.300000,0.00192552642,0.0525050685,-0.057086423,0.0384192988,0.00651055807,-0.0018872479,-4.63095091e-07,2.52491918e-06,-6.05253945e-06,5.64647067e-08,4.28312023e-06,-1.59626529e-06
4076,16.304000,0.00191885629,0.0516806617,-0.0565018095,0.0386106223,0.00650580693,-0.00188723579,-4.63090686e-07,2.52468612e-06,-6.05574496e-06,5.87945266e-08,4.28313024e-06,-1.59620708e-06
4077,16.308000,0.00191531214,0.0511077046,-0.0561115965,0.0388030559,0.0065014204,-0.00188723346,-4.63100832e-07,2.52514565e-06,-6.05305513e-06,5.94877676e-08,4.2831125e-06,-1.5963227e-06
4078,16.312000,0.00191256381,0.0507324561,-0.0558310114,0.0389265716,0.00649962388,-0.00188720599,-4.63093727e-07,2.52495602e-06,-6.05262812e-06,5.66945246e-08,4.28311932e-06,-1.59614899e-06
4079,16.316000,0.00191016053,0.0504947081,-0.0556583814,0.0390438288,0.00649701105,-0.00188718596,-4.63091766e-07,2.52470727e-06,-6.05579316e-06,5.8792736e-08,4.28312978e-06,-1.5960884e-06
4080,16.320000,0.00190862338,0.0503618233,-0.0555569194,0.0391394496,0.00649515167,-0.00188719714,-4.63099866e-07,2.52516634e-06,-6.05310561e-06,5.94858314e-08,4.28311023e-06,-1.59620697e-06
4081,16.324000,-0.000431166496,0.0470178574,-0.0161350183,0.00449480582,0.00235101744,0.000129605876,-4.63090714e-07,2.52497784e-06,-6.05267769e-06,5.66964253e-08,4.28311887e-06,-1.5962629e-06
4082,16.328000,-0.000309204333,0.0329220593,-0.00758141279,0.00308934227,0.000766115845,0.00186623447,-4.63089805e-07,2.52472728e-06,-6.05584273e-06,5.87938658e-08,4.28312842e-06,-1.59626518e-06
4083,16.332000,-0.000307104317,0.0212233961,-0.00444033463,0.0038995659,0.00156124402,0.000999855809,-4.63099468e-07,2.52520272e-06,-6.05318928e-06,5.97134715e-08,4.28310886e-06,-1.5962629e-06
4084,16.336000,-0.000315697398,0.0144273387,-0.00331902225,0.00488933362,0.00237705512,0.000135599868,-4.63093301e-07,2.52498171e-06,-6.0526877e-06,5.64603653e-08,4.28311614e-06,-1.59620629e-06
4085,16.340000,-0.000322070089,0.0122620249,-0.00254014973,0.00498919562,0.00239197956,0.000129892142,-4.63087076e-07,2.52476525e-06,-6.05592868e-06,5.90251261e-08,4.28312615e-06,-1.59632202e-06
4086,16.344000,-0.000331955845,0.0114913806,-0.00216851616,0.00501348171,0.00239684782,0.000129924039,-4.63098559e-07,2.52520795e-06,-6.05320565e-06,5.94832912e-08,4.28310705e-06,-1.59620606e-06
4087,16.348000,-0.000341787119,0.0111614149,-0.00199815538,0.00501017831,0.00239718915,0.000129932072,-4.63092675e-07,2.52503605e-06,-6.05281321e-06,5.69271883e-08,4.28311523e-06,-1.59626438e-06
4088,16.352000,-0.000349385897,0.0109834522,-0.00192458462,0.00500047766,0.00239568902,0.000129907508,-4.63095944e-07,2.52517361e-06,-6.05313153e-06,5.50635342e-08,4.28311114e-06,-1.59620458e-06
4089,16.356000,-0.000354042393,0.0108473934,-0.00191861577,0.00506935269,0.00246657152,4.32766974e-05,-4.63098871e-07,2.52534073e-06,-6.05351715e-06,5.73885544e-08,4.2831025e-06,-1.59632032e-06
4090,16.360000,-0.00035761355,0.0107322494,-0.0019356003,0.00511632022,0.00251526805,-1.68243423e-05,-4.63095716e-07,2.52521318e-06,-6.05323157e-06,5.55254047e-08,4.28310977e-06,-1.59614751e-06
4091,16.364000,-0.000360986218,0.0106345974,-0.00195663515,0.00511483662,0.00251864456,-2.35793414e-05,-4.63099184e-07,2.52532982e-06,-6.05350169e-06,5.71535281e-08,4.28310432e-06,-1.59614672e-06
4092,16.368000,-0.000361385755,0.0105455164,-0.00198180648,0.00511496514,0.00251847319,-2.56045023e-05,-4.63097905e-07,2.52523841e-06,-6.05329433e-06,5.57603954e-08,4.28310796e-06,-1.59609033e-06
4093,16.372000,-0.000364053063,0.0104564615,-0.00201057084,0.00509359129,0.0025018591,-8.53312667e-06,-4.63099525e-07,2.5253205e-06,-6.05348851e-06,5.69208183e-08,4.28310477e-06,-1.5962047e-06
4094,16.376000,-0.000365293701,0.0103786243,-0.00203313818,0.00507586822,0.00248722825,6.0130842e-06,-4.6309782e-07,2.52525956e-06,-6.05335481e-06,5.59880924e-08,4.28310568e-06,-1.59632327e-06
4095,16.380000,-0.000365757383,0.0102959191,-0.00206131628,0.00505038165,0.00246194447,3.46653396e-05,-4.63096967e-07,2.52531117e-06,-6.05347486e-06,5.66842253e-08,4.28310477e-06,-1.59620652e-06
4096,16.384000,-0.000430539483,0.00872893166,-0.00210625515,0.00485609239,0.00235256646,0.000129614258,-4.63097791e-07,2.52528253e-06,-6.05341393e-06,5.6223044e-08,4.28310614e-06,-1.59632179e-06
4097,16.388000,-0.000429221778,0.00826000236,-0.00209245901,0.0048745675,0.00235177507,0.000129616121,-4.63097194e-07,2.52531913e-06,-6.05350124e-06,5.66889469e-08,4.28310477e-06,-1.59620436e-06
4098,16.392000,-0.000428752392,0.00806008559,-0.00208876212,0.00488102762,0.00235093222,0.000129603897,-4.63097621e-07,2.52528912e-06,-6.05343712e-06,5.62262699e-08,4.28310659e-06,-1.59632373e-06
4099,16.396000,-0.000429720152,0.0079358425,-0.00209807837,0.00488018105,0.00234929239,0.000129589578,-4.6309691e-07,2.52532664e-06,-6.05352625e-06,5.66871989e-08,4.28310568e-06,-1.59620549e-06
4100,16.400000,-0.000430551008,0.00783421844,-0.00211603241,0.00487997942,0.0023481145,0.000129578577,-4.63097535e-07,2.52529685e-06,-6.05346168e-06,5.62231719e-08,4.28310568e-06,-1.59632282e-06
4101,16.404000,-0.000432184897,0.00774084823,-0.00213433872,0.00487614237,0.00234615919,0.00012956548,-4.63097024e-07,2.525333e-06,-6.05354944e-06,5.66879663e-08,4.28310523e-06,-1.5962047e-06
4102,16.408000,-0.000432225643,0.00765362056,-0.00215090346,0.00487551326,0.00234453776,0.000129552325,-4.63098303e-07,2.52532118e-06,-6.05352261e-06,5.64554128e-08,4.28310659e-06,-1.5963235e-06
4103,16.412000,-0.000433839974,0.0075659384,-0.00216871221,0.00487081427,0.00234230841,0.000129538239,-4.63095574e-07,2.52532436e-06,-6.05353625e-06,5.6453942e-08,4.28310796e-06,-1.5962072e-06
4104,16.416000,-0.000434331014,0.00747689791,-0.00219013891,0.00487109367,0.0023412942,0.000129536784,-4.63097535e-07,2.525328e-06,-6.05354853e-06,5.64522935e-08,4.28310614e-06,-1.59632361e-06
4105,16.420000,-0.000435767346,0.00739412708,-0.0022057374,0.00486706803,0.00233932282,0.000129521359,-4.63096853e-07,2.52534892e-06,-6.05359901e-06,5.66898564e-08,4.28310523e-06,-1.59620777e-06
4106,16.424000,-0.00043620239,0.00731120165,-0.00222324766,0.00486613996,0.00233789952,0.000129505584,-4.63097194e-07,2.52533573e-06,-6.05357354e-06,5.64535512e-08,4.28310568e-06,-1.59626279e-06
4107,16.428000,-0.000436905539,0.00722535606,-0.002244059,0.00486650784,0.00233710278,0.000129503955,-4.63097308e-07,2.52535688e-06,-6.05362402e-06,5.66866589e-08,4.28310568e-06,-1.5962629e-06
4108,16.432000,-0.000436840812,0.00714324648,-0.00225903979,0.00486613624,0.00233559427,0.000129496679,-4.63097308e-07,2.52534392e-06,-6.05359946e-06,5.64527625e-08,4.28310614e-06,-1.59626268e-06
4109,16.436000,-0.000437811716,0.00706238486,-0.00227790605,0.00486468244,0.00233435305,0.000129484222,-4.63096683e-07,2.52536529e-06,-6.05364994e-06,5.66885276e-08,4.28310523e-06,-1.5962629e-06
4110,16.440000,-0.000439768541,0.00698163873,-0.00229157903,0.00485863537,0.00233193301,0.000129475084,-4.63097365e-07,2.52535301e-06,-6.05362584e-06,5.64566989e-08,4.28310841e-06,-1.59626438e-06
4111,16.444000,-0.000440519536,0.00690407399,-0.00230691954,0.00485683279,0.00233045733,0.000129456283,-4.63097138e-07,2.52537416e-06,-6.05367541e-06,5.66868508e-08,4.28310477e-06,-1.59626313e-06
4112,16.448000,-0.000440645032,0.00682459166,-0.00232221349,0.00485721603,0.00232942309,0.00012944726,-4.63096825e-07,2.52536233e-06,-6.05365312e-06,5.64566989e-08,4.28310796e-06,-1.596267e-06
4113,16.452000,-0.000440882868,0.00674548745,-0.00233877171,0.0048569357,0.00232817722,0.000129442778,-4.63097194e-07,2.52538257e-06,-6.05370315e-06,5.66899345e-08,4.28310432e-06,-1.59626279e-06
4114,16.456000,-0.000441045966,0.00666817185,-0.00235332665,0.00485661533,0.00232691295,0.000129434455,-4.63096882e-07,2.52537188e-06,-6.05367995e-06,5.64548586e-08,4.28310796e-06,-1.59626597e-06
4115,16.460000,-0.000442317687,0.00659149932,-0.00236786925,0.00485383533,0.0023253914,0.000129420776,-4.63096768e-07,2.52539166e-06,-6.05372634e-06,5.66832554e-08,4.28310432e-06,-1.59626472e-06
4116,16.464000,-0.000442209071,0.00651479093,-0.00238448824,0.00485552102,0.00232473179,0.000129420718,-4.6309853e-07,2.52539644e-06,-6.05374362e-06,5.66869716e-08,4.28310659e-06,-1.59626586e-06
4117,16.468000,-0.000442585209,0.00644255243,-0.00239509111,0.00485335244,0.00232296693,0.000129401684,-4.63096029e-07,2.52540053e-06,-6.0537559e-06,5.66860479e-08,4.28310432e-06,-1.59626177e-06
4118,16.472000,-0.000444086967,0.00637037773,-0.00240711123,0.00484802667,0.0023206945,0.000129392894,-4.63098729e-07,2.52540644e-06,-6.05376863e-06,5.6689089e-08,4.28310523e-06,-1.59626256e-06
4119,16.476000,-0.000443686033,0.00629826728,-0.00241934857,0.00484877545,0.00231956062,0.000129377062,-4.63095972e-07,2.52541054e-06,-6.05378318e-06,5.66857281e-08,4.28310341e-06,-1.596262e-06
4120,16.480000,-0.00044396834,0.00622647768,-0.00243215496,0.00484888861,0.00231864047,0.000129369902,-4.63097592e-07,2.52541668e-06,-6.05379637e-06,5.66860656e-08,4.28310659e-06,-1.59626404e-06
4121,16.484000,-0.000443504308,0.00615238352,-0.00244500954,0.00484984368,0.002317501,0.000129361404,-4.63096001e-07,2.52541986e-06,-6.05381229e-06,5.66844065e-08,4.28310568e-06,-1.59626359e-06
4122,16.488000,-0.000444705482,0.00608366029,-0.00245414115,0.00484715961,0.00231616036,0.000129359541,-4.63097138e-07,2.525426e-06,-6.05382502e-06,5.66881084e-08,4.28310841e-06,-1.5962645e-06
4123,16.492000,-0.000445479411,0.00601107208,-0.00246826932,0.00484503526,0.0023146295,0.000129345281,-4.63096882e-07,2.525431e-06,-6.05384139e-06,5.66880338e-08,4.28310432e-06,-1.59626336e-06
4124,16.496000,-0.000444893143,0.0059420839,-0.00248046825,0.0048466986,0.00231378409,0.000129341555,-4.6309674e-07,2.52543623e-06,-6.05385458e-06,5.66884104e-08,4.28310886e-06,-1.59626757e-06
4125,16.500000,-0.000445515616,0.00587627012,-0.00248861173,0.00484318472,0.00231174217,0.000129328226,-4.6309566e-07,2.5254401e-06,-6.05386913e-06,5.66895899e-08,4.28310796e-06,-1.59620777e-06
4126,16.504000,-0.000444411882,0.00580546679,-0.00250230986,0.0048470553,0.00231139036,0.000129327178,-4.63098189e-07,2.52544282e-06,-6.05387504e-06,5.66845131e-08,4.28310614e-06,-1.59632521e-06
4127,16.508000,-0.00044511375,0.00574417412,-0.00250875624,0.0048438618,0.00230962806,0.000129312684,-4.63095944e-07,2.52545033e-06,-6.05389459e-06,5.66891849e-08,4.28310568e-06,-1.59614956e-06
4128,16.512000,-0.000445505721,0.00567687163,-0.00251877843,0.004842747,0.00230835844,0.000129300228,-4.63099553e-07,2.52547011e-06,-6.05393961e-06,5.6918843e-08,4.28310841e-06,-1.59615047e-06
4129,16.516000,-0.000445778249,0.00561167253,-0.00252729701,0.00484123733,0.00230689114,0.000129287015,-4.63097763e-07,2.52545738e-06,-6.05391597e-06,5.66828255e-08,4.28310568e-06,-1.59608953e-06
4130,16.520000,-0.000445128069,0.0055476618,-0.00253832783,0.00484179053,0.00230562524,0.00012928521,-4.63098644e-07,2.52547784e-06,-6.05396554e-06,5.69191165e-08,4.28310796e-06,-1.59620754e-06
4131,16.524000,-0.000445636921,0.0054849186,-0.00254634721,0.00483912416,0.00230390741,0.000129272346,-4.63097194e-07,2.52546829e-06,-6.05394189e-06,5.66873801e-08,4.28310614e-06,-1.59626461e-06
4132,16.528000,-0.000445287558,0.00542071555,-0.00255726255,0.00484080194,0.00230330671,0.000129260734,-4.63096882e-07,2.52548898e-06,-6.05399055e-06,5.69199692e-08,4.28310568e-06,-1.59626518e-06
4133,16.532000,-0.000445781858,0.00536011765,-0.00256338017,0.00483863195,0.00230181054,0.000129250868,-4.63096114e-07,2.52547784e-06,-6.05396735e-06,5.6689462e-08,4.28310523e-06,-1.59620652e-06
4134,16.536000,-0.000445943093,0.00529720401,-0.00257238746,0.00483775325,0.00230053742,0.000129243417,-4.63098132e-07,2.52549694e-06,-6.05401556e-06,5.6917024e-08,4.28310477e-06,-1.59632327e-06
4135,16.540000,-0.000445136335,0.00523739401,-0.0025791144,0.00483841589,0.00229931809,0.000129239488,-4.63095802e-07,2.52548557e-06,-6.05399373e-06,5.66853871e-08,4.28310705e-06,-1.59615092e-06
4136,16.544000,-0.000443920144,0.00517508062,-0.00259083696,0.00484244991,0.00229908735,0.00012923521,-4.63097876e-07,2.52550785e-06,-6.05404102e-06,5.69178091e-08,4.28310614e-06,-1.59609147e-06
4137,16.548000,-0.000443957746,0.00511548109,-0.00259589753,0.00484128902,0.00229771505,0.000129231019,-4.63098274e-07,2.5254958e-06,-6.05401465e-06,5.66837102e-08,4.28310841e-06,-1.59615206e-06
4138,16.552000,-0.000444035744,0.00505546853,-0.00260347547,0.00484026223,0.00229639187,0.000129215594,-4.63097848e-07,2.52551536e-06,-6.05406422e-06,5.69130769e-08,4.28310432e-06,-1.5960934e-06
4139,16.556000,-0.000444941106,0.00499775959,-0.00260836259,0.00483622495,0.00229447405,0.000129199179,-4.63098701e-07,2.52552172e-06,-6.05407695e-06,5.69166332e-08,4.28310432e-06,-1.59615115e-06
4140,16.560000,-0.00044376927,0.00493861549,-0.00261495356,0.00483830553,0.00229356624,0.000129199441,-4.63097507e-07,2.52552513e-06,-6.05408877e-06,5.69165657e-08,4.28310568e-06,-1.59609226e-06
4141,16.564000,-0.000438931864,0.00495229755,-0.00258235005,0.00444622803,0.0021344116,0.000128119544,-4.63097962e-07,2.52552968e-06,-6.05410014e-06,5.69176919e-08,4.28310568e-06,-1.5961507e-06
4142,16.568000,-0.000463213073,0.00505594676,-0.00233223801,0.00403602235,0.0019883276,0.000127070292,-4.63097592e-07,2.52553491e-06,-6.05411151e-06,5.69184309e-08,4.28310432e-06,-1.59609226e-06
4143,16.572000,-0.000473930151,0.00493687857,-0.00242914376,0.00466542086,0.00269926409,-0.000803388073,-4.63098218e-07,2.525539e-06,-6.0541247e-06,5.69163134e-08,4.28310386e-06,-1.59615035e-06
4144,16.576000,-0.00046048162,0.00495463749,-0.00228251098,0.00396393007,0.00196693651,-0.000100170262,-4.63097592e-07,2.52554241e-06,-6.05413652e-06,5.69156597e-08,4.28310568e-06,-1.59609328e-06
4145,16.580000,-0.000473029446,0.00477451831,-0.00248672254,0.00495086936,0.0029010477,-0.00108104816,-4.63097365e-07,2.5255481e-06,-6.0541488e-06,5.6912743e-08,4.28310341e-06,-1.59615013e-06
4146,16.584000,-0.000471459469,0.00469561014,-0.00248977728,0.00500562787,0.00293675507,-0.00102097401,-4.63097308e-07,2.52555378e-06,-6.05416108e-06,5.69187648e-08,4.28310477e-06,-1.59609328e-06
4147,16.588000,-0.000462377677,0.00472923601,-0.00233004475,0.00422895839,0.00217400631,-0.000107386033,-4.63096967e-07,2.52555742e-06,-6.05417381e-06,5.69155745e-08,4.28310432e-06,-1.59615161e-06
4148,16.592000,-0.000468147919,0.0046641212,-0.00236976868,0.00443146378,0.00238325098,-0.000363490195,-4.63096654e-07,2.52556129e-06,-6.05418563e-06,5.69137057e-08,4.28310432e-06,-1.59609522e-06
4149,16.596000,-0.000471270294,0.00457607629,-0.00242702872,0.00470539136,0.00265226583,-0.00068782852,-4.63096967e-07,2.52556697e-06,-6.05419746e-06,5.69154501e-08,4.28310432e-06,-1.59615411e-06
4150,16.600000,-0.000469844788,0.00450673001,-0.0024532848,0.00479315454,0.00273171905,-0.000782450603,-4.6309728e-07,2.52557197e-06,-6.05420882e-06,5.69165906e-08,4.28310477e-06,-1.59609669e-06
4151,16.604000,-0.000467956765,0.00445661554,-0.00245066453,0.00474160304,0.00267623062,-0.000715046481,-4.6309745e-07,2.52557652e-06,-6.05422247e-06,5.6916214e-08,4.28310068e-06,-1.5961532e-06
4152,16.608000,-0.000467596459,0.0044130329,-0.00244426541,0.00466080382,0.0025963462,-0.000619429396,-4.6309799e-07,2.52559835e-06,-6.05427385e-06,5.71477834e-08,4.28310113e-06,-1.59609613e-06
4153,16.612000,-0.000466143712,0.00437144982,-0.00243767723,0.00461831642,0.00255153771,-0.000565558905,-4.63096313e-07,2.52558584e-06,-6.0542452e-06,5.69130947e-08,4.28310159e-06,-1.59615206e-06
4154,16.616000,-0.000466895755,0.00432647858,-0.00243561808,0.00458426122,0.00251854933,-0.000526074669,-4.63097706e-07,2.52560835e-06,-6.05429523e-06,5.71487924e-08,4.28310113e-06,-1.59609431e-06
4155,16.620000,-0.000465552672,0.00427793898,-0.00243673963,0.00457564276,0.00250603282,-0.000510657206,-4.63096569e-07,2.52559494e-06,-6.05426749e-06,5.69101104e-08,4.28310022e-06,-1.59615115e-06
4156,16.624000,-0.000453936751,0.0043693753,-0.00228210236,0.00364153902,0.00181507517,0.000125818769,-4.63097734e-07,2.52561563e-06,-6.05431887e-06,5.71454315e-08,4.28309886e-06,-1.59609419e-06
4157,16.628000,-0.000479425187,0.00448766397,-0.00202678284,0.0032322628,0.00167056732,0.000124781858,-4.63096711e-07,2.52560517e-06,-6.05429386e-06,5.69134571e-08,4.28309977e-06,-1.59615195e-06
4158,16.632000,-0.0005019604,0.00426129578,-0.00231290748,0.00480250409,0.00330166589,-0.00190303405,-4.63097763e-07,2.52562609e-06,-6.05434116e-06,5.71436587e-08,4.28309977e-06,-1.59609408e-06
4159,16.636000,-0.000478289323,0.00435252534,-0.00202581426,0.00340212532,0.00187934621,-0.000345506938,-4.63096399e-07,2.5256129e-06,-6.05431615e-06,5.69117375e-08,4.28309795e-06,-1.59615354e-06
4160,16.640000,-0.000497049536,0.00412159553,-0.00234327279,0.00492721563,0.0033461228,-0.00190254929,-4.63097734e-07,2.52563541e-06,-6.05436389e-06,5.71470231e-08,4.28309977e-06,-1.59609556e-06
4161,16.644000,-0.000493240892,0.00403726194,-0.00235431944,0.00497980695,0.00336375902,-0.00190269854,-4.63095517e-07,2.52562336e-06,-6.05433934e-06,5.6913354e-08,4.28309886e-06,-1.59615502e-06
4162,16.648000,-0.00048727938,0.00404732674,-0.00224851118,0.0044670701,0.00286249723,-0.00130460726,-4.63098246e-07,2.52564359e-06,-6.05438754e-06,5.71446321e-08,4.28310068e-06,-1.59609863e-06
4163,16.652000,-0.000491514686,0.00397369079,-0.00231093471,0.00473920582,0.00313563901,-0.00163645239,-4.6309583e-07,2.52564814e-06,-6.05439936e-06,5.71472043e-08,4.28309477e-06,-1.59615422e-06
4164,16.656000,-0.000491682091,0.00389913144,-0.00236206362,0.00496734818,0.00335632684,-0.00190267421,-4.63097535e-07,2.52565405e-06,-6.05441164e-06,5.71472327e-08,4.28309932e-06,-1.59609874e-06
4165,16.660000,-0.000489618047,0.00384486374,-0.00237912266,0.00497802626,0.00335852103,-0.00190261402,-4.63095859e-07,2.52565815e-06,-6.05442301e-06,5.71462131e-08,4.28309841e-06,-1.59615388e-06
4166,16.664000,-0.000489590573,0.00379801169,-0.00238978723,0.00498323329,0.0033600321,-0.00190259109,-4.63097251e-07,2.52566406e-06,-6.05443665e-06,5.71442982e-08,4.28309795e-06,-1.59609556e-06
4167,16.668000,-0.000488003949,0.00376007427,-0.00238731387,0.0049477471,0.003321097,-0.00185496174,-4.63096228e-07,2.52566861e-06,-6.05444666e-06,5.71435024e-08,4.28309704e-06,-1.59615354e-06
4168,16.672000,-0.000487492303,0.00371702458,-0.00239334349,0.00494065788,0.00330969389,-0.00183915207,-4.63096569e-07,2.52567384e-06,-6.05445985e-06,5.71477123e-08,4.28309841e-06,-1.59609669e-06
4169,16.676000,-0.000485988799,0.00368617568,-0.00237610424,0.00484938314,0.00321752368,-0.00172803015,-4.63096114e-07,2.52567884e-06,-6.05447121e-06,5.7146913e-08,4.28309613e-06,-1.59615433e-06
4170,16.680000,-0.000486183562,0.00364106847,-0.00238434598,0.00486613112,0.00323086814,-0.00174239103,-4.63098246e-07,2.52568316e-06,-6.05448349e-06,5.71401451e-08,4.28309659e-06,-1.59609601e-06
4171,16.684000,-0.000463009696,0.00387375499,-0.00200449442,0.00288201706,0.00151226483,0.000123621547,-4.63096399e-07,2.52568861e-06,-6.05449623e-06,5.71450514e-08,4.28309613e-06,-1.59615502e-06
4172,16.688000,-0.0004927665,0.00402027555,-0.00173136417,0.00246586371,0.00136832066,0.000122583704,-4.63097791e-07,2.52569248e-06,-6.05450623e-06,5.71428345e-08,4.28309841e-06,-1.59609749e-06
4173,16.692000,-0.000515645603,0.00380676868,-0.00199913746,0.00404162519,0.00300152577,-0.00190225441,-4.63096484e-07,2.52569885e-06,-6.05452215e-06,5.71482701e-08,4.28309477e-06,-1.59615718e-06
4174,16.696000,-0.000499939895,0.00380683807,-0.00186213106,0.00341352588,0.00234123529,-0.00117035757,-4.63097734e-07,2.52570339e-06,-6.05453351e-06,5.71466856e-08,4.28309704e-06,-1.59609965e-06
4175,16.700000,-0.000508190249,0.00365737174,-0.00202557258,0.00417963741,0.00304962951,-0.0019017302,-4.63096853e-07,2.52570726e-06,-6.05454579e-06,5.71443977e-08,4.28309295e-06,-1.59615593e-06
4176,16.704000,-0.000507777906,0.00359101873,-0.00202936144,0.0042251572,0.00306706899,-0.00190188119,-4.63097081e-07,2.52571385e-06,-6.05455625e-06,5.71470871e-08,4.28309522e-06,-1.59609908e-06
4177,16.708000,-0.000507053453,0.00354348496,-0.00202686177,0.00422580075,0.00306649716,-0.00190194789,-4.63097649e-07,2.52573341e-06,-6.05460582e-06,5.73765533e-08,4.28309477e-06,-1.59615786e-06
4178,16.712000,-0.000507652177,0.0035026737,-0.00202932116,0.00421310496,0.00306140725,-0.0019019004,-4.63096455e-07,2.52572318e-06,-6.05457944e-06,5.71433461e-08,4.28309386e-06,-1.59609726e-06
4179,16.716000,-0.000505622826,0.00346296374,-0.00203454122,0.00421411451,0.00306002353,-0.00190182391,-4.63098615e-07,2.52574296e-06,-6.05462719e-06,5.73745602e-08,4.28309522e-06,-1.59615684e-06
4180,16.720000,-0.000504887081,0.00342246564,-0.0020441995,0.00422417605,0.00306314626,-0.00190175348,-4.63095375e-07,2.52573182e-06,-6.05460309e-06,5.71477941e-08,4.28309386e-06,-1.5960976e-06
4181,16.724000,-0.000504286378,0.00338069908,-0.00205129595,0.00423409464,0.0030663053,-0.00190171914,-4.63098218e-07,2.52575205e-06,-6.05464857e-06,5.73760985e-08,4.2830975e-06,-1.5961574e-06
4182,16.728000,-0.000503090909,0.00334293977,-0.00205708412,0.00424597459,0.00306993467,-0.00190168165,-4.63095603e-07,2.54064116e-06,-6.05461855e-06,5.71409835e-08,4.28309386e-06,-1.59609704e-06
4183,16.732000,-0.000502132345,0.00330501446,-0.0020605796,0.00425255019,0.00307159126,-0.0019016508,-4.63127293e-07,2.52674909e-06,-6.05692458e-06,5.73617598e-08,4.28306475e-06,-1.59604724e-06
4184,16.736000,-0.000502398121,0.00326754805,-0.00206572004,0.00425533392,0.00307252258,-0.0019016203,-4.63076702e-07,2.52469545e-06,-6.06344884e-06,5.66986813e-08,4.2832603e-06,-1.59621925e-06
4185,16.740000,-0.000501869479,0.00322701805,-0.00207097852,0.00426008366,0.00307365693,-0.00190158747,-4.63127719e-07,2.52712266e-06,-6.06522144e-06,5.80507553e-08,4.28280919e-06,-1.59610431e-06
4186,16.744000,-0.000476602698,0.00348303979,-0.00166350312,0.00214383239,0.00122316508,0.000121499877,-4.63093158e-07,2.5260581e-06,-6.07397897e-06,6.10982056e-08,4.28295971e-06,-1.59598108e-06
4187,16.748000,-0.000506857992,0.0036356356,-0.00139356172,0.00172973645,0.00108024618,0.000120466808,-4.63124593e-07,2.52715813e-06,-6.08389973e-06,5.80518744e-08,4.28326484e-06,-1.59615786e-06
4188,16.752000,-0.000529394019,0.00343212252,-0.00165704393,0.00330497371,0.00271259085,-0.00190130575,-4.63185074e-07,2.52933478e-06,-6.07763832e-06,6.1042428e-08,4.28283374e-06,-1.59604645e-06
4189,16.756000,-0.000519515132,0.00336397882,-0.0016433954,0.00324344845,0.00260919984,-0.00177056342,-4.6315705e-07,2.52837845e-06,-6.07918309e-06,5.75663464e-08,4.28286739e-06,-1.59610317e-06
4190,16.760000,-0.000520130503,0.00327891577,-0.00169470126,0.00345323421,0.00276359753,-0.00190075696,-4.63156226e-07,2.52903601e-06,-6.07694074e-06,5.42936576e-08,4.28282829e-06,-1.59603769e-06
4191,16.764000,-0.000519353198,0.00322862878,-0.00169538718,0.00349767134,0.00278064492,-0.00190090854,-4.63149973e-07,2.52869995e-06,-6.07990205e-06,5.96550649e-08,4.28284193e-06,-1.59609772e-06
4192,16.768000,-0.00052027253,0.00318979262,-0.00168979645,0.00349676609,0.00278066797,-0.00190095953,-4.63157448e-07,2.5288607e-06,-6.07652873e-06,5.68550647e-08,4.28283556e-06,-1.59603894e-06
4193,16.772000,-0.000519908499,0.00315428968,-0.00168927468,0.00348706497,0.00277621462,-0.00190090062,-4.6315148e-07,2.52839823e-06,-6.07919992e-06,5.66345904e-08,4.28285603e-06,-1.59609624e-06
4194,16.776000,-0.000518159242,0.00311891618,-0.00169457297,0.00348990504,0.00277582789,-0.00190080784,-4.63162905e-07,2.52892164e-06,-6.07665152e-06,5.52304016e-08,4.28283374e-06,-1.59603815e-06
4195,16.780000,-0.000517723965,0.00308165909,-0.00170280726,0.0034983973,0.00277857902,-0.00190073904,-4.63165605e-07,2.52842142e-06,-6.07923903e-06,5.82622235e-08,4.28286148e-06,-1.59610181e-06
4196,16.784000,-0.000517157954,0.00304298243,-0.0017105625,0.00351071777,0.00278276834,-0.00190069654,-4.63174331e-07,2.52871428e-06,-6.07616494e-06,5.7323561e-08,4.28284739e-06,-1.59604349e-06
4197,16.788000,-0.000515245833,0.00300833164,-0.00171522505,0.00352381775,0.00278646452,-0.00190065335,-4.6316228e-07,2.5281372e-06,-6.0785801e-06,5.54770807e-08,4.28287331e-06,-1.59610227e-06
4198,16.792000,-0.000515446416,0.00297445571,-0.00171785441,0.00352777587,0.00278792391,-0.0019006168,-4.63170551e-07,2.52835571e-06,-6.07906804e-06,5.91972977e-08,4.28286421e-06,-1.59604508e-06
4199,16.796000,-0.000515173073,0.00293735159,-0.00172402372,0.00353354402,0.00278968434,-0.00190057198,-4.63164724e-07,2.52809741e-06,-6.07847187e-06,5.98988095e-08,4.28287467e-06,-1.59610306e-06
4200,16.800000,-0.000513814273,0.00290267728,-0.00173021446,0.0035445462,0.00279286643,-0.0019005232,-4.63164923e-07,2.52795962e-06,-6.07814627e-06,5.85079292e-08,4.28288104e-06,-1.59604201e-06
4201,16.804000,-0.000488704536,0.00315937703,-0.00132457237,0.0014308634,0.000943695661,0.000119431177,-4.63165094e-07,2.5279835e-06,-6.07818902e-06,5.94328782e-08,4.28287558e-06,-1.59609726e-06
4202,16.808000,-0.000517973327,0.00331826322,-0.0010511924,0.00101911451,0.000800878857,0.000118402997,-4.6316606e-07,2.52787686e-06,-6.07793709e-06,5.85054067e-08,4.28288331e-06,-1.59604099e-06
4203,16.812000,-0.000541034562,0.00311604468,-0.00131868548,0.00259562675,0.00243340852,-0.00190022634,-4.63165037e-07,2.52786845e-06,-6.07790571e-06,5.89693343e-08,4.28287876e-06,-1.59610011e-06
4204,16.816000,-0.000532065518,0.00303468294,-0.00133233774,0.00265948777,0.0024515898,-0.00189966755,-4.63167453e-07,2.527795e-06,-6.07772836e-06,5.85085829e-08,4.28288467e-06,-1.59604224e-06
4205,16.820000,-0.000531126338,0.00296643982,-0.00135984842,0.0027486058,0.00248601008,-0.00189965568,-4.63165833e-07,2.52776954e-06,-6.07766106e-06,5.87423514e-08,4.28288422e-06,-1.59609829e-06
4206,16.824000,-0.000529899087,0.00292629004,-0.00135938823,0.00279424363,0.00250337808,-0.0018997984,-4.63167765e-07,2.52771292e-06,-6.0775219e-06,5.85101034e-08,4.28288922e-06,-1.59604167e-06
4207,16.828000,-0.000530563586,0.00289298384,-0.00135107141,0.00279218773,0.00250282418,-0.00189985544,-4.63166401e-07,2.52767154e-06,-6.07742095e-06,5.85073288e-08,4.28288786e-06,-1.59609817e-06
4208,16.832000,-0.000530773075,0.00286212587,-0.00135071611,0.00278430479,0.00249950914,-0.00189978071,-4.63168448e-07,2.52761447e-06,-6.07728043e-06,5.82776138e-08,4.28288968e-06,-1.59604167e-06
4209,16.836000,-0.000529436627,0.00283230911,-0.00135492592,0.00278702588,0.00249942066,-0.00189968187,-4.63166799e-07,2.52757422e-06,-6.07717993e-06,5.82786868e-08,4.28288922e-06,-1.59609874e-06
4210,16.840000,-0.000528707867,0.00279808184,-0.00136520353,0.00279910513,0.0025034314,-0.00189960096,-4.6316876e-07,2.52753284e-06,-6.07707761e-06,5.82754787e-08,4.28289377e-06,-1.59603826e-06
4211,16.844000,-0.000526298012,0.00276726298,-0.00137150474,0.00281617418,0.00250842609,-0.00189954217,-4.63168305e-07,2.52747623e-06,-6.07694028e-06,5.80469788e-08,4.28289513e-06,-1.5960992e-06
4212,16.848000,-0.000526481017,0.0027353086,-0.00137732981,0.00282438658,0.00251155486,-0.00189950468,-4.63170352e-07,2.52743371e-06,-6.07683842e-06,5.80435824e-08,4.28289513e-06,-1.59604053e-06
4213,16.852000,-0.000524841482,0.00270332675,-0.00138217525,0.00283459155,0.00251427433,-0.00189945626,-4.6316913e-07,2.52739301e-06,-6.07673792e-06,5.80452344e-08,4.28289695e-06,-1.59609749e-06
4214,16.856000,-0.000525126059,0.00267378544,-0.00138721103,0.00284029776,0.00251650135,-0.00189940562,-4.63170068e-07,2.52733571e-06,-6.07660058e-06,5.78119135e-08,4.28289604e-06,-1.59603724e-06
4215,16.860000,-0.00052500685,0.00264168577,-0.00139244937,0.00284597697,0.00251838751,-0.00189935858,-4.63169897e-07,2.52729728e-06,-6.07650099e-06,5.7818486e-08,4.28290014e-06,-1.5960992e-06
4216,16.864000,-0.00049829582,0.00290475343,-0.000987402746,0.000738555565,0.000670836482,0.000117406249,-4.63170949e-07,2.52725613e-06,-6.07640322e-06,5.78154982e-08,4.28290195e-06,-1.59603758e-06
4217,16.868000,-0.000528498611,0.003065628,-0.00071605033,0.000326230307,0.000528033299,0.000116380164,-4.63158784e-07,2.52679502e-06,-6.07907441e-06,6.13175928e-08,4.28291787e-06,-1.59609442e-06
4218,16.872000,-0.000550540164,0.00286328956,-0.00098529458,0.00190639216,0.00216064369,-0.00189904601,-4.63169215e-07,2.52707923e-06,-6.07597894e-06,5.64238825e-08,4.28290559e-06,-1.59603837e-06
4219,16.876000,-0.000541975838,0.00278764404,-0.000997185707,0.00196824409,0.00217843289,-0.00189848989,-4.63165236e-07,2.52678115e-06,-6.07902484e-06,5.85220477e-08,4.28291969e-06,-1.59609715e-06
4220,16.880000,-0.000540640671,0.00272270734,-0.00102537777,0.00205906946,0.00221333187,-0.00189846836,-4.63170267e-07,2.52717655e-06,-6.07618222e-06,5.8979559e-08,4.28336534e-06,-1.59609579e-06
4221,16.884000,-0.00054054911,0.00268334989,-0.00102779339,0.00210400601,0.00223116181,-0.00189860561,-4.63188826e-07,2.52653717e-06,-6.07845004e-06,5.99254406e-08,4.28294652e-06,-1.59604508e-06
4222,16.888000,-0.00054040103,0.00265442487,-0.00101975154,0.00210683653,0.00223202864,-0.00189864857,-4.63178992e-07,2.52694963e-06,-6.07564425e-06,5.68907126e-08,4.28314615e-06,-1.59609647e-06
4223,16.892000,-0.00053889316,0.00262665702,-0.00101642625,0.00210125535,0.0022284789,-0.0018985715,-4.6317902e-07,2.526554e-06,-6.07847051e-06,5.75938124e-08,4.28293743e-06,-1.59604338e-06
4224,16.896000,-0.000538033491,0.00259347307,-0.00102446508,0.00210551079,0.00222919602,-0.00189845928,-4.63181948e-07,2.5270283e-06,-6.07581251e-06,5.54912205e-08,4.28314343e-06,-1.59615456e-06
4225,16.900000,-0.000537798915,0.00256496109,-0.00103249541,0.00211591111,0.00223293295,-0.0018983786,-4.63183426e-07,2.52658197e-06,-6.07852235e-06,5.9224643e-08,4.28293697e-06,-1.59604372e-06
4226,16.904000,-0.000535798375,0.00253539672,-0.00103815203,0.00213174708,0.00223768875,-0.00189831806,-4.63205907e-07,2.52456493e-06,-6.0702082e-06,5.99577845e-08,4.28380508e-06,-1.59614012e-06
4227,16.908000,-0.000535345345,0.00250670058,-0.00104417198,0.00214190804,0.0022411996,-0.00189827627,-4.63212956e-07,2.52422433e-06,-6.05080459e-06,6.01931163e-08,4.28358862e-06,-1.59602359e-06
4228,16.912000,-0.000535588886,0.0024735427,-0.00105279312,0.00215078029,0.0022445498,-0.00189821888,-4.63142044e-07,2.52079644e-06,-6.04677007e-06,5.88592535e-08,4.28374005e-06,-1.59625665e-06
4229,16.916000,-0.000534086663,0.00244959514,-0.00105498987,0.00215996755,0.00224704714,-0.0018981637,-4.63101458e-07,2.51958863e-06,-6.05148307e-06,6.02784098e-08,4.28378098e-06,-1.59631099e-06
4230,16.920000,-0.000533581071,0.00242027687,-0.00106168073,0.00216747494,0.00224940339,-0.00189810921,-4.6308719e-07,2.52243399e-06,-6.05419973e-06,5.62692719e-08,4.28298745e-06,-1.59597664e-06
4231,16.924000,-0.000506912998,0.00268703001,-0.000655713433,6.14986056e-05,0.000402502163,0.000115412753,-4.63063884e-07,2.52351629e-06,-6.0529328e-06,5.83410795e-08,4.28337307e-06,-1.59607487e-06
4232,16.928000,-0.000536627602,0.00284922728,-0.000386561151,-0.000348730944,0.000259775989,0.000114384573,-4.63093301e-07,2.52336213e-06,-6.05258174e-06,5.97420993e-08,4.28293561e-06,-1.59620208e-06
4233,16.932000,-0.0005588411,0.00265654991,-0.000650336966,0.00122463517,0.00188918365,-0.00189781049,-4.63067096e-07,2.52324094e-06,-6.05230844e-06,5.78849857e-08,4.2833949e-06,-1.59631281e-06
4234,16.936000,-0.000588174385,0.00269772415,-0.000216220738,0.00120891538,0.00190403231,-0.0018972602,-4.63088924e-07,2.52335076e-06,-6.05255673e-06,5.92799125e-08,4.28340491e-06,-1.59620311e-06
4235,16.940000,-0.000522378192,0.00239246828,-0.000707551953,0.00141390937,0.00193664548,-0.00189716776,-4.63079914e-07,2.52329528e-06,-6.05243076e-06,5.83483413e-08,4.28340036e-06,-1.59631657e-06
4236,16.944000,-0.00051720679,0.00236916798,-0.000925186323,0.00145869981,0.00195060717,-0.00189726497,-4.63087787e-07,2.52335531e-06,-6.05256446e-06,5.90446732e-08,4.28340354e-06,-1.5962022e-06
4237,16.948000,-0.000534691382,0.00243650516,-0.00086862949,0.00144430308,0.00195796392,-0.00189732586,-4.63082358e-07,2.52333189e-06,-6.05251353e-06,5.85797579e-08,4.28340036e-06,-1.59631668e-06
4238,16.952000,-0.000540137116,0.00244392874,-0.000798351364,0.00144217489,0.0019611842,-0.00189730816,-4.63087332e-07,2.52335826e-06,-6.05257401e-06,5.88140132e-08,4.28340536e-06,-1.59620515e-06
4239,16.956000,-0.000543243485,0.00242459727,-0.000756496447,0.00143887079,0.00196183287,-0.00189723819,-4.63074741e-07,2.52336827e-06,-6.05259584e-06,5.88111462e-08,4.28339354e-06,-1.59631281e-06
4240,16.960000,-0.000543415663,0.00239692838,-0.000734610599,0.00144501904,0.00196414371,-0.00189715123,-4.63078948e-07,2.52337941e-06,-6.05262085e-06,5.8812553e-08,4.28339763e-06,-1.59619947e-06
4241,16.964000,-0.000543540576,0.00236867485,-0.000726352038,0.00145495357,0.00196791277,-0.00189707556,-4.63079459e-07,2.52338896e-06,-6.05264222e-06,5.88133915e-08,4.28339763e-06,-1.596316e-06
4242,16.968000,-0.000542866183,0.00234151725,-0.000722424476,0.0014672518,0.00197212328,-0.00189701351,-4.63074514e-07,2.52339942e-06,-6.05266632e-06,5.88125459e-08,4.28339445e-06,-1.59619765e-06
4243,16.972000,-0.000543099188,0.00231438735,-0.000724866986,0.00147691707,0.00197586557,-0.00189695414,-4.63076532e-07,2.52340965e-06,-6.05269179e-06,5.88142086e-08,4.28339445e-06,-1.59631645e-06
4244,16.976000,-0.000543193601,0.00228847377,-0.000727634411,0.00148509431,0.00197891984,-0.00189689582,-4.63071046e-07,2.52342102e-06,-6.05271498e-06,5.88156261e-08,4.28339263e-06,-1.59619958e-06
4245,16.980000,-0.000542066467,0.00226326659,-0.000731043925,0.00149543979,0.00198205677,-0.00189683505,-4.63072325e-07,2.52344807e-06,-6.05277683e-06,5.90450426e-08,4.28339126e-06,-1.59631486e-06
4246,16.984000,-0.000510694284,0.00253760768,-0.000300882559,-0.000714407302,8.99336592e-05,0.000113123329,-4.63067352e-07,2.52344125e-06,-6.05276182e-06,5.88122262e-08,4.28338899e-06,-1.59619424e-06
4247,16.988000,-0.000540242356,0.00267869071,-5.36757289e-05,-0.00118425651,-7.82663701e-05,0.000111923553,-4.63070194e-07,2.52346763e-06,-6.0528223e-06,5.90431597e-08,4.28338808e-06,-1.59631122e-06
4248,16.992000,-0.000678917044,0.00281407451,0.000317719998,0.000296181766,0.00159866281,-0.00189665495,-4.63064453e-07,2.52346058e-06,-6.0528082e-06,5.88104392e-08,4.2833849e-06,-1.59619469e-06
4249,16.996000,-0.000612961012,0.00264203106,0.000519804307,-0.000200502807,0.000998301897,-0.00124793989,-4.63065845e-07,2.52348809e-06,-6.05286914e-06,5.90432307e-08,4.2829206e-06,-1.59631202e-06
4250,17.000000,-0.00055334362,0.00253556645,0.00032359804,-0.00114147936,-1.44485384e-05,-0.000162613578,-4.63038162e-07,2.52349855e-06,-6.05289324e-06,5.9046581e-08,4.28336671e-06,-1.59618673e-06
4251,17.004000,-0.000551644014,0.00251660123,0.000198186259,-0.00101121061,7.02040852e-05,-0.000224635238,-4.63054249e-07,2.52350856e-06,-6.05291643e-06,5.90447868e-08,4.28291514e-06,-1.59630724e-06
4252,17.008000,-0.000537921034,0.00248314231,0.000126356434,-0.000853317906,0.000193275162,-0.000351881841,-4.63039157e-07,2.52351697e-06,-6.05293917e-06,5.90404809e-08,4.28290241e-06,-1.59618457e-06
4253,17.012000,-0.00052468013,0.00240423391,-6.17894111e-05,-0.000579731772,0.000421673642,-0.000588114141,-4.63031967e-07,2.52352743e-06,-6.05296191e-06,5.90435647e-08,4.28289695e-06,-1.59629826e-06
4254,17.016000,-0.000521407055,0.00232782611,-0.000228627352,-0.000195732689,0.000771623512,-0.000953378621,-4.63032421e-07,2.52353743e-06,-6.05298374e-06,5.90425309e-08,4.28289786e-06,-1.59618128e-06
4255,17.020000,-0.000525028328,0.00226575928,-0.000343818974,0.0001805051,0.00114842225,-0.00136475021,-4.63036542e-07,2.52354857e-06,-6.05300602e-06,5.90432236e-08,4.28289968e-06,-1.59630122e-06
4256,17.024000,-0.000520478818,0.00216125604,-0.000548100099,0.000684644619,0.00163613877,-0.00189701002,-4.63037196e-07,2.52355835e-06,-6.05303148e-06,5.90415503e-08,4.2829015e-06,-1.59618571e-06
4257,17.028000,-0.000520183123,0.0021491698,-0.00056822109,0.000697686162,0.00164100144,-0.00189705368,-4.63041573e-07,2.52358564e-06,-6.05309197e-06,5.92814082e-08,4.28290332e-06,-1.59630372e-06
4258,17.032000,-0.000526397896,0.00214945595,-0.000528831501,0.000695401395,0.0016443783,-0.00189705892,-4.6304217e-07,2.52357859e-06,-6.05307559e-06,5.90417457e-08,4.28290377e-06,-1.59618492e-06
4259,17.036000,-0.000531063357,0.00214244891,-0.000475025852,0.000696824689,0.00164813967,-0.00189702515,-4.63057518e-07,2.52360587e-06,-6.05313426e-06,5.92747824e-08,4.28290969e-06,-1.59630508e-06
4260,17.040000,-0.000532308943,0.00212339475,-0.000436333939,0.000704952981,0.00165207195,-0.00189696951,-4.6305766e-07,2.52359996e-06,-6.05312243e-06,5.90386264e-08,4.28291287e-06,-1.59619174e-06
4261,17.044000,-0.000460589014,0.00215759873,-0.000627608853,-0.000926829758,-3.74130432e-05,0.000112157082,-4.63060445e-07,2.52362588e-06,-6.05318064e-06,5.92742779e-08,4.28291469e-06,-1.59630679e-06
4262,17.048000,-0.000496582186,0.00230720197,-0.000360972073,-0.000931579969,-1.21629855e-05,0.000112269074,-4.630609e-07,2.52363543e-06,-6.05320292e-06,5.92729208e-08,4.28291469e-06,-1.59619196e-06
4263,17.052000,-0.000511799881,0.00231787516,-0.000167218852,-0.000940739876,-5.40225301e-06,0.000112226466,-4.63065078e-07,2.52364657e-06,-6.05322703e-06,5.92739724e-08,4.28291696e-06,-1.59630895e-06
4264,17.056000,-0.000518864195,0.00228633638,-5.6343677e-05,-0.00093701086,1.87777914e-07,0.000112171751,-4.63064907e-07,2.52365862e-06,-6.05325295e-06,5.92807297e-08,4.28291605e-06,-1.59619174e-06
4265,17.060000,-0.000522021204,0.00224943482,2.21526716e-06,-0.000928747118,4.75544948e-06,0.000112110516,-4.63068716e-07,2.52366726e-06,-6.05327341e-06,5.92786229e-08,4.28292014e-06,-1.5963102e-06
4266,17.064000,-0.000523132738,0.00221733516,3.19951796e-05,-0.000918328296,8.83126631e-06,0.00011204835,-4.63068005e-07,2.52367795e-06,-6.05329478e-06,5.92757665e-08,4.28338399e-06,-1.59619231e-06
4267,17.068000,-0.000523193681,0.00218931609,4.45338665e-05,-0.0009070253,1.25953811e-05,0.000111982459,-4.63096654e-07,2.52368909e-06,-6.05331934e-06,5.9273134e-08,4.28293379e-06,-1.59631918e-06
4268,17.072000,-0.000522684772,0.00216460857,4.71535022e-05,-0.000895332312,1.61493081e-05,0.000111919362,-4.63069114e-07,2.52369728e-06,-6.05334026e-06,5.92734395e-08,4.28338444e-06,-1.59619447e-06
4269,17.076000,-0.00052182778,0.00214273715,4.57181013e-05,-0.000883305096,1.96624314e-05,0.000111856265,-4.63096541e-07,2.52372615e-06,-6.0534021e-06,5.95074212e-08,4.28293197e-06,-1.59631952e-06
4270,17.080000,-0.000520764152,0.00212222617,4.18170239e-05,-0.000871426077,2.30086735e-05,0.000111795263,-4.63070307e-07,2.52371888e-06,-6.05338755e-06,5.92742566e-08,4.2833808e-06,-1.59619151e-06
4271,17.084000,-0.000519628637,0.00210235873,3.65460874e-05,-0.000859628082,2.62848334e-05,0.00011173333,-4.63096399e-07,2.52374753e-06,-6.05344621e-06,5.95061422e-08,4.28292969e-06,-1.596316e-06
4272,17.088000,-0.000518433284,0.00208295276,3.06295697e-05,-0.000847844523,2.95218197e-05,0.00011167489,-4.6306593e-07,2.52373798e-06,-6.05343075e-06,5.92700218e-08,4.28338035e-06,-1.59619287e-06
4273,17.092000,-0.000517218898,0.00206376193,2.43853428e-05,-0.000836447231,3.26124718e-05,0.000111617846,-4.63094835e-07,2.52376822e-06,-6.05349214e-06,5.95088885e-08,4.28293197e-06,-1.59631702e-06
4274,17.096000,-0.000515991356,0.00204484491,1.81516516e-05,-0.000825137133,3.56661039e-05,0.00011156057,-4.63067664e-07,2.52375958e-06,-6.05347896e-06,5.92749529e-08,4.28337717e-06,-1.59619208e-06
4275,17.100000,-0.000514765561,0.0020259833,1.18384487e-05,-0.000813956722,3.86835309e-05,0.000111506553,-4.63094153e-07,2.523788e-06,-6.05353989e-06,5.95096772e-08,4.28292742e-06,-1.59631736e-06
4276,17.104000,-0.000499100366,0.00199645269,-8.18748958e-05,-0.0008856575,-1.80961797e-06,0.000111154979,-4.63068744e-07,2.52379596e-06,-6.0535599e-06,5.9506192e-08,4.28337762e-06,-1.59619037e-06
4277,17.108000,-0.000513892097,0.00202174205,1.18170865e-05,-0.000842001522,2.55388441e-05,0.000111208064,-4.6309367e-07,2.52380778e-06,-6.05358491e-06,5.95078902e-08,4.28292697e-06,-1.5963152e-06
4278,17.112000,-0.000515696534,0.00199311925,3.81001155e-05,-0.000805293326,3.99887213e-05,0.000111093512,-4.63069682e-07,2.52381665e-06,-6.05360674e-06,5.95031686e-08,4.28337808e-06,-1.59619117e-06
4279,17.116000,-0.000514153275,0.00195962703,3.07027367e-05,-0.000778237008,4.79681185e-05,0.000110902358,-4.63092846e-07,2.52382824e-06,-6.0536313e-06,5.95049165e-08,4.28292651e-06,-1.59631713e-06
4280,17.120000,-0.000511915598,0.00193192018,1.29981781e-05,-0.000757846283,5.27723168e-05,0.000110676046,-4.63069995e-07,2.52383757e-06,-6.05365312e-06,5.95079221e-08,4.28337898e-06,-1.5961939e-06
4281,17.124000,-0.000509791775,0.00190892932,-5.56290615e-06,-0.00074148702,5.60854678e-05,0.000110438559,-4.63091737e-07,2.52384916e-06,-6.05367495e-06,5.95040603e-08,4.28292424e-06,-1.59631622e-06
4282,17.128000,-0.000507913472,0.00188850332,-2.16673361e-05,-0.000727643957,5.85885136e-05,0.000110193854,-4.63066442e-07,2.5238744e-06,-6.05373543e-06,5.97409269e-08,4.28337398e-06,-1.59619208e-06
4283,17.132000,-0.000506220036,0.00186970108,-3.44123691e-05,-0.000715005328,6.07854745e-05,0.00010995497,-4.63091567e-07,2.52386985e-06,-6.05371815e-06,5.95054672e-08,4.28292242e-06,-1.59631293e-06
4284,17.136000,-0.00050468155,0.00185186369,-4.4009008e-05,-0.000702953781,6.28972484e-05,0.000109719345,-4.63067948e-07,2.52389464e-06,-6.05377954e-06,5.97388947e-08,4.28337535e-06,-1.59618912e-06
4285,17.140000,-0.000503230316,0.001834139,-5.18357847e-05,-0.000691707013,6.47760753e-05,0.000109486515,-4.63095148e-07,2.52388918e-06,-6.05376226e-06,5.95044227e-08,4.28292424e-06,-1.59631747e-06
4286,17.144000,-0.000501867849,0.00181653234,-5.82818757e-05,-0.000680750702,6.66267297e-05,0.000109260669,-4.63068773e-07,2.52391487e-06,-6.0538232e-06,5.97391363e-08,4.28337489e-06,-1.59618912e-06
4287,17.148000,-0.000500583905,0.00179886445,-6.39644859e-05,-0.000670060923,6.84600964e-05,0.000109037617,-4.63102396e-07,2.52432869e-06,-6.05103423e-06,5.60057742e-08,4.28290423e-06,-1.59631611e-06
4288,17.152000,-0.000499326328,0.0017811401,-6.91983441e-05,-0.000659634999,7.02226826e-05,0.000108820386,-4.63070933e-07,2.52401333e-06,-6.0540533e-06,5.71758392e-08,4.28290468e-06,-1.59619208e-06
4289,17.156000,-0.000498083653,0.00176341867,-7.40619143e-05,-0.000649598893,7.18781957e-05,0.000108605134,-4.63081591e-07,2.52453606e-06,-6.05151808e-06,5.50707568e-08,4.28288286e-06,-1.59630633e-06
4290,17.160000,-0.000496868917,0.00174571562,-7.86576711e-05,-0.000639711856,7.35150243e-05,0.000108399428,-4.6307531e-07,2.52413656e-06,-6.05434525e-06,5.88026019e-08,4.28290377e-06,-1.59619344e-06
4291,17.164000,-0.000481441792,0.00171747699,-0.00016939966,-0.000709294342,3.45697626e-05,0.000107903499,-4.63083694e-07,2.52446375e-06,-6.05136029e-06,5.76331409e-08,4.28288649e-06,-1.59630633e-06
