step,time_s,L1,L2,L3,L4,L5,L6,R1,R2,R3,R4,R5,R6
1,0.004000,-0.0150108896,0.48840481,0.253900439,-0.0936896056,0.0133193331,0.130224824,2.63684774e-06,-9.88836382e-06,2.42935348e-05,-4.25453845e-06,-1.59208776e-05,7.23648191e-05
2,0.008000,-0.0175522063,0.479930401,0.277096689,-0.090304479,0.0144686932,0.130583614,2.59562466e-06,-9.71064037e-06,2.39438341e-05,-4.25982671e-06,-1.5915115e-05,7.23579142e-05
3,0.012000,-0.0181422587,0.47349894,0.293911636,-0.0878964812,0.0149826836,0.130690634,2.61458899e-06,-9.57084376e-06,2.36187534e-05,-4.25966255e-06,-1.59136816e-05,7.23504418e-05
4,0.016000,-0.0184621066,0.468878686,0.306228667,-0.0863186568,0.015160054,0.130892009,2.57674674e-06,-9.44384192e-06,2.33088849e-05,-4.25896042e-06,-1.59110168e-05,7.23427729e-05
5,0.020000,-0.0186381601,0.465587765,0.315261215,-0.0853449255,0.015116496,0.131188869,2.61514515e-06,-9.305204e-06,2.30400256e-05,-4.25874077e-06,-1.59054653e-05,7.23358971e-05
6,0.024000,-0.0187657718,0.463261783,0.321892858,-0.084803611,0.0150748501,0.131463856,2.65922108e-06,-9.2064638e-06,2.27333458e-05,-4.26387851e-06,-1.59003703e-05,7.23280245e-05
7,0.028000,-0.0188723821,0.461637855,0.326771766,-0.08457762,0.0150344465,0.131722927,2.56843759e-06,-9.07866161e-06,2.24783817e-05,-4.25546978e-06,-1.58942676e-05,7.23225894e-05
8,0.032000,-0.0189688057,0.460524321,0.330370754,-0.0845790803,0.0149949929,0.131969482,2.62067033e-06,-8.9524583e-06,2.21909631e-05,-4.25839153e-06,-1.58892472e-05,7.2314564e-05
9,0.036000,-0.019059347,0.459780842,0.333035588,-0.0847447962,0.0149562238,0.132205993,2.52493965e-06,-8.82968379e-06,2.19258745e-05,-4.26202314e-06,-1.58847579e-05,7.23089834e-05
10,0.040000,-0.019147031,0.459304184,0.335018516,-0.0850284249,0.0149178831,0.132434085,2.63922288e-06,-8.74563193e-06,2.16647459e-05,-4.2621773e-06,-1.58874282e-05,7.23037083e-05
11,0.044000,-0.0192333981,0.459020346,0.336504251,-0.0853962898,0.01487986,0.132655025,2.62622689e-06,-8.6163509e-06,2.14213542e-05,-4.26206543e-06,-1.58790244e-05,7.22974728e-05
12,0.048000,-0.0193186663,0.458874226,0.337626964,-0.0858240128,0.0148420781,0.132869959,2.60255797e-06,-8.52358698e-06,2.11537354e-05,-4.26141696e-06,-1.58749772e-05,7.22912228e-05
13,0.052000,-0.0194028579,0.458826303,0.338484764,-0.0862929225,0.0148044657,0.133079499,2.60895263e-06,-8.41265864e-06,2.09117879e-05,-4.26096722e-06,-1.58674829e-05,7.22856421e-05
14,0.056000,-0.0194859859,0.458848327,0.339149326,-0.0867898464,0.0147669585,0.133284301,2.59554781e-06,-8.30507452e-06,2.06617915e-05,-4.2609945e-06,-1.58674393e-05,7.22802506e-05
15,0.060000,-0.0195681024,0.458919197,0.339672804,-0.0873056501,0.0147294477,0.133484393,2.57932993e-06,-8.19700563e-06,2.03999261e-05,-4.25824646e-06,-1.58653093e-05,7.22744735e-05
16,0.064000,-0.0847722441,2.4731257,1.60808241,-1.44535172,0.0281085987,1.25388527,2.55667169e-06,-8.07398919e-06,2.01575422e-05,-4.26592987e-06,-1.58596013e-05,7.22694167e-05
17,0.068000,-0.101727076,2.82523108,1.83513892,-1.44662809,0.0336458459,1.25288641,2.57938177e-06,-7.96732274e-06,1.99156038e-05,-4.25961343e-06,-1.58545372e-05,7.22641198e-05
18,0.072000,-0.110209361,2.83043361,1.94477177,-1.44893694,0.0390007794,1.25000763,2.58562272e-06,-7.86612873e-06,1.96698293e-05,-4.26024008e-06,-1.58535313e-05,7.22588229e-05
19,0.076000,-0.115599185,2.8409369,2.05618286,-1.4513936,0.0415607318,1.24818063,2.5870188e-06,-7.76320485e-06,1.94320455e-05,-4.2711431e-06,-1.58510356e-05,7.22534751e-05
20,0.080000,-0.118349262,2.88383079,2.18641472,-1.47515285,0.0432678908,1.2453897,2.56550447e-06,-7.66100766e-06,1.91922172e-05,-4.26896213e-06,-1.58469684e-05,7.224828e-05
21,0.084000,-0.119581647,2.87792826,2.26776123,-1.48406982,0.0431509987,1.24516225,2.59308126e-06,-7.55988322e-06,1.89435414e-05,-4.26507859e-06,-1.58444345e-05,7.2243427e-05
22,0.088000,-0.120494604,2.85839057,2.31479764,-1.4766798,0.0432565361,1.24551737,2.57364582e-06,-7.47598187e-06,1.87037222e-05,-4.26737915e-06,-1.58370658e-05,7.22384939e-05
23,0.092000,-0.121166214,2.84430099,2.34823132,-1.47186112,0.0431467667,1.24587977,2.56643762e-06,-7.37399296e-06,1.84847559e-05,-4.26908946e-06,-1.58341954e-05,7.22341938e-05
24,0.096000,-0.12172085,2.83414912,2.37185931,-1.46890247,0.0429185629,1.24623036,2.57098804e-06,-7.27532642e-06,1.82492513e-05,-4.26591441e-06,-1.58342227e-05,7.22295154e-05
25,0.100000,-0.122223221,2.82682705,2.38843083,-1.46726406,0.0426281095,1.24655807,2.56710473e-06,-7.16265367e-06,1.8020779e-05,-4.26431461e-06,-1.58300027e-05,7.22249752e-05
26,0.104000,-0.122704968,2.82152724,2.39994001,-1.46655643,0.0423108563,1.24685597,2.53844837e-06,-7.07830259e-06,1.77963939e-05,-4.26916313e-06,-1.58287148e-05,7.22214609e-05
27,0.108000,-0.12307176,2.81767368,2.40783215,-1.46649647,0.0419743508,1.247136,2.55179884e-06,-6.97084215e-06,1.75846599e-05,-4.27038594e-06,-1.58230887e-05,7.2216164e-05
28,0.112000,-0.12348406,2.81485462,2.41314673,-1.46688855,0.0416448675,1.24737906,2.54153633e-06,-6.88022374e-06,1.73623048e-05,-4.26804399e-06,-1.58166113e-05,7.22116602e-05
29,0.116000,-0.123966612,2.81277633,2.41662908,-1.46758521,0.0413426347,1.24759054,2.56381054e-06,-6.78320157e-06,1.71467364e-05,-4.26961014e-06,-1.58194889e-05,7.22078476e-05
30,0.120000,-0.12447352,2.81123042,2.41881537,-1.46848428,0.0410534926,1.24778163,2.57504416e-06,-6.70483678e-06,1.69005471e-05,-4.2636716e-06,-1.58123821e-05,7.22041514e-05
31,0.124000,-0.199510261,4.45250368,3.54052544,-2.67878509,0.042606391,2.29823875,2.56883959e-06,-6.61081958e-06,1.66813134e-05,-4.27115947e-06,-1.58127968e-05,7.21996985e-05
32,0.128000,-0.221663594,4.90322208,3.81387424,-2.68435812,0.0483674407,2.29796004,2.54694123e-06,-6.51895152e-06,1.64731828e-05,-4.26765246e-06,-1.58092589e-05,7.21958495e-05
33,0.132000,-0.232070535,4.9152689,3.92817116,-2.68656993,0.0560484678,2.29336905,2.58621412e-06,-6.43440308e-06,1.62575088e-05,-4.26701854e-06,-1.58061648e-05,7.21920951e-05
34,0.136000,-0.236952856,4.94726324,4.05449677,-2.70200992,0.0589295477,2.29046583,2.56034923e-06,-6.35495644e-06,1.60519776e-05,-4.2685906e-06,-1.58026323e-05,7.2189272e-05
35,0.140000,-0.2397376,4.94808483,4.14371252,-2.72082686,0.0599620491,2.28950047,2.5511672e-06,-6.27047666e-06,1.58476378e-05,-4.2693855e-06,-1.58019666e-05,7.21855831e-05
36,0.144000,-0.241449848,4.93012953,4.1897769,-2.71308303,0.05920114,2.2902379,2.52765449e-06,-6.16750276e-06,1.5659647e-05,-4.27036275e-06,-1.57974719e-05,7.21821052e-05
37,0.148000,-0.242316216,4.91762304,4.22126007,-2.70842242,0.0582931377,2.29103088,2.51328402e-06,-6.0962293e-06,1.54524387e-05,-4.26983161e-06,-1.57972172e-05,7.21795077e-05
38,0.152000,-0.242950425,4.90899134,4.24261618,-2.70587015,0.0572555177,2.2919302,2.59004628e-06,-5.99859686e-06,1.52505199e-05,-4.27156147e-06,-1.57920767e-05,7.21757824e-05
39,0.156000,-0.243530571,4.90304708,4.25695848,-2.70481014,0.0565850884,2.29258585,2.56416297e-06,-5.91273829e-06,1.50495689e-05,-4.27127361e-06,-1.57881132e-05,7.21714023e-05
40,0.160000,-0.244010463,4.89897776,4.26644802,-2.70473027,0.0559674725,2.29322505,1.9807303e-06,-5.798448e-06,1.48782183e-05,-4.28225576e-06,-1.57819177e-05,7.21683173e-05
41,0.164000,-0.244247988,4.89621735,4.27260923,-2.70527649,0.0552453026,2.29394031,1.27019621e-06,-5.69573149e-06,1.46801103e-05,-4.29101556e-06,-1.57574177e-05,7.2165094e-05
42,0.168000,-0.24447538,4.8943572,4.27649307,-2.70629573,0.0547897965,2.29449034,7.59739578e-07,-5.58106058e-06,1.44918513e-05,-4.29241481e-06,-1.57289269e-05,7.21620236e-05
43,0.172000,-0.244893521,4.89313745,4.27879238,-2.70760965,0.0544415042,2.29500151,3.55119482e-07,-5.47339596e-06,1.43218085e-05,-4.29802913e-06,-1.56991555e-05,7.21585748e-05
44,0.176000,-0.245347351,4.89236355,4.28001118,-2.70910263,0.0541605502,2.2954874,6.75074716e-08,-5.38006771e-06,1.41187566e-05,-4.29316697e-06,-1.566428e-05,7.21561009e-05
45,0.180000,-0.245804757,4.89190102,4.28049946,-2.71070409,0.0539378524,2.29594827,-2.93844323e-07,-5.27856719e-06,1.39418471e-05,-4.29357897e-06,-1.56401493e-05,7.2152543e-05
46,0.184000,-0.27600193,6.04971266,5.14213896,-3.4868896,0.0317902043,2.89822888,-4.53783514e-07,-5.19150035e-06,1.37596453e-05,-4.29369311e-06,-1.56076858e-05,7.21502292e-05
47,0.188000,-0.283669859,6.29866314,5.36572933,-3.5284493,0.0402261764,2.89747334,-4.07311973e-07,-5.11409962e-06,1.35572736e-05,-4.29280044e-06,-1.55759571e-05,7.21479519e-05
48,0.192000,-0.290450692,6.28347254,5.42076254,-3.51712179,0.040347822,2.89845896,-2.58937916e-07,-5.0370345e-06,1.33591375e-05,-4.27597706e-06,-1.55427697e-05,7.2144896e-05
49,0.196000,-0.293248355,6.2694025,5.45646811,-3.5115447,0.0396423638,2.89956975,-1.6281183e-07,-4.94724645e-06,1.31886391e-05,-4.27249461e-06,-1.55127145e-05,7.21405522e-05
50,0.200000,-0.293818057,6.25989866,5.48039675,-3.50846982,0.0379094332,2.90155387,-1.53338533e-07,-4.89173226e-06,1.29966684e-05,-4.2655829e-06,-1.5483658e-05,7.21380493e-05
51,0.204000,-0.294064581,6.25354576,5.49639463,-3.50746775,0.0373234674,2.90283275,-2.70702458e-07,-4.81216557e-06,1.28252759e-05,-4.25934468e-06,-1.54525223e-05,7.21353863e-05
52,0.208000,-0.294360727,6.2493825,5.50698614,-3.50773191,0.0370247513,2.90404344,-4.32590923e-07,-4.73036471e-06,1.2670298e-05,-4.26165934e-06,-1.54185127e-05,7.21320612e-05
53,0.212000,-0.294213504,6.24675989,5.51398182,-3.50862145,0.0361760519,2.90570927,-6.46379476e-07,-4.64542154e-06,1.24753888e-05,-4.25762209e-06,-1.53842248e-05,7.21298275e-05
54,0.216000,-0.294117063,6.24514723,5.51856899,-3.51025558,0.036187958,2.90689802,-8.62613433e-07,-4.55691861e-06,1.23097861e-05,-4.25249118e-06,-1.53505989e-05,7.2126546e-05
55,0.220000,-0.294347197,6.24422503,5.52146864,-3.51234889,0.0365720205,2.90791154,-1.03466527e-06,-4.47489811e-06,1.21450948e-05,-4.25439339e-06,-1.53227229e-05,7.21239194e-05
56,0.224000,-0.294590354,6.24379683,5.52322721,-3.51469231,0.0373256803,2.90892243,-1.27221779e-06,-4.39153064e-06,1.19869701e-05,-4.25264489e-06,-1.52934535e-05,7.21210454e-05
57,0.228000,-0.294833273,6.24370098,5.52423477,-3.51720023,0.0382393003,2.90990949,-1.39283543e-06,-4.31485796e-06,1.18303378e-05,-4.24935297e-06,-1.525894e-05,7.21189208e-05
58,0.232000,-0.295086473,6.24383879,5.52474356,-3.51981282,0.0392300896,2.910887,-1.57434306e-06,-4.23443362e-06,1.16668571e-05,-4.24323389e-06,-1.52249859e-05,7.21157121e-05
59,0.236000,-0.295345575,6.24413824,5.52492571,-3.52249169,0.0402832478,2.91185451,-1.59012529e-06,-4.16182775e-06,1.14925924e-05,-4.23471556e-06,-1.51902077e-05,7.21134929e-05
60,0.240000,-0.29560253,6.24453926,5.52489328,-3.52521348,0.0413986184,2.91280532,-1.58612465e-06,-4.09390441e-06,1.13222968e-05,-4.23143774e-06,-1.51566837e-05,7.21117976e-05
61,0.244000,-0.295448482,6.73253012,5.9271369,-3.81766796,0.0108335782,3.13141584,-1.61897128e-06,-4.02338264e-06,1.1170192e-05,-4.22448466e-06,-1.51240565e-05,7.21088509e-05
62,0.248000,-0.303414166,6.76580143,5.95928192,-3.80881977,0.00892139412,3.13776612,-1.59047613e-06,-3.92580205e-06,1.10265255e-05,-4.22150288e-06,-1.50924061e-05,7.21062897e-05
63,0.252000,-0.303808302,6.765975,5.97067928,-3.80751228,0.00684475899,3.14075685,-1.55744578e-06,-3.87716409e-06,1.08358445e-05,-4.20698325e-06,-1.50574479e-05,7.21027027e-05
64,0.256000,-0.302786112,6.76385689,5.97765875,-3.80837631,0.00592806935,3.14303637,-1.5512021e-06,-3.80868755e-06,1.06717398e-05,-4.20388687e-06,-1.50219967e-05,7.21004617e-05
65,0.260000,-0.301972836,6.76228285,5.98244715,-3.81042743,0.00653417967,3.14442611,-1.51762561e-06,-3.73897296e-06,1.0519243e-05,-4.19654134e-06,-1.49926873e-05,7.20976968e-05
66,0.264000,-0.301772505,6.76130867,5.98561954,-3.8128078,0.00694627687,3.14597607,-1.63840741e-06,-3.67298071e-06,1.03762313e-05,-4.19677644e-06,-1.49611678e-05,7.20951284e-05
67,0.268000,-0.301791191,6.76084805,5.98777103,-3.81546164,0.00746329222,3.14750838,-1.725733e-06,-3.60975741e-06,1.021556e-05,-4.18758646e-06,-1.49296829e-05,7.20924581e-05
68,0.272000,-0.301954746,6.7607646,5.98925591,-3.81851315,0.00856979098,3.14866996,-1.87084765e-06,-3.53683299e-06,1.00829366e-05,-4.18414538e-06,-1.48978061e-05,7.20902754e-05
69,0.276000,-0.302081794,6.7609539,5.99022579,-3.8213625,0.00921049528,3.15027571,-2.02251294e-06,-3.46661204e-06,9.93133108e-06,-4.18382433e-06,-1.48698555e-05,7.20874959e-05
70,0.280000,-0.302238911,6.76134157,5.99092817,-3.82462025,0.0107723167,3.15138698,-2.16982562e-06,-3.37469146e-06,9.78975004e-06,-4.18301988e-06,-1.48333711e-05,7.20850367e-05
71,0.284000,-0.302405417,6.7618742,5.99143267,-3.82793427,0.0123713622,3.15243769,-2.28661884e-06,-3.33932985e-06,9.62535432e-06,-4.17438696e-06,-1.48005765e-05,7.20825847e-05
72,0.288000,-0.302564502,6.76249981,5.9918108,-3.83126521,0.0139719229,3.15342808,-2.26894076e-06,-3.2602411e-06,9.47304943e-06,-4.1693711e-06,-1.47623996e-05,7.20802564e-05
73,0.292000,-0.302717298,6.76318264,5.99210691,-3.83459806,0.0155645739,3.15433741,-2.28443423e-06,-3.19604601e-06,9.32573403e-06,-4.15862314e-06,-1.4729816e-05,7.20788084e-05
74,0.296000,-0.302863777,6.76389122,5.99233627,-3.83789968,0.0171302892,3.15513444,-2.31030799e-06,-3.13584178e-06,9.19274316e-06,-4.15499289e-06,-1.46935836e-05,7.20763855e-05
75,0.300000,-0.303003252,6.76460505,5.99250364,-3.84112668,0.0186382607,3.15576386,-2.33994479e-06,-3.07556502e-06,9.04171338e-06,-4.14820215e-06,-1.46557886e-05,7.20742246e-05
76,0.304000,-0.28493315,6.50509119,5.7444129,-3.61443257,-0.00876607746,3.02203202,-2.3590344e-06,-2.99479279e-06,8.91005129e-06,-4.14554188e-06,-1.46300263e-05,7.20713651e-05
77,0.308000,-0.270431966,6.46386814,5.73087406,-3.62234116,-0.0054839626,3.01697659,-2.39865858e-06,-2.93860421e-06,8.78107858e-06,-4.13366161e-06,-1.45921322e-05,7.20692406e-05
78,0.312000,-0.26648134,6.45141745,5.73126507,-3.62464833,-0.00689597987,3.0158186,-2.48684364e-06,-2.89430136e-06,8.62615707e-06,-4.13350335e-06,-1.45552622e-05,7.20669705e-05
79,0.316000,-0.265318304,6.44636297,5.73335791,-3.62538624,-0.00830505975,3.01529717,-2.50186577e-06,-2.81217808e-06,8.49790013e-06,-4.12906684e-06,-1.45140566e-05,7.20645403e-05
80,0.320000,-0.264852732,6.44354439,5.73480415,-3.62543821,-0.00923784636,3.0147078,-2.60320849e-06,-2.7500007e-06,8.36431627e-06,-4.1180956e-06,-1.44784835e-05,7.20624957e-05
81,0.324000,-0.264541566,6.44149113,5.73515224,-3.6248374,-0.00966189615,3.01393795,-2.55964187e-06,-2.71343606e-06,8.21786853e-06,-4.10692837e-06,-1.44210326e-05,7.20596508e-05
82,0.328000,-0.264182001,6.43970776,5.73447323,-3.62356067,-0.00957790017,3.01296353,-2.72036596e-06,-2.64896153e-06,8.07520155e-06,-4.0937266e-06,-1.43536554e-05,7.20570533e-05
83,0.332000,-0.263736129,6.437994,5.73292732,-3.62167358,-0.00905279815,3.01180744,-2.55218265e-06,-2.61825062e-06,7.93380605e-06,-4.02635669e-06,-1.31271754e-05,7.13811896e-05
84,0.336000,-0.263204485,6.43627787,5.73070812,-3.61929965,-0.00817026384,3.0105021,-2.67449605e-06,-2.65140693e-06,7.78490721e-06,-3.93082473e-06,-1.05045719e-05,6.98116564e-05
85,0.340000,-0.262601674,6.43453074,5.72797823,-3.61656022,-0.00702025183,3.00908494,-2.81376924e-06,-2.67904375e-06,7.60102512e-06,-3.82145936e-06,-7.84916756e-06,6.82252939e-05
86,0.344000,-0.261938125,6.43274832,5.72487593,-3.61354804,-0.00567518547,3.00758195,-2.94943584e-06,-2.70724672e-06,7.45962188e-06,-3.71685815e-06,-5.2062469e-06,6.66434062e-05
87,0.348000,-0.261224091,6.43092108,5.72148848,-3.61032653,-0.00419417955,3.00601625,-3.10301812e-06,-2.75535717e-06,7.29948442e-06,-3.61642788e-06,-2.6111984e-06,6.50907969e-05
88,0.352000,-0.260468185,6.42905569,5.71789074,-3.60694456,-0.00262157805,3.00440931,-3.26178588e-06,-2.78788389e-06,7.13421468e-06,-3.51228596e-06,-3.5058747e-09,6.35326651e-05
89,0.356000,-0.259680927,6.42714214,5.71412086,-3.60343099,-0.000990122557,3.00276875,-3.37405049e-06,-2.80308836e-06,7.00086957e-06,-3.40487804e-06,2.69608427e-06,6.192398e-05
90,0.360000,-0.258869976,6.42518663,5.71021557,-3.59980583,0.000673953444,3.00111532,-3.53945779e-06,-2.8336533e-06,6.84303586e-06,-3.30236981e-06,5.25704945e-06,6.03881745e-05
91,0.364000,-0.247031942,5.80743217,4.91476488,-2.97451878,-0.0413410366,2.51341581,-3.68231622e-06,-2.86287741e-06,6.67885115e-06,-3.20201889e-06,7.86524106e-06,5.88300172e-05
92,0.368000,-0.215946674,5.5506525,4.75211525,-2.98691106,-0.0362443812,2.50652981,-3.84338136e-06,-2.90753951e-06,6.50993479e-06,-3.10205496e-06,1.04868968e-05,5.72623612e-05
93,0.372000,-0.197847649,5.46076488,4.72867298,-2.99715137,-0.0242800862,2.49608612,-3.9911065e-06,-2.94137226e-06,6.36979439e-06,-2.99726094e-06,1.30766848e-05,5.57126477e-05
94,0.376000,-0.191996813,5.41786385,4.72818565,-2.99920845,-0.0181503221,2.49074149,-4.14959868e-06,-2.97081397e-06,6.19996536e-06,-2.90069192e-06,1.56565748e-05,5.41696609e-05
95,0.380000,-0.190817118,5.39388275,4.73178005,-2.99800444,-0.0152258538,2.48824549,-4.28787098e-06,-2.9824489e-06,6.0712473e-06,-2.7962401e-06,1.82079602e-05,5.26415679e-05
96,0.384000,-0.191006377,5.3789835,4.73508978,-2.99550128,-0.013915658,2.48707294,-4.44674697e-06,-3.01561568e-06,5.94086168e-06,-2.69885595e-06,2.07760786e-05,5.11053004e-05
97,0.388000,-0.191245332,5.36920929,4.73757219,-2.99261284,-0.0132836513,2.48635864,-4.60022193e-06,-3.04916807e-06,5.78545132e-06,-2.59312264e-06,2.33724204e-05,4.95514068e-05
98,0.392000,-0.191274762,5.36238146,4.73901653,-2.98972869,-0.0128663145,2.48574662,-4.75412253e-06,-3.08115455e-06,5.64566744e-06,-2.49195591e-06,2.5922327e-05,4.80254894e-05
99,0.396000,-0.191173315,5.35726786,4.73931456,-2.98688626,-0.0124975666,2.48513818,-4.90941193e-06,-3.11380177e-06,5.50483946e-06,-2.39442556e-06,2.84671605e-05,4.65039084e-05
100,0.400000,-0.190956041,5.35332489,4.73876286,-2.9841063,-0.0121011995,2.48449039,-5.06865354e-06,-3.15034799e-06,5.36265316e-06,-2.29360262e-06,3.10411524e-05,4.49617364e-05
101,0.404000,-0.190692425,5.3501482,4.73748541,-2.98135829,-0.0116923712,2.48382378,-5.24717188e-06,-3.17786589e-06,5.23471135e-06,-2.1979663e-06,3.35527329e-05,4.34557769e-05
102,0.408000,-0.190424547,5.34748983,4.73560762,-2.97860527,-0.0112962835,2.48316741,-5.4078464e-06,-3.2151288e-06,5.08265975e-06,-2.09497421e-06,3.6096968e-05,4.1932708e-05
103,0.412000,-0.19012633,5.34523439,4.73334265,-2.97583461,-0.0108707845,2.48248672,-5.56928626e-06,-3.24274129e-06,4.94327742e-06,-1.99967644e-06,3.85875464e-05,4.04403472e-05
104,0.416000,-0.189821124,5.34323645,4.73073721,-2.97303987,-0.0104282722,2.4817946,-5.71882902e-06,-3.27730027e-06,4.81067582e-06,-1.90554408e-06,4.11184265e-05,3.8925511e-05
105,0.420000,-0.189513594,5.34141588,4.72786093,-2.97020459,-0.00997063145,2.48109388,-5.88619923e-06,-3.30802527e-06,4.67534483e-06,-1.80792767e-06,4.36099035e-05,3.74318697e-05
106,0.424000,-0.162740976,4.31616163,3.07838082,-1.31401122,-0.00639652088,1.572734,-6.04416437e-06,-3.34267179e-06,4.53562643e-06,-1.70998453e-06,4.61136005e-05,3.5933419e-05
107,0.428000,-0.135700911,4.20120335,3.16558242,-1.78583181,-0.0120703019,1.57254183,-6.21974641e-06,-3.37814095e-06,4.39514315e-06,-1.60819548e-06,4.86307836e-05,3.44244654e-05
108,0.432000,-0.112854861,4.00619268,3.08054781,-1.80799031,-0.00432210043,1.56415093,-6.37934272e-06,-3.40848942e-06,4.27237546e-06,-1.51831614e-06,5.11284888e-05,3.29291506e-05
109,0.436000,-0.102938496,3.82913256,3.02492142,-1.81812501,-0.000719781965,1.55918717,-6.53769393e-06,-3.44169212e-06,4.14506712e-06,-1.41421606e-06,5.36284024e-05,3.1434367e-05
110,0.440000,-0.0978927836,3.70995545,3.00418735,-1.80669522,0.00402642414,1.553105,-6.71487669e-06,-3.48338494e-06,4.01531179e-06,-1.32775938e-06,5.61003581e-05,2.99495914e-05
111,0.444000,-0.0966504961,3.64355397,3.01709175,-1.80936849,0.00588929281,1.54937458,-6.88561295e-06,-3.51228141e-06,3.87586624e-06,-1.22708923e-06,5.85603048e-05,2.84763264e-05
112,0.448000,-0.0969674289,3.59928441,3.03104901,-1.80871916,0.00698072836,1.54799867,-7.05515504e-06,-3.56277292e-06,3.74209048e-06,-1.13120268e-06,6.10385177e-05,2.69900083e-05
113,0.452000,-0.0974237248,3.56865478,3.04348993,-1.80589974,0.00698858127,1.5480777,-7.20794924e-06,-3.58529724e-06,3.62939431e-06,-1.03809589e-06,6.34749158e-05,2.55337327e-05
114,0.456000,-0.0977920145,3.54681659,3.05355549,-1.80306029,0.00698686391,1.54830301,-7.37461869e-06,-3.61988987e-06,3.51541121e-06,-9.42763734e-07,6.59507132e-05,2.40476948e-05
115,0.460000,-0.0980758294,3.53083825,3.06102824,-1.80044031,0.00698135793,1.54851782,-7.54945404e-06,-3.6534143e-06,3.38576319e-06,-8.48216018e-07,6.83799008e-05,2.25898148e-05
116,0.464000,-0.0982845873,3.51900077,3.06626463,-1.79802787,0.00697387755,1.54874945,-7.73067222e-06,-3.68662927e-06,3.2527746e-06,-7.59824616e-07,7.07727377e-05,2.11557526e-05
117,0.468000,-0.098439604,3.51017618,3.06969047,-1.79564297,0.00681457296,1.54909813,-7.88671878e-06,-3.73777948e-06,3.10289033e-06,-6.57821147e-07,7.32624248e-05,1.96647343e-05
118,0.472000,-0.0985647365,3.50358582,3.07171011,-1.79338217,0.00662110373,1.54945576,-8.07359356e-06,-3.75305603e-06,2.99934277e-06,-5.7076852e-07,7.56688314e-05,1.82186577e-05
119,0.476000,-0.0986773819,3.49867439,3.07265472,-1.79129946,0.00647185743,1.54975235,-8.24340532e-06,-3.79145536e-06,2.87643888e-06,-4.69148404e-07,7.81032286e-05,1.67608196e-05
120,0.480000,-0.0987329856,3.49498773,3.07267976,-1.78901231,0.0064660944,1.55025351,-8.42293684e-06,-3.84313898e-06,2.75236926e-06,-3.79065739e-07,8.05233722e-05,1.53090787e-05
121,0.484000,-0.0780309886,2.26837182,1.00052381,0.0283783264,0.00488191843,0.394978911,-8.5880356e-06,-3.86028933e-06,2.64322489e-06,-2.89820321e-07,8.2923325e-05,1.38679106e-05
122,0.488000,-0.0431123972,2.1099596,0.982174814,-0.35064733,0.00530534983,0.42094624,-8.76570266e-06,-3.90069454e-06,2.52545101e-06,-1.94705223e-07,8.53277161e-05,1.24289381e-05
123,0.492000,-0.0178430211,1.91956878,0.887244821,-0.380729914,0.0055414401,0.41264078,-8.92402477e-06,-3.95027701e-06,2.42063879e-06,-1.02603167e-07,8.76971317e-05,1.1008512e-05
124,0.496000,-0.00499702198,1.7552731,0.838856041,-0.397450805,0.00569711998,0.406636655,-9.11701773e-06,-3.98933753e-06,2.30495789e-06,-1.90435543e-08,9.00984451e-05,9.56463919e-06
125,0.500000,0.000626848079,1.60255301,0.811035872,-0.409800112,0.00696966052,0.401303798,-9.2766295e-06,-4.01128409e-06,2.19181265e-06,7.94555604e-08,9.24584165e-05,8.15229305e-06
126,0.504000,0.00149440207,1.45528829,0.792678356,-0.417888045,0.00819495693,0.398163468,-9.4494153e-06,-4.06200297e-06,2.07767016e-06,1.71730889e-07,9.48167581e-05,6.73696286e-06
127,0.508000,0.000786292367,1.30964839,0.77682054,-0.421589166,0.00823558308,0.398206264,-9.64361425e-06,-4.09732547e-06,1.97146574e-06,2.58631644e-07,9.72315975e-05,5.28604414e-06
128,0.512000,-0.000698093325,1.15980005,0.744565845,-0.406050801,0.00825480931,0.397536635,-9.83267728e-06,-4.13835187e-06,1.84603482e-06,3.43565716e-07,9.95860828e-05,3.87355567e-06
129,0.516000,-0.000839327462,1.0754087,0.765064776,-0.407841742,0.0082727652,0.396841913,-1.00009584e-05,-4.15499289e-06,1.7445318e-06,4.35301388e-07,0.000101897342,2.48552351e-06
130,0.520000,-0.00125349127,1.01640558,0.787349761,-0.406961083,0.00826963224,0.396694988,-1.01626947e-05,-4.19476783e-06,1.63122456e-06,5.29999625e-07,0.000104290812,1.05191896e-06
131,0.524000,-0.00174926873,0.973329723,0.806332707,-0.405295908,0.00825824775,0.396961331,-1.03350221e-05,-4.28205112e-06,1.49966922e-06,6.20345531e-07,0.000106642256,-3.58625357e-07
132,0.528000,-0.00213696947,0.941590428,0.821729422,-0.403441668,0.0082432162,0.397447497,-1.05112558e-05,-4.28735393e-06,1.41823216e-06,7.09505343e-07,0.000109000248,-1.77323636e-06
133,0.532000,-0.00240754429,0.918208003,0.833950639,-0.401659369,0.00822675601,0.398020744,-1.07160949e-05,-4.33523519e-06,1.305919e-06,7.93984384e-07,0.000111276655,-3.1441532e-06
134,0.536000,-0.00259965565,0.901087523,0.84350884,-0.400053084,0.00820989907,0.398611546,-1.0881633e-05,-4.37772496e-06,1.20779112e-06,8.80952769e-07,0.000113623144,-4.54877272e-06
135,0.540000,-0.00274997484,0.888705552,0.850888729,-0.398652434,0.0081931781,0.399186373,-1.10417222e-05,-4.40172289e-06,1.10709641e-06,9.68452468e-07,0.000115932409,-5.9343638e-06
136,0.544000,0.0163698923,0.327971041,0.0487288982,0.0580049604,-0.00439158268,0.00110304542,-1.12299404e-05,-4.43721956e-06,9.85799147e-07,1.06486436e-06,0.00011822566,-7.31213277e-06
137,0.548000,0.0345526673,0.1556817,-0.0167521201,0.00295262411,-0.004047364,0.00111756288,-1.13987935e-05,-4.46932972e-06,8.9057346e-07,1.15330852e-06,0.000120566037,-8.71714747e-06
138,0.552000,0.0450923927,0.0242416933,-0.056255769,0.00314561464,-0.00410679542,0.00112018362,-1.15903549e-05,-4.52758377e-06,7.86762826e-07,1.24309997e-06,0.000122872589,-1.01000933e-05
139,0.556000,0.051050093,-0.0292399488,-0.0375823937,-0.000322084874,-0.00140578998,-0.00116301142,-1.17683667e-05,-4.54975907e-06,6.93359425e-07,1.32062212e-06,0.000125164835,-1.14779095e-05
140,0.560000,0.052772779,-0.0704401061,-0.031205114,0.000481547788,-0.00167927542,-0.00116537325,-1.19506567e-05,-4.60747196e-06,5.83913788e-07,1.4126565e-06,0.000127463572,-1.28567863e-05
141,0.564000,0.0538996533,-0.0993178636,-0.0237017032,0.000991135836,-0.00186222768,-0.00116682239,-1.21444864e-05,-4.64299592e-06,4.65242124e-07,1.49647997e-06,0.000129736858,-1.42231602e-05
142,0.568000,0.0547580719,-0.120097533,-0.017203236,0.00137489475,-0.00200060359,-0.00116800144,-1.23291338e-05,-4.65837365e-06,3.75685545e-07,1.58503371e-06,0.00013199696,-1.5581285e-05
143,0.572000,0.055532366,-0.134998649,-0.0118872188,0.0016584415,-0.00210246164,-0.00116893463,-1.2507724e-05,-4.715253e-06,2.77162144e-07,1.66559539e-06,0.000134270158,-1.69444302e-05
144,0.576000,0.0562924072,-0.145533457,-0.00766340643,0.00186590292,-0.00217602053,-0.00116963685,-1.26695559e-05,-4.7558724e-06,1.77711399e-07,1.75321884e-06,0.000136535658,-1.8302926e-05
145,0.580000,0.0570467785,-0.153054714,-0.00495163724,0.0019699093,-0.00221239589,-0.00117007643,-1.28784013e-05,-4.79420214e-06,7.85803422e-08,1.83770715e-06,0.000138771502,-1.96486053e-05
146,0.584000,0.0578248091,-0.158380121,-0.00397030264,0.00196750835,-0.0022079437,-0.00117018819,-1.30473263e-05,-4.80069866e-06,-1.19084689e-08,1.92437051e-06,0.00014104275,-2.10132039e-05
147,0.588000,0.0586307831,-0.161526918,-0.00344879925,0.00195560604,-0.00219890312,-0.00117029063,-1.32146633e-05,-4.87172792e-06,-1.06309699e-07,2.01090279e-06,0.000143279089,-2.23541319e-05
148,0.592000,0.0594304837,-0.163011014,-0.00317212939,0.0019428581,-0.0021889247,-0.00117037632,-1.33985377e-05,-4.87863463e-06,-1.90467858e-07,2.09870836e-06,0.000145519007,-2.36980541e-05
149,0.596000,0.0602033623,-0.163250163,-0.00304025412,0.0019275602,-0.00217771716,-0.00117042102,-1.35839982e-05,-4.95475024e-06,-2.95690825e-07,2.17822048e-06,0.00014774091,-2.50321191e-05
150,0.600000,0.0609473661,-0.16257149,-0.00299342908,0.0019106064,-0.00216582976,-0.00117048621,-1.37640827e-05,-4.9886321e-06,-3.9932354e-07,2.27009264e-06,0.000149991654,-2.63843776e-05
151,0.604000,-0.00363287679,-0.432585001,-0.796307921,1.02184892,0.000837209285,-6.55502081e-05,-1.39501108e-05,-5.0256258e-06,-4.88172191e-07,2.34568756e-06,0.000152206761,-2.77175895e-05
152,0.608000,-0.0208179653,-0.292022675,-0.787997901,1.04927826,0.000570219243,0.0011636354,-1.41367582e-05,-5.06543893e-06,-5.94959943e-07,2.43799786e-06,0.000154453781,-2.90647549e-05
153,0.612000,-0.0297567826,-0.14387235,-0.764665484,1.05337441,0.000588131486,0.00116403401,-1.43138041e-05,-5.10467362e-06,-6.68604571e-07,2.5181555e-06,0.000156670605,-3.0396197e-05
154,0.616000,-0.0352900065,-0.0298362002,-0.757230043,1.04363084,0.000778436312,0.00116476789,-1.44901733e-05,-5.1431025e-06,-7.48627031e-07,2.60117122e-06,0.000158854673,-3.17075937e-05
155,0.620000,-0.0385391749,0.0426939018,-0.776202798,1.04566884,0.000909780851,0.00116495416,-1.46801103e-05,-5.18624211e-06,-8.36744448e-07,2.68578765e-06,0.000161018805,-3.3010223e-05
156,0.624000,-0.03994333,0.0524290167,-0.863701344,1.12083459,0.00128084002,0.00116731972,-1.4867157e-05,-5.22576011e-06,-9.33674414e-07,2.76189166e-06,0.000163192584,-3.43142674e-05
157,0.628000,-0.0412649699,0.0736592263,-0.893437326,1.12892985,0.00131461979,0.00116807967,-1.50379501e-05,-5.26011445e-06,-1.03410184e-06,2.84379553e-06,0.000165366786,-3.56199344e-05
158,0.632000,-0.042375125,0.0960175246,-0.906630576,1.1264745,0.00127932953,0.00116796792,-1.52058647e-05,-5.30332545e-06,-1.11564668e-06,2.92945651e-06,0.000167592021,-3.69559821e-05
159,0.636000,-0.043425791,0.114735015,-0.916460752,1.12467122,0.00125116401,0.00116788596,-1.54095578e-05,-5.34161154e-06,-1.19821516e-06,3.0069607e-06,0.000169717227,-3.82372891e-05
160,0.640000,-0.0443448462,0.13030526,-0.923918843,1.12347829,0.00124261132,0.00116800144,-1.55785419e-05,-5.3815711e-06,-1.29468617e-06,3.09437587e-06,0.000171908352,-3.95507523e-05
161,0.644000,-0.0451406911,0.143223003,-0.92964071,1.12259769,0.00123882247,0.00116819516,-1.57652594e-05,-5.40542351e-06,-1.36021606e-06,3.1788577e-06,0.000174084227,-4.08566666e-05
162,0.648000,-0.0458284281,0.153986469,-0.934038043,1.12194872,0.00124134379,0.0011684671,-1.59486408e-05,-5.46421097e-06,-1.45055753e-06,3.2576279e-06,0.000176244823,-4.21546683e-05
163,0.652000,-0.0464528017,0.162955076,-0.937533438,1.12145805,0.00124857435,0.00116879493,-1.61238422e-05,-5.50132972e-06,-1.53389249e-06,3.33440335e-06,0.000178387971,-4.34425128e-05
164,0.656000,-0.0470351279,0.170495093,-0.940328121,1.12105465,0.00125673029,0.00116913393,-1.63303666e-05,-5.54023882e-06,-1.61884327e-06,3.42177168e-06,0.000180561823,-4.47516941e-05
165,0.660000,-0.0475876629,0.176902726,-0.942576945,1.12072074,0.00126588985,0.00116951391,-1.64894354e-05,-5.58470992e-06,-1.7113764e-06,3.5089829e-06,0.00018272661,-4.60483388e-05
166,0.664000,-0.0137146525,-0.170523584,-1.91592813,2.69365311,-0.00226893276,-0.00117871724,-1.66863065e-05,-5.62520654e-06,-1.77787081e-06,3.5857056e-06,0.00018485052,-4.73239561e-05
167,0.668000,-0.0072998195,0.00421478599,-1.84894395,2.71518469,-0.00154575892,-0.00119502842,-1.68731149e-05,-5.6782601e-06,-1.86204454e-06,3.66619588e-06,0.000186923629,-4.85736928e-05
168,0.672000,-0.00443105819,0.0847719908,-1.90440381,2.81581569,-0.000639599748,-0.00119132549,-1.70254134e-05,-5.70788188e-06,-1.93950723e-06,3.74236561e-06,0.000189075436,-4.98639492e-05
169,0.676000,-0.0038068979,0.194367439,-1.89064872,2.82505941,-0.00282599311,0.00116808061,-1.72218461e-05,-5.74291198e-06,-2.00917157e-06,3.81785912e-06,0.000191138563,-5.1104289e-05
170,0.680000,-0.00330727408,0.304004848,-1.87632072,2.83161187,-0.00258982601,0.00117153884,-1.74131746e-05,-5.78789331e-06,-2.10342796e-06,3.90350942e-06,0.000193259038,-5.23791823e-05
171,0.684000,-0.00306423474,0.414834589,-1.85926759,2.8339119,-0.00266656908,0.00117204012,-1.75834157e-05,-5.82058146e-06,-2.19615549e-06,3.97871554e-06,0.000195391447,-5.36610496e-05
172,0.688000,-0.00286051398,0.510253429,-1.84262168,2.8194108,-0.00284462236,0.00117170473,-1.77606307e-05,-5.86225269e-06,-2.25474264e-06,4.05993887e-06,0.000197513931,-5.49321776e-05
173,0.692000,-0.00279807206,0.564736605,-1.8590225,2.81911683,-0.00279723341,0.00117314432,-1.79498165e-05,-5.90486525e-06,-2.33045057e-06,4.13580437e-06,0.000199608272,-5.61940906e-05
174,0.696000,-0.00275798794,0.603904426,-1.8753227,2.81704164,-0.00279991841,0.0011759419,-1.81309515e-05,-5.94735047e-06,-2.41383714e-06,4.21527693e-06,0.000201699208,-5.74492296e-05
175,0.700000,-0.00276850211,0.633175731,-1.88928449,2.81449127,-0.00282455608,0.00117878232,-1.83185402e-05,-5.98307361e-06,-2.49542154e-06,4.29076181e-06,0.000203771735,-5.86954993e-05
176,0.704000,-0.0028077499,0.655396879,-1.90082264,2.81188512,-0.00285737007,0.00118160993,-1.84853907e-05,-6.04050047e-06,-2.56806015e-06,4.37108611e-06,0.000205846954,-5.99405939e-05
177,0.708000,-0.00285875564,0.672430098,-1.91020763,2.80940127,-0.00289166905,0.0011844472,-1.86870056e-05,-6.06616413e-06,-2.64620894e-06,4.44553052e-06,0.000207934834,-6.12004951e-05
178,0.712000,-0.00290288264,0.685555577,-1.91786408,2.80713844,-0.00291980943,0.00118726061,-1.88708236e-05,-6.09184235e-06,-2.71182216e-06,4.52598215e-06,0.00020999588,-6.24359818e-05
179,0.716000,-0.00294544548,0.695755124,-1.92403376,2.80509758,-0.00294321799,0.00119001931,-1.90529972e-05,-6.13062457e-06,-2.79559845e-06,4.60186857e-06,0.000212038605,-6.36636687e-05
180,0.720000,-0.00298941461,0.703762829,-1.9288373,2.8032279,-0.00296744052,0.00119269569,-1.92179014e-05,-6.17270143e-06,-2.87844773e-06,4.68113103e-06,0.000214083688,-6.48934802e-05
181,0.724000,0.000534613268,1.48850584,-0.000268566422,-0.00112450588,-0.000269264914,0.00121740997,-1.94089043e-05,-6.20991977e-06,-2.93837365e-06,4.75905199e-06,0.000216128596,-6.6122775e-05
182,0.728000,0.000992811169,1.32331669,-0.0475687534,1.3047189e-05,-0.00105195027,0.00116453995,-1.95864232e-05,-6.26381552e-06,-3.00750025e-06,4.82991209e-06,0.000218172776,-6.73508475e-05
183,0.732000,0.000116590658,1.1679728,-0.0793374032,-0.00156320492,0.00102815847,-0.00117064873,-1.97686095e-05,-6.30826844e-06,-3.09543111e-06,4.91090077e-06,0.000220197238,-6.85693376e-05
184,0.736000,-0.000156377559,1.02043951,-0.0984371752,-0.00111955032,0.00100042438,-0.00117183104,-1.99381193e-05,-6.34636035e-06,-3.17591389e-06,4.98285726e-06,0.000222288872,-6.98252115e-05
185,0.740000,-0.000235796164,0.879167497,-0.106249511,-0.000978896394,0.000918627717,-0.0012016017,-2.01112398e-05,-6.38254778e-06,-3.23247173e-06,5.06712331e-06,0.000224287709,-7.10244058e-05
186,0.744000,-0.0109108239,0.00449985405,-0.00891088508,-0.0102678835,-0.0179353058,-0.0167218577,-2.03025029e-05,-6.43080875e-06,-3.29721934e-06,5.14111662e-06,0.000226328688,-7.22533878e-05
187,0.748000,-0.000888080453,-0.0234150328,-0.0184110478,-0.000608725473,0.00139543833,-0.00109733175,-2.04804201e-05,-6.47259503e-06,-3.34891502e-06,5.215089e-06,0.000228380202,-7.34842179e-05
188,0.752000,-0.000713392626,-0.03792689,-0.0157434735,-0.000624315813,0.00120388856,-0.00114602735,-2.06805798e-05,-6.49907906e-06,-3.4379982e-06,5.28514693e-06,0.00023032265,-7.46564838e-05
189,0.756000,-0.000703832018,-0.0477185957,-0.0128105991,-0.000573585276,0.00117020123,-0.00114595285,-2.08553811e-05,-6.55048734e-06,-3.52488678e-06,5.36567632e-06,0.000232378312,-7.5889584e-05
190,0.760000,-0.000657651806,-0.0545171909,-0.0105994493,-0.000602660701,0.00115580671,-0.0011459766,-2.10377511e-05,-6.58708041e-06,-3.59086926e-06,5.43888109e-06,0.000234339532,-7.7068049e-05
191,0.764000,-0.000652129122,-0.0592501909,-0.00912965275,-0.000581708737,0.00114122569,-0.00114612747,-2.12198265e-05,-6.61651211e-06,-3.64035782e-06,5.51228686e-06,0.00023635017,-7.82766729e-05
192,0.768000,-0.00064756372,-0.0623944066,-0.00819754042,-0.000577858184,0.00113617582,-0.00114621362,-2.13858602e-05,-6.66083815e-06,-3.70670523e-06,5.59286673e-06,0.000238356195,-7.94826992e-05
193,0.772000,-0.000642366183,-0.0642846525,-0.00750740478,-0.000580685213,0.00113425544,-0.00114626251,-2.15604432e-05,-6.68044186e-06,-3.77215406e-06,5.65899063e-06,0.000240285415,-8.06425378e-05
194,0.776000,-0.000637200312,-0.0652608871,-0.00697940821,-0.000587054994,0.00113424822,-0.00114628673,-2.17400193e-05,-6.74082366e-06,-3.84909345e-06,5.74049136e-06,0.000242293609,-8.18502522e-05
195,0.780000,-0.000631941017,-0.0655748323,-0.00656026974,-0.00059615029,0.0011355984,-0.00114628533,-2.19119956e-05,-6.78083961e-06,-3.91407093e-06,5.81118229e-06,0.000244276715,-8.30378776e-05
196,0.784000,-0.00403461792,-0.0398503095,-0.116040841,0.184426352,-0.00275647501,0.00113308476,-2.20932507e-05,-6.82376503e-06,-3.97045642e-06,5.88300099e-06,0.000246240204,-8.42225054e-05
197,0.788000,-0.00350240828,0.0120574348,-0.119864643,0.185575113,-0.00251620566,0.00113527314,-2.22840226e-05,-6.8788072e-06,-4.02019305e-06,5.95452138e-06,0.00024816682,-8.53807724e-05
198,0.792000,-0.00337574072,0.044624839,-0.12811473,0.182146609,-0.00249869423,0.00113541866,-2.24424039e-05,-6.90876323e-06,-4.09926361e-06,6.03225453e-06,0.000250195677,-8.65971961e-05
199,0.796000,-0.0029501731,0.0446125008,-0.171010345,0.216958433,-0.00233469531,0.00113681518,-2.26489483e-05,-6.95704784e-06,-4.1675853e-06,6.10131292e-06,0.000252096215,-8.77424536e-05
200,0.800000,-0.00278675975,0.044580251,-0.194511324,0.228530556,-0.00230897311,0.00113732368,-2.27206201e-05,-6.94339633e-06,-4.21575669e-06,6.12959138e-06,0.000252656988,-8.81738233e-05
201,0.804000,0.00308990083,-0.0501519479,-0.111211315,0.142545775,-0.0323499516,0.00249330606,-2.27320543e-05,-6.90231809e-06,-4.25290136e-06,6.10518191e-06,0.000252037571,-8.79762592e-05
202,0.808000,0.00272696489,-0.0559961684,-0.117037855,0.14222537,-0.0263894275,0.00446427055,-2.27787641e-05,-6.85469695e-06,-4.26966562e-06,6.08412483e-06,0.00025125625,-8.76848571e-05
203,0.812000,0.00277941441,-0.0550038218,-0.11373242,0.138899207,-0.0265569501,0.00536007993,-2.27996861e-05,-6.81600613e-06,-4.29438387e-06,6.06301728e-06,0.000250582321,-8.7453569e-05
204,0.816000,0.00243952847,-0.0535872877,-0.111100718,0.135746464,-0.0280187503,0.00536620896,-2.2807988e-05,-6.77594062e-06,-4.32554498e-06,6.04465777e-06,0.000249884702,-8.72061573e-05
205,0.820000,-0.0073015322,-0.0830878466,-0.143141672,0.0594438687,0.00843060017,-0.00678510405,-2.28479694e-05,-6.73557633e-06,-4.35646507e-06,6.02153068e-06,0.000249257573,-8.70011208e-05
206,0.824000,-0.00445927726,-0.0904206634,-0.148724139,0.0937516093,-0.00217432156,-0.00494978158,-2.28657736e-05,-6.69867677e-06,-4.38228062e-06,6.00150815e-06,0.000248633878,-8.67956478e-05
207,0.828000,-0.00425391272,-0.0882824063,-0.145224631,0.092436783,-0.00187303498,-0.00509129418,-2.28830359e-05,-6.65764082e-06,-4.41316206e-06,5.98359884e-06,0.00024796449,-8.65628099e-05
208,0.832000,-0.00425208174,-0.0869509876,-0.142813563,0.090837352,-0.00311317295,-0.00390400621,-2.29038724e-05,-6.61602144e-06,-4.44667512e-06,5.95786696e-06,0.000247316755,-8.63409514e-05
209,0.836000,-0.00421203859,-0.0859050825,-0.14102152,0.0897141993,-0.0031412784,-0.00372191542,-2.29320394e-05,-6.57571854e-06,-4.48206447e-06,5.93886125e-06,0.000246683427,-8.61326407e-05
210,0.840000,-0.00419954397,-0.0844440311,-0.138642848,0.0876740143,-0.00444750302,-0.00250513991,-2.29636826e-05,-6.53190591e-06,-4.51727465e-06,5.9219592e-06,0.000245973584,-8.58787535e-05
211,0.844000,-0.00218760758,-0.0440184176,-0.0728193745,0.0484988317,-0.00254564919,-0.000601155974,-2.29814759e-05,-6.49272215e-06,-4.5619995e-06,5.90584477e-06,0.000245374889,-8.56864353e-05
212,0.848000,-0.00216271565,-0.0436017066,-0.0724813938,0.0504036695,-0.00411825906,0.000634392956,-2.29759062e-05,-6.43731346e-06,-4.57068836e-06,5.88349576e-06,0.000244770752,-8.54854807e-05
213,0.852000,-0.00177380675,-0.0438239239,-0.0748889893,0.0575458184,-0.00442611892,0.00401292881,-2.29902871e-05,-6.41774386e-06,-4.59703642e-06,5.85751513e-06,0.000244045179,-8.52207813e-05
214,0.856000,-0.0016888933,-0.0420076102,-0.0709644109,0.0520651378,-0.002482065,0.00134914671,-2.30183323e-05,-6.35862125e-06,-4.62086609e-06,5.84000327e-06,0.00024331671,-8.49556163e-05
215,0.860000,-0.00142732426,-0.0401383042,-0.0657949671,0.0441695303,0.000741597265,-0.000749039347,-2.30271507e-05,-6.33890613e-06,-4.6442442e-06,5.82074063e-06,0.000242706228,-8.47552437e-05
216,0.864000,-0.00164152053,-0.0392729491,-0.0641612262,0.0431719981,-0.00178237632,0.00126151484,-2.30293444e-05,-6.30154136e-06,-4.6781638e-06,5.80047026e-06,0.000242022797,-8.45079412e-05
217,0.868000,-0.00143190043,-0.0390299484,-0.0636416003,0.0433844179,-0.00120660476,0.00098267477,-2.30399528e-05,-6.2620511e-06,-4.71223302e-06,5.78575282e-06,0.000241373345,-8.42818627e-05
218,0.872000,-0.00126503932,-0.0377428718,-0.0588072687,0.0353095829,0.00198827311,-0.000881153625,-2.30550759e-05,-6.22071366e-06,-4.74063609e-06,5.76055891e-06,0.000240703477,-8.40454304e-05
219,0.876000,-0.00120181008,-0.0368934125,-0.0576468967,0.0348300189,0.00168288033,-0.00059071742,-2.30513797e-05,-6.18626837e-06,-4.76740979e-06,5.73976786e-06,0.000240078734,-8.38336273e-05
220,0.880000,-0.00135364488,-0.0358710885,-0.0559970401,0.0335587375,0.000108166598,0.000733267516,-2.30664336e-05,-6.15258068e-06,-4.77364574e-06,5.72345925e-06,0.000239440895,-8.36130057e-05
221,0.884000,-0.00127470098,-0.0347933471,-0.0546371005,0.0324588344,0.00197368115,-0.000712579116,-2.30689802e-05,-6.10027746e-06,-4.79307528e-06,5.70402062e-06,0.000238799621,-8.33888989e-05
222,0.888000,-0.00127207476,-0.0347315967,-0.0543782525,0.0326217711,0.00153346825,-0.000228618039,-2.3061204e-05,-6.06982894e-06,-4.82745054e-06,5.69319218e-06,0.000238229448,-8.32051446e-05
223,0.892000,-0.00130394823,-0.0335553363,-0.0524755828,0.0313347615,0.000630168244,0.000674772542,-2.30754758e-05,-6.02677437e-06,-4.8599768e-06,5.67148982e-06,0.00023756249,-8.29712517e-05
224,0.896000,-0.0013217855,-0.0332594588,-0.0521429069,0.0316030905,8.44988972e-05,0.00112431427,-2.30650894e-05,-5.99103896e-06,-4.88534533e-06,5.6491117e-06,0.000236926746,-8.27496697e-05
225,0.900000,-0.00127730402,-0.0327057168,-0.0512327403,0.0311790034,0.000808993354,0.000627466012,-2.30756214e-05,-5.95155052e-06,-4.90058119e-06,5.63133199e-06,0.000236272899,-8.25195821e-05
226,0.904000,-0.00262198783,-0.0374593586,-0.0675490201,0.0234580524,0.0132417884,-0.0113758817,-2.30850146e-05,-5.93476125e-06,-4.92530671e-06,5.61497654e-06,0.000235637475,-8.22993024e-05
227,0.908000,-0.00305349287,-0.0401803404,-0.0741231292,0.0156782623,0.0211122222,-0.0170491207,-2.30831956e-05,-5.88267494e-06,-4.96272514e-06,5.59503587e-06,0.000234983396,-8.20680652e-05
228,0.912000,-0.00346553186,-0.0418921858,-0.0779878795,0.0147580635,0.0224979073,-0.0176784657,-2.30700043e-05,-5.84754616e-06,-4.98120789e-06,5.58259217e-06,0.000234405627,-8.18780609e-05
229,0.916000,-0.00344145345,-0.0428042263,-0.080336228,0.0155691355,0.0252734385,-0.0194304157,-2.30775004e-05,-5.80892083e-06,-4.99081943e-06,5.55446331e-06,0.000233708983,-8.16253378e-05
230,0.920000,-0.00367025705,-0.042715665,-0.0805805922,0.0165050458,0.0239635855,-0.0184865259,-2.3066832e-05,-5.77959281e-06,-5.00491387e-06,5.54249345e-06,0.000233063329,-8.13922525e-05
231,0.924000,-0.00358145824,-0.0411344953,-0.0778623223,0.0122964755,0.0246792473,-0.0198409557,-2.30578844e-05,-5.74305159e-06,-5.04424042e-06,5.522626e-06,0.00023239624,-8.11509672e-05
232,0.928000,-0.00360525446,-0.0410615429,-0.0778994262,0.0149232317,0.0231338628,-0.0178735945,-2.30468959e-05,-5.70578504e-06,-5.07678533e-06,5.50348841e-06,0.000231761078,-8.09241028e-05
233,0.932000,-0.00345124188,-0.0402880535,-0.0764802769,0.0122334938,0.0254774485,-0.0192688033,-2.30348614e-05,-5.66923973e-06,-5.09419397e-06,5.47884201e-06,0.000231133672,-8.07033211e-05
234,0.936000,-0.00419018138,-0.0415687859,-0.0788504183,0.0196844768,0.0171284154,-0.0145423375,-2.30448841e-05,-5.63965887e-06,-5.10537302e-06,5.46590218e-06,0.00023052156,-8.04919036e-05
235,0.940000,-0.00335662114,-0.0389376767,-0.0736643523,0.0108058378,0.0247379318,-0.0197531674,-2.30315381e-05,-5.60662238e-06,-5.12817405e-06,5.44886234e-06,0.000229920013,-8.02853101e-05
236,0.944000,-0.00345589593,-0.0384951979,-0.0729056597,0.0120506417,0.0232228264,-0.0181919709,-2.30020596e-05,-5.57354178e-06,-5.15676811e-06,5.43455144e-06,0.000229353565,-8.0097212e-05
237,0.948000,-0.00334997545,-0.0375860557,-0.0713459328,0.0114648342,0.0234396867,-0.0176978856,-2.30023979e-05,-5.55403221e-06,-5.17434e-06,5.41432701e-06,0.000228680918,-7.98513793e-05
238,0.952000,-0.00357987662,-0.0378785655,-0.0718975812,0.0151805803,0.0200635381,-0.0156165715,-2.30102887e-05,-5.50801178e-06,-5.1809393e-06,5.39754228e-06,0.000228062621,-7.96346212e-05
239,0.956000,-0.00333608245,-0.0365608819,-0.0690292567,0.0109274816,0.0218516979,-0.0175706614,-2.29758371e-05,-5.47407944e-06,-5.21890979e-06,5.38096401e-06,0.00022748881,-7.94405205e-05
240,0.960000,-0.00316759059,-0.0354145691,-0.0674652979,0.0104871448,0.0226404257,-0.0176735427,-2.29510824e-05,-5.44237446e-06,-5.24432926e-06,5.3635722e-06,0.000226889766,-7.92352803e-05
241,0.964000,-0.00474850275,-0.0373410806,-0.0743472949,0.00175634585,0.015915323,-0.0133447032,-2.29562302e-05,-5.40567271e-06,-5.26382337e-06,5.34678838e-06,0.000226190794,-7.89722544e-05
242,0.968000,-0.00476714177,-0.0392862335,-0.079806298,-0.0045642457,0.020895429,-0.0121305771,-2.29338912e-05,-5.37244887e-06,-5.27787688e-06,5.33065167e-06,0.000225556942,-7.87443569e-05
243,0.972000,-0.0046241167,-0.0410937443,-0.0844855905,-0.00739872083,0.0263090245,-0.0134125166,-2.29302113e-05,-5.3545391e-06,-5.29251474e-06,5.30674197e-06,0.000224919102,-7.85193697e-05
244,0.976000,-0.00466781948,-0.0417413674,-0.08667247,-0.00966151059,0.0304550659,-0.0146301351,-2.29042234e-05,-5.32730519e-06,-5.31168098e-06,5.29559838e-06,0.000224324554,-7.83098585e-05
245,0.980000,-0.00503553636,-0.0422370993,-0.0882089734,-0.010666972,0.0340107046,-0.0168316364,-2.28792032e-05,-5.31041587e-06,-5.31739443e-06,5.27637849e-06,0.000223668627,-7.80689297e-05
246,0.984000,-0.0101648411,-0.056728743,-0.103735089,0.028317403,-0.00674021244,-0.0113548823,-2.28727476e-05,-5.2512064e-06,-5.34658147e-06,5.2510909e-06,0.000223032548,-7.78403555e-05
247,0.988000,-0.00281642191,-0.0333042182,-0.0590213239,0.0211400092,-0.0013523614,0.00242730416,-2.28520003e-05,-5.21618313e-06,-5.38055156e-06,5.24128927e-06,0.000222492337,-7.76621455e-05
248,0.992000,-0.00278135506,-0.0280236825,-0.0487007573,0.0137482584,0.00186907127,0.000254228711,-2.28352128e-05,-5.18525758e-06,-5.39011353e-06,5.22363871e-06,0.000221872499,-7.74399086e-05
249,0.996000,-0.00326322298,-0.0264208615,-0.0461010821,0.0128133744,-6.0884282e-05,0.000289767981,-2.28066747e-05,-5.15135252e-06,-5.42569842e-06,5.2104624e-06,0.00022129016,-7.72361091e-05
250,1.000000,-0.00275850319,-0.0253209136,-0.04452594,0.0111796223,0.00346837752,-0.000709174201,-2.27935398e-05,-5.11611415e-06,-5.43747501e-06,5.18960996e-06,0.000220681046,-7.70175393e-05
251,1.004000,-0.00274771755,-0.0224465914,-0.0406297594,0.0133074448,0.00189276785,0.000778118148,-2.27536912e-05,-5.09484926e-06,-5.45563898e-06,5.17543822e-06,0.000220151182,-7.68472455e-05
252,1.008000,-0.00258410443,-0.0235041343,-0.0420656502,0.0145715382,0.00186533947,0.000769961625,-2.27417877e-05,-5.06025981e-06,-5.47427362e-06,5.16078489e-06,0.000219510883,-7.66129597e-05
253,1.012000,-0.00296526263,-0.0236432645,-0.0420080423,0.0150498617,-0.000928949565,0.00126644224,-2.27273376e-05,-5.0279823e-06,-5.48221897e-06,5.1397592e-06,0.000218848945,-7.63665812e-05
254,1.016000,-0.00252653076,-0.022451805,-0.0404153354,0.0133881122,0.00230036676,0.000454541296,-2.27110759e-05,-5.00067154e-06,-5.50386267e-06,5.12809811e-06,0.000218283967,-7.61746123e-05
255,1.020000,-0.00223652879,-0.0221656747,-0.0402154177,0.0142198168,0.00313436333,0.000658690929,-2.26835182e-05,-4.9696273e-06,-5.50448385e-06,5.10899918e-06,0.000217673427,-7.59547547e-05
256,1.024000,-0.00252799084,-0.0227187537,-0.0402821749,0.0154439881,0.000518167391,0.00168206356,-2.26628799e-05,-4.95564746e-06,-5.53936752e-06,5.08967878e-06,0.000217053414,-7.57294983e-05
257,1.028000,-0.00272728899,-0.0213822257,-0.0379956216,0.0136489719,-0.000397436321,0.00162686221,-2.26396023e-05,-4.92122854e-06,-5.5396099e-06,5.06928245e-06,0.000216399902,-7.5488555e-05
258,1.032000,-0.00190656481,-0.020334892,-0.0387324505,0.0139842443,0.00653431192,0.000144418329,-2.25911299e-05,-4.88616297e-06,-5.56528221e-06,5.05610205e-06,0.000215859865,-7.52989145e-05
259,1.036000,-0.00203060918,-0.0211680308,-0.0377632827,0.0138287377,0.00264970679,0.00120886043,-2.25794483e-05,-4.85329565e-06,-5.56078476e-06,5.04261607e-06,0.000215250446,-7.50813051e-05
260,1.040000,-0.00228724675,-0.019422913,-0.0353296734,0.0102014877,0.00378068443,-0.000179758295,-2.25457497e-05,-4.84001612e-06,-5.57992826e-06,5.02713237e-06,0.000214655971,-7.4870426e-05
261,1.044000,-0.00183410035,-0.0191165153,-0.0348309167,0.00952840596,0.00601191353,-0.000715911388,-2.24977975e-05,-4.81543839e-06,-5.60510125e-06,5.01006616e-06,0.000214119558,-7.4685966e-05
262,1.048000,-0.00227663922,-0.0194978025,-0.0350220166,0.011083981,0.00248644315,0.000388177112,-2.24912837e-05,-4.76703963e-06,-5.63140111e-06,4.9950595e-06,0.000213474006,-7.4445772e-05
263,1.052000,-0.00147202716,-0.0185627081,-0.0340390094,0.00884602591,0.0085963048,-0.00151119754,-2.24716641e-05,-4.73358568e-06,-5.65058963e-06,4.9793648e-06,0.000212897605,-7.42429038e-05
264,1.056000,-0.00182042632,-0.0172551703,-0.0318686739,0.00618991628,0.00694101397,-0.00182420202,-2.24294527e-05,-4.70945042e-06,-5.66543349e-06,4.96813891e-06,0.000212383355,-7.40752657e-05
265,1.060000,-0.00174146576,-0.0184641406,-0.0333528444,0.0101493206,0.00518016797,-0.000387307256,-2.24050673e-05,-4.6821815e-06,-5.68424957e-06,4.95108452e-06,0.000211787497,-7.38576491e-05
266,1.064000,-0.00182024494,-0.0174569879,-0.0319344103,0.00765578076,0.00640305504,-0.00160049275,-2.23835814e-05,-4.65146013e-06,-5.70288466e-06,4.93288871e-06,0.000211148188,-7.36183356e-05
267,1.068000,-0.00153242238,-0.0168078952,-0.0310365316,0.0063252002,0.0086165173,-0.00240598246,-2.23622119e-05,-4.6368209e-06,-5.73617808e-06,4.91369383e-06,0.000210571641,-7.34164278e-05
268,1.072000,-0.00223641004,-0.0168693401,-0.0306459349,0.00733003393,0.00318829995,-0.000984724611,-2.2335882e-05,-4.61074524e-06,-5.7436182e-06,4.90001639e-06,0.000209997525,-7.32134358e-05
269,1.076000,-0.00148018822,-0.016315002,-0.0300125629,0.00651614368,0.00774517097,-0.002071172,-2.22865892e-05,-4.58452951e-06,-5.75831655e-06,4.88664909e-06,0.000209427875,-7.30109023e-05
270,1.080000,-0.00184172462,-0.0148267746,-0.0280472413,0.00280160829,0.00863677822,-0.00376249105,-2.22633298e-05,-4.54139899e-06,-5.7427178e-06,4.87001034e-06,0.000208838464,-7.27991355e-05
271,1.084000,-0.000986667466,-0.0161923058,-0.0307951234,0.00740327686,0.0114846863,-0.00286099501,-2.22257695e-05,-4.51704682e-06,-5.75517652e-06,4.85149303e-06,0.000208303783,-7.26168728e-05
272,1.088000,-0.00104684639,-0.0145406835,-0.0281786155,0.00394619443,0.0127393398,-0.00441514328,-2.22021063e-05,-4.48322544e-06,-5.79180187e-06,4.83838357e-06,0.000207660109,-7.23730773e-05
273,1.092000,-0.00105404737,-0.0138085745,-0.0276291445,0.004016608,0.0130027374,-0.00452789199,-2.21588343e-05,-4.45954947e-06,-5.80662663e-06,4.82544328e-06,0.000207117584,-7.21848119e-05
274,1.096000,-0.00179350586,-0.013754243,-0.0255036466,0.00334656611,0.00713428482,-0.00331326202,-2.21378396e-05,-4.42794317e-06,-5.82804478e-06,4.80307108e-06,0.000206489494,-7.19461168e-05
275,1.100000,-0.00146495504,-0.0131231993,-0.0247453284,0.0016040951,0.0102813384,-0.00472898502,-2.20939419e-05,-4.40014537e-06,-5.8410651e-06,4.79126584e-06,0.000205908276,-7.17363582e-05
276,1.104000,-0.00141831767,-0.0121048465,-0.023208322,-0.000630751252,0.0110455714,-0.00562078692,-2.2061502e-05,-4.37533708e-06,-5.85276666e-06,4.77430694e-06,0.000205364384,-7.15460847e-05
277,1.108000,-0.000876698527,-0.0127558615,-0.023978645,0.00219196267,0.0122030359,-0.00494929682,-2.20296824e-05,-4.34884487e-06,-5.84850613e-06,4.76214882e-06,0.000204845739,-7.13698391e-05
278,1.112000,-0.000658466714,-0.0113076102,-0.0227635317,-0.00136442482,0.0170706846,-0.00774646737,-2.19983849e-05,-4.34096455e-06,-5.86446595e-06,4.74373155e-06,0.000204236596,-7.11437388e-05
279,1.116000,-0.0013617709,-0.0107788239,-0.0209064558,-0.00218944252,0.0117505006,-0.00665959343,-2.1946882e-05,-4.3021746e-06,-5.88962939e-06,4.73616274e-06,0.000203713542,-7.09608721e-05
280,1.120000,-0.00106129679,-0.0112724174,-0.0219666529,-0.000670220703,0.0133355707,-0.00741768442,-2.19285266e-05,-4.2882416e-06,-5.89808633e-06,4.72084093e-06,0.000203174932,-7.0775226e-05
281,1.124000,-0.0018676928,-0.0136458222,-0.0247997735,0.00499391183,0.00432797428,-0.00256506074,-2.18954738e-05,-4.2648303e-06,-5.91215212e-06,4.70262512e-06,0.000202569339,-7.05506172e-05
282,1.128000,0.000166077167,-0.0115118753,-0.023613859,0.0117400773,0.00831004884,0.00143485493,-2.18565874e-05,-4.22479161e-06,-5.92326342e-06,4.69273846e-06,0.000202046402,-7.03668484e-05
283,1.132000,-0.000837157015,-0.0117424708,-0.0200695582,0.00948556699,0.00213561393,2.18299683e-05,-2.18265195e-05,-4.21024697e-06,-5.94547146e-06,4.67897826e-06,0.000201501214,-7.01772151e-05
284,1.136000,-0.00104942382,-0.0107822679,-0.0184106696,0.00795697607,1.35079026e-05,0.00148825953,-2.17876568e-05,-4.18218087e-06,-5.95074152e-06,4.65706944e-06,0.000200920651,-6.99619268e-05
285,1.140000,-0.000972271082,-0.0112142665,-0.0197889563,0.0070736371,0.00299741374,-0.00112776458,-2.17560973e-05,-4.15657814e-06,-5.95880783e-06,4.64495679e-06,0.000200316717,-6.97399082e-05
286,1.144000,-0.00952985883,-0.0828274935,0.096793443,-0.339596868,0.0154512003,0.00199026987,-2.1714277e-05,-4.119408e-06,-5.97655389e-06,4.6312789e-06,0.00019980513,-6.95643248e-05
287,1.148000,-0.0114066955,-0.203228503,0.0598499104,-0.343691409,0.0170115493,0.00199083611,-2.16694862e-05,-4.11019528e-06,-5.99586292e-06,4.6142568e-06,0.000199225295,-6.93484835e-05
288,1.152000,-0.0133553045,-0.272378147,0.0569006354,-0.35114193,0.0227508247,0.00198974088,-2.16439894e-05,-4.06821891e-06,-5.97632743e-06,4.60660885e-06,0.000198660142,-6.91441455e-05
289,1.156000,-0.015762141,-0.317750275,0.0603972524,-0.354563534,0.0253135748,0.00198982656,-2.16114095e-05,-4.04446837e-06,-5.99768509e-06,4.58499972e-06,0.000198083348,-6.89334483e-05
290,1.160000,-0.0177082121,-0.346862644,0.0705121458,-0.3573865,0.0271303318,0.0019893311,-2.15682994e-05,-4.02015667e-06,-6.01427928e-06,4.57312899e-06,0.000197548477,-6.87420688e-05
291,1.164000,-0.0193540789,-0.36779204,0.0805160254,-0.359076709,0.0283822604,0.00198892504,-2.15209566e-05,-3.99684768e-06,-6.02112914e-06,4.55719646e-06,0.000197005706,-6.85469859e-05
292,1.168000,-0.0206907708,-0.383596599,0.0893256962,-0.360347211,0.0291441791,0.00198885053,-2.1490976e-05,-3.97406393e-06,-6.04145453e-06,4.5432198e-06,0.0001964892,-6.83680919e-05
293,1.172000,-0.0217544753,-0.39587751,0.0969325677,-0.361551017,0.0296918117,0.0019890517,-2.14599095e-05,-3.94383187e-06,-6.02991986e-06,4.53161283e-06,0.000195886532,-6.81391321e-05
294,1.176000,-0.0225986987,-0.405676454,0.1033471,-0.362813264,0.0301077925,0.00198944286,-2.14199517e-05,-3.92185211e-06,-6.06791673e-06,4.51929054e-06,0.000195402085,-6.79773875e-05
295,1.180000,-0.023278119,-0.413644612,0.108722925,-0.364173532,0.0304733589,0.00198983401,-2.13944313e-05,-3.89566685e-06,-6.07403854e-06,4.49864274e-06,0.000194813387,-6.77584685e-05
296,1.184000,-0.0238430817,-0.420226604,0.113233782,-0.365650803,0.0308485739,0.00199016556,-2.13405965e-05,-3.87162436e-06,-6.10219558e-06,4.4870867e-06,0.000194278458,-6.75646006e-05
297,1.188000,-0.0243341923,-0.425742984,0.117036901,-0.367244065,0.0311812572,0.00199047476,-2.13040366e-05,-3.84504801e-06,-6.10849247e-06,4.47142384e-06,0.000193748216,-6.73764516e-05
298,1.192000,-0.0247725733,-0.430437803,0.120236583,-0.368897557,0.0315652974,0.00199067593,-2.12758259e-05,-3.81977497e-06,-6.12405256e-06,4.45809656e-06,0.000193204454,-6.71792222e-05
299,1.196000,-0.0251817107,-0.434477031,0.122974917,-0.370652497,0.0319468044,0.00199085847,-2.12282212e-05,-3.80061965e-06,-6.12095391e-06,4.44655097e-06,0.000192736799,-6.70262089e-05
300,1.200000,-0.0255701449,-0.437997937,0.125320852,-0.37245068,0.0323566645,0.00199102238,-2.11862753e-05,-3.77830088e-06,-6.13748398e-06,4.43795261e-06,0.000192213338,-6.6840701e-05
301,1.204000,0.000728056766,-0.0466348268,1.21408951,-2.06489635,0.000734642148,0.0019976981,-2.11672832e-05,-3.76634307e-06,-6.13620477e-06,4.41664497e-06,0.000191618892,-6.66181586e-05
302,1.208000,0.00798689108,-0.0597663149,1.39703727,-2.17520714,-0.00231194589,-0.00204814225,-2.1118969e-05,-3.7474199e-06,-6.14815053e-06,4.40925851e-06,0.000191116385,-6.64426407e-05
303,1.212000,0.00638875784,-0.139655814,1.4408468,-2.18904948,-0.00261747185,-0.00206106901,-2.10763719e-05,-3.72601835e-06,-6.17805244e-06,4.39342512e-06,0.000190597799,-6.62608436e-05
304,1.216000,0.00626429403,-0.24136959,1.44446301,-2.18751264,-0.00237466116,-0.00206039846,-2.10387152e-05,-3.69407098e-06,-6.20057972e-06,4.37697099e-06,0.000190036895,-6.60486185e-05
305,1.220000,0.00632436201,-0.333312452,1.44075263,-2.1710763,-0.00238072127,-0.00173021108,-2.10064973e-05,-3.65554183e-06,-6.17355954e-06,4.36104528e-06,0.000189463055,-6.58341305e-05
306,1.224000,0.00634999573,-0.387021691,1.46426404,-2.17078447,-0.00242044404,-0.00176760927,-2.09490609e-05,-3.65234996e-06,-6.19708635e-06,4.35058246e-06,0.000188904261,-6.5621367e-05
307,1.228000,0.00640510488,-0.426382512,1.48505962,-2.16655469,-0.00472126249,0.0010926351,-2.09165519e-05,-3.6114634e-06,-6.20342962e-06,4.33403875e-06,0.000188350255,-6.541935e-05
308,1.232000,0.00649742968,-0.456037074,1.50275052,-2.16430402,-0.00548547227,0.0020278804,-2.0855563e-05,-3.59089381e-06,-6.20221772e-06,4.32151182e-06,0.000187887097,-6.52627423e-05
309,1.236000,0.00661020353,-0.478776276,1.51733553,-2.16348076,-0.0054747574,0.00202777237,-2.08049059e-05,-3.58648049e-06,-6.21714207e-06,4.30758519e-06,0.000187371988,-6.50755828e-05
310,1.240000,0.0067281737,-0.496471465,1.52902043,-2.16304827,-0.00547316857,0.00202750415,-2.0768246e-05,-3.55010661e-06,-6.22219613e-06,4.29824331e-06,0.0001868689,-6.49008725e-05
311,1.244000,0.00683256797,-0.510347724,1.53834391,-2.16302848,-0.00548938848,0.00202698633,-2.07396915e-05,-3.52560505e-06,-6.24922086e-06,4.2851907e-06,0.000186308011,-6.46907574e-05
312,1.248000,0.00692765974,-0.521295965,1.54574108,-2.16337824,-0.00551748276,0.00202628225,-2.06970926e-05,-3.49639322e-06,-6.24936911e-06,4.26987526e-06,0.000185758399,-6.44848624e-05
313,1.252000,0.0070096096,-0.529983401,1.55157113,-2.16401911,-0.00556051917,0.00202542543,-2.06552359e-05,-3.47762716e-06,-6.25617122e-06,4.25414328e-06,0.00018529917,-6.43296225e-05
314,1.256000,0.00707924366,-0.536913157,1.55613911,-2.16488981,-0.00561457686,0.00202432275,-2.06128516e-05,-3.47513424e-06,-6.2778463e-06,4.24207974e-06,0.000184789678,-6.41486113e-05
315,1.260000,0.00713883247,-0.542457938,1.55971265,-2.16595864,-0.00567894429,0.00202309713,-2.05633987e-05,-3.43795546e-06,-6.26108022e-06,4.23702886e-06,0.000184264572,-6.39544232e-05
316,1.264000,0.000643755775,-0.725042343,0.969789207,-1.16504955,0.000174099579,-0.0020420365,-2.05289252e-05,-3.42209796e-06,-6.26030214e-06,4.21708546e-06,0.00018375623,-6.37772464e-05
317,1.268000,0.00126059446,-0.634636164,0.992654562,-1.1487658,0.00132534513,-0.00201207399,-2.0472542e-05,-3.41299074e-06,-6.27633335e-06,4.20265997e-06,0.000183251701,-6.35949109e-05
318,1.272000,0.00193475594,-0.581804752,0.992005825,-1.14157534,0.000227234385,-0.000114496797,-2.04290645e-05,-3.37539336e-06,-6.2760837e-06,4.18916306e-06,0.00018273732,-6.34102616e-05
319,1.276000,0.00231896853,-0.546872497,0.986416161,-1.1383487,-0.00119024015,0.00201205723,-2.03923173e-05,-3.35548884e-06,-6.27745294e-06,4.17838874e-06,0.00018223493,-6.32343072e-05
320,1.280000,0.00251703942,-0.522451282,0.980407357,-1.13898969,-0.0010884013,0.00201164931,-2.03448017e-05,-3.3369331e-06,-6.28989937e-06,4.16785724e-06,0.000181716401,-6.30434224e-05
321,1.284000,0.00260376022,-0.505070031,0.97463882,-1.14049637,-0.00106824888,0.00201095641,-2.03188793e-05,-3.3141016e-06,-6.30361365e-06,4.1513963e-06,0.000181171141,-6.28408015e-05
322,1.288000,0.00262247631,-0.492512375,0.969488204,-1.14229369,-0.00109679229,0.00201016478,-2.02697665e-05,-3.29355225e-06,-6.31565854e-06,4.13717135e-06,0.000180638628,-6.26404435e-05
323,1.292000,0.00261274632,-0.483314216,0.965127587,-1.14423263,-0.00114092114,0.00200939178,-2.02377305e-05,-3.26559075e-06,-6.33029458e-06,4.12473355e-06,0.000180050134,-6.24137247e-05
324,1.296000,0.00258766068,-0.476531982,0.961517632,-1.14618349,-0.00119373226,0.00200871937,-2.01845687e-05,-3.24693906e-06,-6.33392483e-06,4.11304518e-06,0.000179620401,-6.2270854e-05
325,1.300000,0.00255035539,-0.471531332,0.958545923,-1.14803219,-0.00125350966,0.00200812146,-2.01417697e-05,-3.22643882e-06,-6.33230729e-06,4.09778704e-06,0.000179146737,-6.21056242e-05
326,1.304000,0.00251520402,-0.467838973,0.956151009,-1.14981318,-0.00130956946,0.00200758502,-2.01059684e-05,-3.20846129e-06,-6.32798628e-06,4.08737878e-06,0.000178639806,-6.19178027e-05
327,1.308000,0.00247911923,-0.465138614,0.954225481,-1.1514976,-0.00136484392,0.00200711191,-2.00719169e-05,-3.18644379e-06,-6.35379138e-06,4.07969765e-06,0.000178119066,-6.17265323e-05
328,1.312000,0.00244352268,-0.463177353,0.952708364,-1.15312099,-0.00141869497,0.00200663134,-2.00066261e-05,-3.16404908e-06,-6.3697421e-06,4.06385107e-06,0.000177675465,-6.15747049e-05
329,1.316000,0.00241072522,-0.461798847,0.951486409,-1.15463972,-0.00146739313,0.00200620666,-1.99883616e-05,-3.14353383e-06,-6.37405128e-06,4.05039145e-06,0.000177134789,-6.13753291e-05
330,1.320000,0.00237928377,-0.460851908,0.950538099,-1.1561228,-0.00151556882,0.00200576708,-1.99275546e-05,-3.12517159e-06,-6.39362224e-06,4.03767217e-06,0.000176676316,-6.12137883e-05
331,1.324000,-0.00237810821,-0.783761322,0.0529158823,0.00928799808,-0.00165626127,0.00165044889,-1.98864054e-05,-3.10252335e-06,-6.39193786e-06,4.02720616e-06,0.000176192858,-6.10412753e-05
332,1.328000,-0.00160266343,-0.644671798,0.0531915687,0.0299933553,-0.00104408059,0.00200589933,-1.98414637e-05,-3.08135805e-06,-6.40964208e-06,4.01376701e-06,0.000175707639,-6.0868435e-05
333,1.332000,-0.0011053381,-0.503591657,0.0576065294,0.042567119,-0.000676184893,0.00200876221,-1.98095477e-05,-3.06462744e-06,-6.40483358e-06,4.00313365e-06,0.000175229943,-6.0700062e-05
334,1.336000,-0.000916710065,-0.360038728,0.0671452582,0.0453952476,-0.000620512292,0.00200907886,-1.97439167e-05,-3.04829405e-06,-6.40825328e-06,3.99270994e-06,0.000174800123,-6.05559653e-05
335,1.340000,-0.000720405194,-0.211559281,0.086191982,0.0412263051,-0.00100074708,0.00200698152,-1.97047484e-05,-3.02632134e-06,-6.41278484e-06,3.98117209e-06,0.000174243862,-6.03419066e-05
336,1.344000,-0.000504192431,-0.104547553,0.0830867738,0.0306255221,-0.00100149959,0.00200575963,-1.96552464e-05,-3.02076751e-06,-6.40953294e-06,3.96596624e-06,0.000173745851,-6.01594184e-05
337,1.348000,-0.000340088038,-0.0353083089,0.0610979125,0.0298535377,-0.000898644328,0.00200508535,-1.96149849e-05,-2.98631448e-06,-6.42608165e-06,3.95676307e-06,0.000173248292,-5.9981372e-05
338,1.352000,-0.000534501043,0.0199189018,0.0537733212,0.0104539171,-0.00126815028,0.00200330466,-1.95816428e-05,-2.96591634e-06,-6.43089652e-06,3.94131666e-06,0.000172742584,-5.97951439e-05
339,1.356000,-0.00041327902,0.0469581708,0.0399505943,0.000502862036,-0.000930940732,0.00200453401,-1.9545796e-05,-2.94476285e-06,-6.4378537e-06,3.92691072e-06,0.000172236498,-5.96091049e-05
340,1.360000,-0.000391097361,0.0633398741,0.0286701117,0.000464387238,-0.00093350932,0.00200508535,-1.94894128e-05,-2.92270829e-06,-6.44522561e-06,3.91275671e-06,0.000171720283,-5.94153535e-05
341,1.364000,-0.000436860253,0.0772310495,0.023195548,0.000590898097,-0.000925877132,0.00200592354,-1.94426284e-05,-2.90247885e-06,-6.45563796e-06,3.90159084e-06,0.000171219843,-5.92289507e-05
342,1.368000,-0.000495169894,0.0880436897,0.0200242326,0.00078907609,-0.000955594704,0.00200659782,-1.94003787e-05,-2.88038291e-06,-6.44946249e-06,3.88676017e-06,0.000170699874,-5.90331692e-05
343,1.372000,-0.000532105681,0.0960936323,0.0179521292,0.000914789736,-0.00097295735,0.00200726092,-1.93392734e-05,-2.88065348e-06,-6.47551769e-06,3.88009039e-06,0.000170281681,-5.8890575e-05
344,1.376000,-0.000551233126,0.101943448,0.0165060051,0.000983923674,-0.000981704332,0.00200789608,-1.93053929e-05,-2.84623593e-06,-6.47809929e-06,3.87088812e-06,0.000169810621,-5.87213435e-05
345,1.380000,-0.000564249,0.106101006,0.015447285,0.00103466213,-0.000988610089,0.00200850703,-1.92565785e-05,-2.84124553e-06,-6.49452932e-06,3.85693284e-06,0.000169344159,-5.85504058e-05
346,1.384000,-0.115774401,0.0849393085,-0.0133998841,0.0229823738,-0.0184538625,-1.65354192,-1.92238294e-05,-2.80599443e-06,-6.4765054e-06,3.84043142e-06,0.000168828003,-5.83607034e-05
347,1.388000,-0.182269201,0.0843241662,0.00519642234,0.0248745009,-0.0187376793,-1.65523243,-1.91698509e-05,-2.80638164e-06,-6.49733829e-06,3.82898133e-06,0.00016841157,-5.82175235e-05
348,1.392000,-0.24926798,0.0777784958,0.0110168085,0.0262092873,-0.0190095715,-1.65445256,-1.91251129e-05,-2.78773086e-06,-6.49179765e-06,3.82153303e-06,0.000167941049,-5.80466331e-05
349,1.396000,-0.316175014,0.0717095733,0.01449956,0.0269677266,-0.0192816146,-1.65374458,-1.90873579e-05,-2.76970331e-06,-6.51944265e-06,3.81290101e-06,0.000167487291,-5.78894542e-05
350,1.400000,-0.382971406,0.0666719228,0.0170433149,0.0272297338,-0.0195513442,-1.65299881,-1.90342362e-05,-2.74755143e-06,-6.52382641e-06,3.79840071e-06,0.000167027276,-5.77245482e-05
351,1.404000,-0.449655265,0.0626012161,0.0187747963,0.0274896175,-0.0198199861,-1.65230906,-1.89938582e-05,-2.73366118e-06,-6.52885046e-06,3.79048834e-06,0.000166552549,-5.7551104e-05
352,1.408000,-0.516322911,0.0594276041,0.0198773779,0.0274548978,-0.020087596,-1.65178418,-1.89592447e-05,-2.71396129e-06,-6.52143535e-06,3.77209176e-06,0.000166088052,-5.73855177e-05
353,1.412000,-0.582957089,0.0569164082,0.0202796496,0.0274350047,-0.0203544162,-1.65109551,-1.8900093e-05,-2.69728253e-06,-6.52877861e-06,3.76704861e-06,0.000165622492,-5.72174613e-05
354,1.416000,-0.649592102,0.0547630265,0.0197875351,0.0273430198,-0.0206199214,-1.65029728,-1.88719787e-05,-2.66584175e-06,-6.51336768e-06,3.75367449e-06,0.000165159407,-5.70531629e-05
355,1.420000,-0.716291547,0.0528224334,0.0186362863,0.0266726241,-0.0208841488,-1.6493963,-1.88294798e-05,-2.65901826e-06,-6.53580901e-06,3.73972853e-06,0.000164639467,-5.68547512e-05
356,1.424000,-0.783271194,0.0517191887,0.0185334533,0.0220865682,-0.02114724,-1.64742732,-1.87727001e-05,-2.64284245e-06,-6.54657697e-06,3.7288678e-06,0.000164227633,-5.67157258e-05
357,1.428000,-0.842633247,0.049553521,0.0165747032,0.0181927308,-0.0214303695,-1.65264082,-1.87474252e-05,-2.62169397e-06,-6.55328495e-06,3.71778901e-06,0.00016373086,-5.65311166e-05
358,1.432000,-0.876959682,0.0500954837,0.0189800411,0.0204174817,-0.0216719154,-1.65192544,-1.86814414e-05,-2.60284264e-06,-6.5490226e-06,3.70376847e-06,0.000163240256,-5.63449576e-05
359,1.436000,-0.89765811,0.0494893342,0.0195753761,0.0212831199,-0.021915473,-1.65273523,-1.86376801e-05,-2.5700333e-06,-6.55402937e-06,3.69430563e-06,0.000162785698,-5.61817105e-05
360,1.440000,-0.910072505,0.0485145077,0.0188006014,0.0217856169,-0.0221479982,-1.65306318,-1.86024899e-05,-2.56559588e-06,-6.5697086e-06,3.68752876e-06,0.000162257405,-5.59760265e-05
361,1.444000,-1.05424762,0.00175309926,-0.120741427,0.0258492529,-0.0224127434,-4.20689583,-1.85581557e-05,-2.54655265e-06,-6.56208476e-06,3.66804852e-06,0.000161791366,-5.58077481e-05
362,1.448000,-1.11770594,0.023693487,-0.127640441,0.0220896006,-0.0230002962,-4.21161032,-1.85072749e-05,-2.53406006e-06,-6.56612747e-06,3.65810774e-06,0.000161408359,-5.56806044e-05
363,1.452000,-1.18261218,0.0367787331,-0.139281377,0.0191487819,-0.0235594548,-4.21151352,-1.84721775e-05,-2.51546771e-06,-6.57645705e-06,3.6480983e-06,0.000160962998,-5.55195074e-05
364,1.456000,-1.24796629,0.0469733737,-0.148691282,0.0169280171,-0.0241097547,-4.21098566,-1.84200253e-05,-2.49509617e-06,-6.57351529e-06,3.63855088e-06,0.000160507727,-5.53529862e-05
365,1.460000,-1.31354582,0.052854687,-0.15978837,0.0198981613,-0.0246525407,-4.20972729,-1.83829125e-05,-2.48027618e-06,-6.59062971e-06,3.62381979e-06,0.000160022682,-5.51730773e-05
366,1.464000,-1.37911522,0.0528003275,-0.175596744,0.0308385044,-0.0251852013,-4.20760918,-1.83251941e-05,-2.46582727e-06,-6.58747513e-06,3.61525781e-06,0.00015962543,-5.5036493e-05
367,1.468000,-1.44482064,0.052731812,-0.186467171,0.0373197198,-0.025710132,-4.20605946,-1.82952062e-05,-2.450289e-06,-6.59817488e-06,3.60513081e-06,0.000159184128,-5.48800817e-05
368,1.472000,-1.51061094,0.0526644178,-0.193726003,0.0408601463,-0.0262290016,-4.20460033,-1.82351141e-05,-2.43078603e-06,-6.59861689e-06,3.59422893e-06,0.000158736482,-5.47169984e-05
369,1.476000,-1.57653201,0.0526004024,-0.198566154,0.0422784984,-0.0267391056,-4.20273304,-1.82017338e-05,-2.3972118e-06,-6.59394345e-06,3.5845726e-06,0.000158295748,-5.45575858e-05
370,1.480000,-1.64251959,0.0525368266,-0.201674163,0.042489782,-0.0272427835,-4.20122337,-1.81741379e-05,-2.39344945e-06,-6.60331261e-06,3.56899818e-06,0.000157845818,-5.43968745e-05
371,1.484000,-1.70865154,0.0524890497,-0.203443944,0.0411182642,-0.0277410708,-4.19959593,-1.80912557e-05,-2.38451275e-06,-6.58885119e-06,3.56497344e-06,0.00015746498,-5.42678317e-05
372,1.488000,-1.77492297,0.0524518639,-0.204301775,0.0384683758,-0.0282307416,-4.19749928,-1.80769675e-05,-2.36563415e-06,-6.61109516e-06,3.55011025e-06,0.000156964205,-5.4081589e-05
373,1.492000,-1.84165251,0.0524367392,-0.204220146,0.0328378677,-0.0287149064,-4.19551516,-1.80212719e-05,-2.33086826e-06,-6.60763772e-06,3.54055692e-06,0.000156517926,-5.39163302e-05
374,1.496000,-1.90981174,0.0529708005,-0.201531351,0.0167593956,-0.029221613,-4.20546627,-1.7966513e-05,-2.33859737e-06,-6.59723673e-06,3.53017958e-06,0.000156138616,-5.37923588e-05
375,1.500000,-1.94610155,0.0526306741,-0.20190075,0.0239441842,-0.0296764784,-4.20171261,-1.79373601e-05,-2.32009006e-06,-6.60219985e-06,3.51769813e-06,0.000155650981,-5.36082807e-05
376,1.504000,-1.6811893,0.104250833,-0.0467811301,0.0110426471,0.00324186683,-0.00222628564,-1.78927294e-05,-2.29884677e-06,-6.60711248e-06,3.5120047e-06,0.000155188565,-5.34372666e-05
377,1.508000,-1.57907224,0.0800222754,-0.0382871889,0.0101752356,0.00331826508,-0.00220801309,-1.78435093e-05,-2.2842155e-06,-6.61343984e-06,3.49915058e-06,0.000154775684,-5.32917984e-05
378,1.512000,-1.47614968,0.0628539845,-0.0288809296,0.00962924026,0.00331276283,-0.00219756365,-1.78116679e-05,-2.26305724e-06,-6.62496814e-06,3.48496383e-06,0.000154250636,-5.30834222e-05
379,1.516000,-1.37298393,0.0495775118,-0.0211658031,0.00917520747,0.00330432504,-0.00218871608,-1.77526053e-05,-2.2443553e-06,-6.64359413e-06,3.46839875e-06,0.000153816261,-5.29286772e-05
380,1.520000,-1.26977098,0.0383118168,-0.0168885421,0.00874266401,0.00331067294,-0.00218176842,-1.77254278e-05,-2.22705603e-06,-6.62630509e-06,3.46259435e-06,0.000153356523,-5.27594748e-05
381,1.524000,-1.16649604,0.0291414484,-0.0146862185,0.0083467029,0.0033104755,-0.00217580423,-1.76565845e-05,-2.21683013e-06,-6.64745312e-06,3.44923933e-06,0.000152945446,-5.26099138e-05
382,1.528000,-1.06311607,0.0224503856,-0.0129227573,0.00787302293,0.00337539986,-0.00217032805,-1.76164849e-05,-2.1967428e-06,-6.6333987e-06,3.44361774e-06,0.00015251404,-5.24542411e-05
383,1.532000,-0.959654033,0.0187184475,-0.0111609735,0.00737330131,0.00348386727,-0.00216526724,-1.75723162e-05,-2.18685568e-06,-6.635114e-06,3.4264342e-06,0.000152098743,-5.23057279e-05
384,1.536000,-0.856222451,0.0162900202,-0.0104569606,0.00708899973,0.00347407721,-0.00216112658,-1.75389196e-05,-2.16803255e-06,-6.62997309e-06,3.42075782e-06,0.000151689339,-5.21601032e-05
385,1.540000,-0.75277853,0.0148754008,-0.0100870654,0.00687930966,0.0034277048,-0.00215716101,-1.74884844e-05,-2.15700652e-06,-6.64739673e-06,3.41287705e-06,0.000151321728,-5.2037205e-05
386,1.544000,-0.649253488,0.014119532,-0.00964986626,0.00667561218,0.0033660084,-0.00215375703,-1.74598681e-05,-2.13632234e-06,-6.65995231e-06,3.40363158e-06,0.000150863008,-5.18673696e-05
387,1.548000,-0.545685768,0.0135985417,-0.00932565425,0.00653154124,0.00331793912,-0.00215041358,-1.74116503e-05,-2.12157443e-06,-6.65773223e-06,3.39457188e-06,0.000150441192,-5.17144654e-05
388,1.552000,-0.442099839,0.013219526,-0.00905781612,0.00638495246,0.0032378789,-0.00214731973,-1.73690169e-05,-2.10452072e-06,-6.66450478e-06,3.37331562e-06,0.000150018808,-5.15650936e-05
389,1.556000,-0.338377982,0.0130864345,-0.00846577529,0.00634371443,0.00312263705,-0.00214451645,-1.73144781e-05,-2.08897677e-06,-6.66129972e-06,3.37332312e-06,0.000149599946,-5.14123312e-05
390,1.560000,-0.234493047,0.0131580699,-0.00753455376,0.00641895318,0.00295712985,-0.00214223098,-1.72773016e-05,-2.07821085e-06,-6.66920141e-06,3.36680068e-06,0.000149237938,-5.12941115e-05
391,1.564000,-0.468240201,-0.29453364,-0.61261338,0.135462105,-0.0282141417,-4.31044102,-1.72417349e-05,-2.06032291e-06,-6.68303892e-06,3.35302661e-06,0.000148768639,-5.11162216e-05
392,1.568000,-0.639342606,-0.351295829,-0.820460916,0.167815968,-0.0287333205,-7.73296118,-1.71832089e-05,-2.04701701e-06,-6.66983124e-06,3.3430083e-06,0.000148408464,-5.09965539e-05
393,1.572000,-0.693851113,-0.322720349,-0.862839818,0.153126493,-0.0298238285,-7.72195148,-1.71429092e-05,-2.03218428e-06,-6.68615075e-06,3.33137314e-06,0.000147994608,-5.08487537e-05
394,1.576000,-0.753941894,-0.297072798,-0.895448148,0.143395051,-0.0305454098,-7.70624781,-1.71016618e-05,-2.01199009e-06,-6.68804341e-06,3.31910655e-06,0.000147531973,-5.06757497e-05
395,1.580000,-0.816747367,-0.273972541,-0.918575346,0.137147844,-0.0312240925,-7.68954849,-1.70633975e-05,-1.99452506e-06,-6.68192069e-06,3.30979083e-06,0.000147099068,-5.05140124e-05
396,1.584000,-0.881009936,-0.254009813,-0.934592307,0.132596195,-0.0318489783,-7.67130995,-1.70360381e-05,-1.98207044e-06,-6.66219239e-06,3.29319641e-06,0.000146689796,-5.03719566e-05
397,1.588000,-0.946259737,-0.237659305,-0.946101546,0.129183382,-0.0324271172,-7.65397167,-1.69845553e-05,-1.9540123e-06,-6.66760116e-06,3.29349041e-06,0.000146266873,-5.02161201e-05
398,1.592000,-1.01189017,-0.224536136,-0.954286098,0.126767293,-0.0329536051,-7.63510895,-1.69523773e-05,-1.95416055e-06,-6.67160975e-06,3.27888074e-06,0.000145849379,-5.00630595e-05
399,1.596000,-1.07816243,-0.21429503,-0.960143328,0.124221906,-0.0334245563,-7.61823654,-1.69158866e-05,-1.93613641e-06,-6.68172379e-06,3.26663644e-06,0.000145378552,-4.98816989e-05
400,1.600000,-1.1445893,-0.206404686,-0.964272738,0.122176245,-0.0338397361,-7.6001792,-1.6869164e-05,-1.90396145e-06,-6.67648965e-06,3.25690803e-06,0.000144941776,-4.97199508e-05
401,1.604000,-1.21137238,-0.200711399,-0.967612743,0.120704055,-0.0342023298,-7.58314466,-1.6812015e-05,-1.90414312e-06,-6.67309041e-06,3.24337657e-06,0.000144498437,-4.95502936e-05
402,1.608000,-1.27812421,-0.196140096,-0.969199777,0.118639529,-0.0345050432,-7.56562233,-1.67496073e-05,-1.89276466e-06,-6.68435723e-06,3.23792938e-06,0.000144159072,-4.94377382e-05
403,1.612000,-1.34526742,-0.193209738,-0.970802307,0.117206216,-0.0347547121,-7.54921722,-1.671473e-05,-1.87451656e-06,-6.69799783e-06,3.22558913e-06,0.000143718789,-4.92750005e-05
404,1.616000,-1.41250706,-0.191018313,-0.971442223,0.115371153,-0.034945555,-7.53243732,-1.66790032e-05,-1.8583969e-06,-6.68087705e-06,3.2139219e-06,0.000143324025,-4.91331957e-05
405,1.620000,-1.47991955,-0.189661831,-0.97181952,0.113734916,-0.0350835025,-7.51653481,-1.66275659e-05,-1.83145062e-06,-6.69734391e-06,3.20993649e-06,0.000142921694,-4.89868435e-05
406,1.624000,-1.55530226,-0.262747526,-1.04092562,0.22006017,-0.0351509638,-7.7664156,-1.65837446e-05,-1.83051725e-06,-6.69469455e-06,3.19820606e-06,0.000142513964,-4.8837388e-05
407,1.628000,-1.6224283,-0.285190552,-1.03111839,0.219073609,-0.0350828394,-7.75186253,-1.65434158e-05,-1.81918654e-06,-6.70526788e-06,3.18894854e-06,0.000142124481,-4.86993194e-05
408,1.632000,-1.6902231,-0.302011967,-1.02242184,0.217480004,-0.0316037871,-7.7391367,-1.65018337e-05,-1.78958931e-06,-6.70688769e-06,3.17650415e-06,0.000141752826,-4.85734927e-05
409,1.636000,-1.75854635,-0.314998239,-1.01542854,0.216244459,-0.0314700156,-7.72444105,-1.64744852e-05,-1.77536208e-06,-6.68795019e-06,3.16654905e-06,0.00014131215,-4.84084885e-05
410,1.640000,-1.82696867,-0.325029194,-1.00956059,0.214639798,-0.0312893093,-7.7094717,-1.64164412e-05,-1.76378171e-06,-6.69849305e-06,3.15999614e-06,0.00014097133,-4.82952491e-05
411,1.644000,-1.89577365,-0.332971334,-1.00491297,0.212959871,-0.0310694911,-7.69521475,-1.63758614e-05,-1.74742627e-06,-6.71273483e-06,3.14393742e-06,0.000140577555,-4.8154714e-05
412,1.648000,-1.96457279,-0.339201987,-1.0010097,0.210973307,-0.0308030117,-7.68072653,-1.63365512e-05,-1.74597858e-06,-6.72312672e-06,3.14211479e-06,0.000140184522,-4.80139352e-05
413,1.652000,-2.0337584,-0.344208837,-0.997893631,0.208935574,-0.030496873,-7.66693497,-1.63046025e-05,-1.73234935e-06,-6.71537782e-06,3.12666316e-06,0.000139793265,-4.7874455e-05
414,1.656000,-2.10307217,-0.348188907,-0.995216966,0.206616297,-0.0301453434,-7.65287447,-1.62641736e-05,-1.71864622e-06,-6.7214396e-06,3.12357997e-06,0.000139381576,-4.77194262e-05
415,1.660000,-2.1725769,-0.351427376,-0.993014574,0.204287276,-0.0297564641,-7.63955832,-1.62026281e-05,-1.70819567e-06,-6.72094484e-06,3.11251301e-06,0.000139060896,-4.76192981e-05
416,1.664000,-2.24227571,-0.354048014,-0.991077781,0.201730981,-0.0293232854,-7.6259861,-1.61644348e-05,-1.69142186e-06,-6.71276484e-06,3.10369023e-06,0.000138620133,-4.74529406e-05
417,1.668000,-2.31219196,-0.356207579,-0.98941648,0.199150503,-0.0288552754,-7.61309433,-1.61281569e-05,-1.68121937e-06,-6.69617793e-06,3.0971637e-06,0.000138250733,-4.73230575e-05
418,1.672000,-2.38232017,-0.35798645,-0.987898707,0.196378127,-0.0283460952,-7.59997368,-1.60848722e-05,-1.65252004e-06,-6.69770361e-06,3.08736958e-06,0.000137820432,-4.71619787e-05
419,1.676000,-2.45267391,-0.359468341,-0.986536384,0.193563446,-0.0278048702,-7.58745718,-1.60426243e-05,-1.6414665e-06,-6.6925204e-06,3.07760456e-06,0.000137425624,-4.701953e-05
420,1.680000,-2.52325201,-0.360718012,-0.985256374,0.190600008,-0.0272259004,-7.57474184,-1.59973388e-05,-1.64412609e-06,-6.69923747e-06,3.06473157e-06,0.000137042472,-4.68807666e-05
421,1.684000,-2.54284883,-0.45858565,-1.01909733,0.361920774,-0.0267010182,-5.5451951,-1.59601568e-05,-1.62722017e-06,-6.72721762e-06,3.05941285e-06,0.000136629213,-4.67272439e-05
422,1.688000,-2.61949992,-0.488513261,-0.940430284,0.38033545,-0.028697934,-5.52747297,-1.59143383e-05,-1.59182741e-06,-6.72149599e-06,3.04221112e-06,0.000136232557,-4.65830672e-05
423,1.692000,-2.69255185,-0.526650548,-0.89759922,0.386817902,-0.0281119496,-5.51436615,-1.58805396e-05,-1.58697685e-06,-6.71976886e-06,3.03043657e-06,0.000135757859,-4.63932811e-05
424,1.696000,-2.76654696,-0.559679389,-0.869413435,0.389980555,-0.0291773118,-5.5017128,-1.58288422e-05,-1.59399428e-06,-6.73047225e-06,3.02259377e-06,0.000135396884,-4.62657117e-05
425,1.700000,-2.81264019,-0.586770058,-0.851404548,0.391484678,-0.0310374461,-5.49693966,-1.57883951e-05,-1.56542524e-06,-6.73174327e-06,3.01307728e-06,0.000135047769,-4.61491654e-05
426,1.704000,-2.82974267,-0.608038187,-0.8392151,0.392139375,-0.0235800855,-5.49222946,-1.57490031e-05,-1.55347811e-06,-6.7477913e-06,3.00816396e-06,0.00013466306,-4.60082993e-05
427,1.708000,-2.83428741,-0.623584926,-0.829482436,0.393224716,-0.0201915018,-5.48721695,-1.57299601e-05,-1.53368569e-06,-6.73976274e-06,3.00016336e-06,0.000134298476,-4.58805189e-05
428,1.712000,-2.83162379,-0.634895027,-0.821278989,0.393420398,-0.0195658524,-5.47957659,-1.56692167e-05,-1.5114756e-06,-6.72152964e-06,2.99055273e-06,0.000133914553,-4.57360693e-05
429,1.716000,-2.82497931,-0.643184543,-0.814373076,0.393831402,-0.0189336538,-5.4727025,-1.56346778e-05,-1.51594713e-06,-6.72619217e-06,2.97866131e-06,0.000133526541,-4.55958543e-05
430,1.720000,-2.8154285,-0.649575889,-0.808975637,0.393829256,-0.0183042344,-5.46410942,-1.55935068e-05,-1.49995594e-06,-6.72845817e-06,2.968432e-06,0.000133173555,-4.54750916e-05
431,1.724000,-2.80394363,-0.654616475,-0.804911613,0.393593371,-0.0176690929,-5.45524406,-1.55478228e-05,-1.48941695e-06,-6.74612556e-06,2.96539906e-06,0.000132833549,-4.53611974e-05
432,1.728000,-2.79129004,-0.658536315,-0.801826477,0.393251657,-0.0170323532,-5.4466815,-1.55017642e-05,-1.47755418e-06,-6.74225521e-06,2.95738482e-06,0.000132510759,-4.52521126e-05
433,1.732000,-2.77806377,-0.661531031,-0.799358904,0.392744631,-0.016396163,-5.43810701,-1.54715963e-05,-1.47850278e-06,-6.74375678e-06,2.95140467e-06,0.000132091649,-4.50958432e-05
434,1.736000,-2.76454973,-0.663874269,-0.797447145,0.392194927,-0.0157567747,-5.42941332,-1.5430538e-05,-1.46958746e-06,-6.7658566e-06,2.94229858e-06,0.000131724359,-4.49649415e-05
435,1.740000,-2.75095987,-0.665672779,-0.795903504,0.391570777,-0.0151168816,-5.42096949,-1.53701294e-05,-1.45502963e-06,-6.75532237e-06,2.93515905e-06,0.000131403009,-4.48572246e-05
436,1.744000,-2.56902575,-0.490629435,-0.541683137,0.206461385,-0.0179872438,-2.57980466,-1.53421843e-05,-1.44004071e-06,-6.7523797e-06,2.92241953e-06,0.000131035486,-4.47277198e-05
437,1.748000,-2.44760013,-0.446144342,-0.451452494,0.240723073,-0.0146861561,-2.57073784,-1.53146375e-05,-1.42706517e-06,-6.74927469e-06,2.90931348e-06,0.000130599423,-4.45579208e-05
438,1.752000,-2.32362843,-0.442814946,-0.416285127,0.254426241,-0.0137507468,-2.5672245,-1.52841458e-05,-1.41180385e-06,-6.76461786e-06,2.89891727e-06,0.000130258559,-4.44446196e-05
439,1.756000,-2.20080328,-0.449156404,-0.398516178,0.261100441,-0.0133935921,-2.56330848,-1.52292032e-05,-1.39779854e-06,-6.77461594e-06,2.89613354e-06,0.000129939726,-4.43373829e-05
440,1.760000,-2.07886577,-0.457214534,-0.388218105,0.264799714,-0.0130617321,-2.55876637,-1.51703352e-05,-1.38565724e-06,-6.77979824e-06,2.88754472e-06,0.000129567503,-4.42018754e-05
441,1.764000,-1.95734429,-0.464790374,-0.381968319,0.266975701,-0.0127484426,-2.5538764,-1.5142753e-05,-1.37400252e-06,-6.75635283e-06,2.87896046e-06,0.000129182255,-4.40605581e-05
442,1.768000,-1.83561099,-0.471808642,-0.378977597,0.268057406,-0.0124481469,-2.5492413,-1.51215982e-05,-1.36158451e-06,-6.75762521e-06,2.86866361e-06,0.000128731772,-4.38833886e-05
443,1.772000,-1.71200931,-0.47965166,-0.380227029,0.264377832,-0.0121480282,-2.54135633,-1.5062149e-05,-1.35045002e-06,-6.76940135e-06,2.8632162e-06,0.000128415864,-4.37778726e-05
444,1.776000,-1.64278841,-0.481325865,-0.372625411,0.265551031,-0.0118778907,-2.53072691,-1.50257765e-05,-1.3361298e-06,-6.74769899e-06,2.84832549e-06,0.000127974025,-4.36043956e-05
445,1.780000,-1.59970188,-0.484288931,-0.36866343,0.263389587,-0.018089354,-2.51774693,-1.49826328e-05,-1.32698437e-06,-6.73981913e-06,2.8403183e-06,0.000127636173,-4.34859394e-05
446,1.784000,-1.57029355,-0.487586975,-0.36753881,0.260019928,-0.0250456892,-2.50560856,-1.49456819e-05,-1.31736374e-06,-6.726229e-06,2.82962992e-06,0.000127235864,-4.33324458e-05
447,1.788000,-1.54859948,-0.490406394,-0.367754072,0.25713101,-0.0295342132,-2.49541497,-1.49012394e-05,-1.27317185e-06,-6.7196861e-06,2.81880284e-06,0.000126862418,-4.31967892e-05
448,1.792000,-1.53169024,-0.492370784,-0.368296981,0.254234195,-0.033877179,-2.48598456,-1.48884437e-05,-1.29128739e-06,-6.74787088e-06,2.80891845e-06,0.000126491519,-4.3063872e-05
449,1.796000,-1.5173496,-0.493945986,-0.369599521,0.251902521,-0.0373101011,-2.47793651,-1.48334802e-05,-1.27487351e-06,-6.75304318e-06,2.80081804e-06,0.00012614431,-4.29372085e-05
450,1.800000,-1.5054481,-0.494496405,-0.369852245,0.25046587,-0.0390916988,-2.47109127,-1.47960736e-05,-1.26164332e-06,-6.74156763e-06,2.79597816e-06,0.000125798426,-4.28132043e-05
451,1.804000,-1.34041524,-0.190814242,-0.0585986897,-0.0232240334,-0.00979557913,-0.291179657,-1.47477658e-05,-1.25397219e-06,-6.75108322e-06,2.79267806e-06,0.000125438979,-4.26806037e-05
452,1.808000,-1.21425331,-0.0952167064,-7.77244568e-05,-0.0231426433,-0.00983813591,-0.27399835,-1.47130195e-05,-1.24149665e-06,-6.74282683e-06,2.77555569e-06,0.000125104445,-4.25669277e-05
453,1.812000,-1.08812368,-0.05381478,0.0114512984,-0.0233509168,-0.00981393643,-0.267570078,-1.46738148e-05,-1.23005725e-06,-6.7633473e-06,2.7681217e-06,0.000124741797,-4.2433825e-05
454,1.816000,-0.964031398,-0.0303993989,0.0150395222,-0.0235130563,-0.00979933795,-0.263599455,-1.46117081e-05,-1.21182188e-06,-6.75488627e-06,2.76103333e-06,0.00012439031,-4.23055535e-05
455,1.820000,-0.841004729,-0.0164171178,0.0160500817,-0.0235798657,-0.0097960243,-0.259965986,-1.45789109e-05,-1.20450159e-06,-6.75194633e-06,2.75551292e-06,0.00012408504,-4.22083358e-05
456,1.824000,-0.718414426,-0.00811282173,0.01579584,-0.0236236416,-0.00979868881,-0.256717324,-1.45503154e-05,-1.19248875e-06,-6.76918353e-06,2.75234675e-06,0.000123768201,-4.21004152e-05
457,1.828000,-0.595673501,-0.00416299514,0.0140233487,-0.0238049403,-0.00980234519,-0.254682213,-1.45169379e-05,-1.16374099e-06,-6.74294688e-06,2.7361275e-06,0.000123374484,-4.19518401e-05
458,1.832000,-0.475965828,-0.00501622632,0.00827904791,-0.0262980126,-0.0097883027,-0.249882415,-1.44897049e-05,-1.16931028e-06,-6.75879937e-06,2.72540342e-06,0.000123029327,-4.18306263e-05
459,1.836000,-0.411094129,-0.00254864246,0.0113264248,-0.0233739987,-0.00981162768,-0.241553918,-1.44564729e-05,-1.12055113e-06,-6.75964975e-06,2.72190118e-06,0.00012264117,-4.16853909e-05
460,1.840000,-0.371836901,-0.00353119709,0.010405777,-0.0220007487,-0.00981697813,-0.233177245,-1.44015212e-05,-1.14287877e-06,-6.76841455e-06,2.71046679e-06,0.000122349418,-4.1589341e-05
461,1.844000,-0.346232086,-0.00559007376,0.00731376931,-0.0208931789,-0.00981026702,-0.225854963,-1.43634197e-05,-1.13044644e-06,-6.76216314e-06,2.70887017e-06,0.000121995901,-4.14608658e-05
462,1.848000,-0.328570932,-0.00674243085,0.00491680391,-0.0204304866,-0.00979065429,-0.221268266,-1.43307116e-05,-1.11617146e-06,-6.78334936e-06,2.69630823e-06,0.000121662379,-4.13447997e-05
463,1.852000,-0.316037327,-0.00727420673,0.00337728113,-0.020089224,-0.00976699591,-0.216704071,-1.42849913e-05,-1.10334486e-06,-6.78542847e-06,2.69647558e-06,0.000121337958,-4.12346089e-05
464,1.856000,-0.306487888,-0.00761043839,0.00218351558,-0.0198744684,-0.009738639,-0.212462485,-1.42437402e-05,-1.09455596e-06,-6.77898288e-06,2.68239774e-06,0.000121029676,-4.11286455e-05
465,1.860000,-0.298778534,-0.00782379322,0.00129388645,-0.0197439604,-0.00970595609,-0.208540231,-1.42025583e-05,-1.08617246e-06,-6.77473281e-06,2.67346832e-06,0.000120710407,-4.10220237e-05
466,1.864000,-0.241503015,0.0142938271,-0.263356149,0.475904852,-0.0017853789,-0.00196053833,-1.41806331e-05,-1.07427672e-06,-6.77078015e-06,2.66964275e-06,0.000120341858,-4.08829947e-05
467,1.868000,-0.21100907,0.0822815895,-0.314345628,0.55998677,-0.00265685981,-0.00196828693,-1.41334813e-05,-1.05999948e-06,-6.766566e-06,2.6619955e-06,0.000119996344,-4.075787e-05
468,1.872000,-0.193955243,0.135214284,-0.326653868,0.562313497,-0.00244080741,-0.0019672215,-1.41101918e-05,-1.04754986e-06,-6.7670926e-06,2.64768983e-06,0.000119579185,-4.05934843e-05
469,1.876000,-0.183519244,0.170085639,-0.339039266,0.562173367,-0.00210003462,-0.00196443498,-1.40849861e-05,-1.03333309e-06,-6.78465267e-06,2.63601441e-06,0.00011921407,-4.04593593e-05
470,1.880000,-0.176139116,0.193926215,-0.349835783,0.56112045,-0.00172207877,-0.00196180493,-1.40312268e-05,-1.02287481e-06,-6.77494472e-06,2.62750746e-06,0.000118852557,-4.0322393e-05
471,1.884000,-0.170257136,0.210739806,-0.358617723,0.559946239,-0.00134238973,-0.00195930898,-1.39646081e-05,-1.01211367e-06,-6.78319202e-06,2.61905416e-06,0.000118535143,-4.02095102e-05
472,1.888000,-0.165175274,0.222873151,-0.365486652,0.558939755,-0.000978369266,-0.00195709616,-1.39473595e-05,-9.9275826e-07,-6.78529386e-06,2.6082871e-06,0.000118131677,-4.00558165e-05
473,1.892000,-0.160556421,0.231791764,-0.370718926,0.558125436,-0.00062594749,-0.00195493549,-1.39076183e-05,-9.86525947e-07,-6.7685578e-06,2.60045249e-06,0.000117815645,-3.99435958e-05
474,1.896000,-0.156238496,0.238426775,-0.374659747,0.557535946,-0.000288142823,-0.00195302069,-1.38629321e-05,-9.77932586e-07,-6.76603759e-06,2.59547596e-06,0.000117508003,-3.98383345e-05
475,1.900000,-0.152139157,0.243414044,-0.377583385,0.557119846,3.59574333e-05,-0.0019511953,-1.38301539e-05,-9.6721169e-07,-6.76955142e-06,2.5884533e-06,0.000117191586,-3.97267177e-05
476,1.904000,-0.148208156,0.247194126,-0.379739404,0.556865871,0.000346272253,-0.00194946676,-1.37938205e-05,-9.56644271e-07,-6.77518165e-06,2.5817294e-06,0.000116893731,-3.96239266e-05
477,1.908000,-0.144419357,0.2500875,-0.381305307,0.556713164,0.000646822155,-0.00194767863,-1.37573479e-05,-9.45546162e-07,-6.7734918e-06,2.57629199e-06,0.000116547519,-3.94981907e-05
478,1.912000,-0.140751153,0.252323151,-0.382427663,0.55665344,0.000937458128,-0.00194607675,-1.37211591e-05,-9.35244998e-07,-6.78583092e-06,2.57079182e-06,0.000116211209,-3.9374976e-05
479,1.916000,-0.137191102,0.254067093,-0.383226454,0.55666995,0.00121937599,-0.00194455683,-1.3671588e-05,-9.28176178e-07,-6.75917636e-06,2.56584894e-06,0.000115957591,-3.92973743e-05
480,1.920000,-0.133729443,0.255445421,-0.383768171,0.556720257,0.00149469171,-0.00194299966,-1.36483477e-05,-9.19911599e-07,-6.76183436e-06,2.55179498e-06,0.000115620533,-3.91760914e-05
481,1.924000,-0.133609176,0.0455019251,-1.08321691,1.69903398,-0.0130874887,-0.0280093253,-1.36082581e-05,-9.04460421e-07,-6.78165361e-06,2.54591373e-06,0.00011531201,-3.90701898e-05
482,1.928000,-0.12862511,0.129796714,-1.15721774,1.80505216,-0.00959162135,-0.0378120244,-1.35811169e-05,-8.89169769e-07,-6.76240779e-06,2.53177473e-06,0.000114928989,-3.89218221e-05
483,1.932000,-0.1282015,0.256459922,-1.15044951,1.80770946,-0.00956087001,-0.0376103967,-1.35319178e-05,-8.81060032e-07,-6.77685648e-06,2.52715722e-06,0.000114648057,-3.88280532e-05
484,1.936000,-0.128685057,0.388701528,-1.13343751,1.80408931,-0.00952814613,-0.0364601016,-1.34839993e-05,-8.7507965e-07,-6.77263915e-06,2.51843198e-06,0.000114344257,-3.8723796e-05
485,1.940000,-0.127683356,0.478554308,-1.13453114,1.79286051,-0.00949893147,-0.0369274169,-1.34590991e-05,-8.60608452e-07,-6.77863636e-06,2.51453207e-06,0.000113970542,-3.85834937e-05
486,1.944000,-0.126201749,0.52986908,-1.15319157,1.79162562,-0.00947689265,-0.0354572684,-1.34174079e-05,-8.47577667e-07,-6.76213176e-06,2.50197445e-06,0.000113647235,-3.84693667e-05
487,1.948000,-0.124617524,0.564170182,-1.16970325,1.78874183,-0.0094672069,-0.0332924873,-1.33832455e-05,-8.4214571e-07,-6.76916989e-06,2.50402582e-06,0.000113376991,-3.83819934e-05
488,1.952000,-0.122726113,0.587941945,-1.1829077,1.7855854,-0.00946205109,-0.0307211131,-1.33451458e-05,-8.26710675e-07,-6.77171101e-06,2.49040636e-06,0.000113049304,-3.82622929e-05
489,1.956000,-0.120498993,0.604717255,-1.19308436,1.78260732,-0.00945798121,-0.0279674083,-1.33057829e-05,-8.21809863e-07,-6.7706178e-06,2.48878951e-06,0.000112735019,-3.8151331e-05
490,1.960000,-0.118028708,0.61665535,-1.2007817,1.77997446,-0.00945342705,-0.0252472311,-1.32885243e-05,-8.0687505e-07,-6.76475656e-06,2.47435855e-06,0.000112356502,-3.80062011e-05
491,1.964000,-0.115407586,0.625194788,-1.20649731,1.77763677,-0.00944764353,-0.0225572437,-1.32379882e-05,-8.01347596e-07,-6.76291529e-06,2.46889067e-06,0.000112119575,-3.79398261e-05
492,1.968000,-0.112715878,0.631291986,-1.21068406,1.77560222,-0.0094407443,-0.0199780762,-1.32140958e-05,-7.89409341e-07,-6.77410253e-06,2.4655119e-06,0.000111790927,-3.78192963e-05
493,1.972000,-0.110014349,0.635618865,-1.21370625,1.7738173,-0.00943284109,-0.017480135,-1.31757561e-05,-7.7674008e-07,-6.78484867e-06,2.45925639e-06,0.000111454436,-3.76951321e-05
494,1.976000,-0.107335716,0.638655066,-1.21583366,1.77223885,-0.00942406058,-0.0150810927,-1.3136404e-05,-7.66620815e-07,-6.75393494e-06,2.44857893e-06,0.000111132205,-3.75800591e-05
495,1.980000,-0.104702629,0.640753806,-1.21726966,1.77078784,-0.00941448193,-0.0127419233,-1.31265333e-05,-7.55787369e-07,-6.76429636e-06,2.43532122e-06,0.000110718385,-3.74129122e-05
496,1.984000,-0.122565545,0.970886469,-0.239541098,0.173076928,-0.0051302081,-0.00203222781,-1.30738863e-05,-7.44636282e-07,-6.76364016e-06,2.42828537e-06,0.000110438574,-3.73174662e-05
497,1.988000,-0.130966112,0.79084897,-0.264215171,0.164121509,-0.00428902917,-0.00200044364,-1.30414392e-05,-7.28059831e-07,-6.7737551e-06,2.41528869e-06,0.000110052897,-3.71647984e-05
498,1.992000,-0.131315142,0.615188003,-0.282589525,0.155020595,-0.00559369521,-0.000149287283,-1.30017352e-05,-7.1978161e-07,-6.78169681e-06,2.41261296e-06,0.000109751352,-3.70577218e-05
499,1.996000,-0.12829721,0.438439071,-0.303725004,0.151614517,-0.00710229296,0.00192716718,-1.2947934e-05,-7.1363911e-07,-6.7519959e-06,2.40909208e-06,0.000109480439,-3.69679437e-05
500,2.000000,-0.125674143,0.32545206,-0.295966566,0.163907081,-0.00658256793,0.00192610919,-1.28992178e-05,-7.07590971e-07,-6.7416313e-06,2.39686278e-06,0.000109143206,-3.68408218e-05
501,2.004000,-0.122672029,0.26138258,-0.267982304,0.166626245,-0.00632944703,0.0019236505,-1.28793463e-05,-6.97665428e-07,-6.73476825e-06,2.3856087e-06,0.000108789704,-3.67075845e-05
502,2.008000,-0.119454548,0.218954027,-0.243008405,0.170829132,-0.00617502769,0.00192148983,-1.28383454e-05,-6.87756938e-07,-6.73378599e-06,2.38160555e-06,0.000108517102,-3.66161257e-05
503,2.012000,-0.116542555,0.189519256,-0.222802848,0.174997747,-0.00607692404,0.00191991031,-1.28174997e-05,-6.79488494e-07,-6.7348883e-06,2.37395079e-06,0.00010821133,-3.65059022e-05
504,2.016000,-0.114055999,0.168605462,-0.206965908,0.178593606,-0.00599485775,0.00191897154,-1.27954127e-05,-6.6503253e-07,-6.74350758e-06,2.36550022e-06,0.000107868131,-3.63801009e-05
505,2.020000,-0.111912608,0.153545439,-0.194749802,0.181553602,-0.00591251533,0.00191859156,-1.27313178e-05,-6.57272722e-07,-6.75427054e-06,2.36408141e-06,0.000107621716,-3.62987776e-05
506,2.024000,-0.110043623,0.142193273,-0.186172813,0.187421232,-0.00237374892,-0.00196957588,-1.26972573e-05,-6.47987463e-07,-6.75155889e-06,2.35736957e-06,0.000107393585,-3.62313549e-05
507,2.028000,-0.108289964,0.134213343,-0.179072976,0.189272761,-0.00226985244,-0.00196860731,-1.26714485e-05,-6.41102361e-07,-6.76630316e-06,2.35531456e-06,0.000107142019,-3.61508974e-05
508,2.032000,-0.106574349,0.128415078,-0.173758686,0.190746501,-0.00216489751,-0.00196776539,-1.26327541e-05,-6.2762274e-07,-6.7727392e-06,2.34866661e-06,0.000106860258,-3.60556223e-05
509,2.036000,-0.104902096,0.124251716,-0.169754803,0.191934794,-0.00205584988,-0.00196692348,-1.26205941e-05,-6.09578592e-07,-6.77687376e-06,2.33142032e-06,0.000106439271,-3.5883666e-05
510,2.040000,-0.103257053,0.121301621,-0.166733474,0.192874283,-0.0019410809,-0.00196614116,-1.25661581e-05,-6.03737135e-07,-6.75858701e-06,2.33155924e-06,0.00010622132,-3.58203106e-05
511,2.044000,-0.0945397615,0.103604071,-0.0472115055,-0.0159180406,-0.00530640967,-0.00198739767,-1.25424531e-05,-5.9724789e-07,-6.75671345e-06,2.33017545e-06,0.000105921325,-3.57157587e-05
512,2.048000,-0.0892647505,0.0581513643,-0.0361690745,-0.0148137854,-0.00500658015,-0.00198493898,-1.24989001e-05,-5.89394176e-07,-6.7353908e-06,2.31640433e-06,0.00010563375,-3.56149358e-05
513,2.052000,-0.0845846459,0.0306859855,-0.0223349966,-0.0176225659,-0.00821959972,0.00190104544,-1.24706785e-05,-5.83430392e-07,-6.73622617e-06,2.30905016e-06,0.000105330721,-3.55071679e-05
514,2.056000,-0.0809207484,0.0145019945,-0.00885553844,-0.0179907437,-0.00833311211,0.00190000981,-1.24262606e-05,-5.76809498e-07,-6.72373835e-06,2.30679234e-06,0.000105044783,-3.54084623e-05
515,2.060000,-0.0776480734,0.00737663172,-0.0011449717,-0.0165532529,-0.00789672043,0.00190261006,-1.23969185e-05,-5.6808608e-07,-6.72340684e-06,2.29849684e-06,0.000104739578,-3.52995849e-05
516,2.064000,-0.0751419291,0.00401972514,0.00119702797,-0.0130113112,-0.00471505523,-0.00148646533,-1.23778636e-05,-5.53367045e-07,-6.73109753e-06,2.28811996e-06,0.000104390681,-3.51675517e-05
517,2.068000,-0.073238343,0.00270720525,0.00241906242,-0.0122163594,-0.00410963316,-0.00197850913,-1.23392665e-05,-5.40964265e-07,-6.74556804e-06,2.2855404e-06,0.000104101317,-3.50673108e-05
518,2.072000,-0.071608156,0.00216461439,0.00300795492,-0.0119579155,-0.00398137374,-0.00197771937,-1.22951224e-05,-5.31723572e-07,-6.74852436e-06,2.27493911e-06,0.000103841528,-3.49787006e-05
519,2.076000,-0.0701119974,0.00189984846,0.00325791491,-0.0117316553,-0.00386099122,-0.00197691098,-1.2265401e-05,-5.17135504e-07,-6.74674266e-06,2.27023634e-06,0.000103539947,-3.4869292e-05
520,2.080000,-0.0686779097,0.0017545484,0.00334903039,-0.0115145352,-0.00374701386,-0.001976192,-1.22511738e-05,-5.06424612e-07,-6.74223702e-06,2.2546692e-06,0.000103200524,-3.47439236e-05
521,2.084000,-0.0672769472,0.00165472087,0.00335869147,-0.0113056283,-0.00363587588,-0.00197547674,-1.22074789e-05,-5.03528781e-07,-6.72400029e-06,2.25086751e-06,0.00010294433,-3.46582856e-05
522,2.088000,-0.0658973381,0.00158202089,0.00332859764,-0.0110976594,-0.00352752046,-0.00197472051,-1.21761805e-05,-4.96005896e-07,-6.72663873e-06,2.24171163e-06,0.000102617298,-3.45336703e-05
523,2.092000,-0.0645375997,0.00151550304,0.00327539956,-0.0108958241,-0.00342236622,-0.00197402015,-1.2143737e-05,-4.82722498e-07,-6.7404867e-06,2.23724192e-06,0.000102270118,-3.4400633e-05
524,2.096000,-0.0631975234,0.00145937735,0.00321239885,-0.0106961615,-0.00331733981,-0.00197335705,-1.21145349e-05,-4.70803116e-07,-6.73160503e-06,2.2316035e-06,0.000101958365,-3.42851054e-05
525,2.100000,-0.0618790239,0.00140320114,0.00314104487,-0.010498561,-0.00321473042,-0.00197266042,-1.20793629e-05,-4.63287051e-07,-6.72394526e-06,2.2208028e-06,0.000101676625,-3.41829909e-05
526,2.104000,-0.0604182146,0.00155122927,0.00329857646,-0.0121323438,-0.00487057026,8.28206539e-05,-1.20318946e-05,-4.54261681e-07,-6.7354913e-06,2.21456753e-06,0.00010138753,-3.40807819e-05
527,2.108000,-0.0590403415,0.00155585189,0.00315250643,-0.0119694984,-0.00476764049,8.3386898e-05,-1.20052027e-05,-4.43065574e-07,-6.7311048e-06,2.20042398e-06,0.000101060003,-3.39557591e-05
528,2.112000,-0.0578139611,0.00153363752,0.00309566641,-0.011783083,-0.00465437118,8.38600099e-05,-1.19778524e-05,-4.32312618e-07,-6.72328088e-06,2.19900835e-06,0.000100751073,-3.38415375e-05
529,2.116000,-0.0566289574,0.00128849293,0.00268647727,-0.00991185755,-0.00286351005,-0.00196163729,-1.19363067e-05,-4.20173137e-07,-6.72843998e-06,2.18957712e-06,0.000100442114,-3.37271413e-05
530,2.120000,-0.0554452315,0.00144093484,0.00304780086,-0.0115104392,-0.00449004443,-0.000142518431,-1.19025808e-05,-4.12231657e-07,-6.73785416e-06,2.19048275e-06,0.000100175719,-3.3635104e-05
531,2.124000,-0.0543342121,0.00123346387,0.00274251937,-0.00966478512,-0.00272566848,-0.00196000189,-1.18499847e-05,-4.06074832e-07,-6.72535316e-06,2.1825158e-06,9.99725526e-05,-3.35770019e-05
532,2.128000,-0.0532690659,0.00115210167,0.00275108009,-0.00946658477,-0.00262920279,-0.00196003541,-1.18497155e-05,-3.99270903e-07,-6.72839542e-06,2.17351067e-06,9.96343078e-05,-3.3445529e-05
533,2.132000,-0.0521955788,0.00108600617,0.00270725996,-0.00926926732,-0.00253362232,-0.00195970014,-1.17941836e-05,-3.90556806e-07,-6.74404146e-06,2.17336446e-06,9.94268921e-05,-3.33836579e-05
534,2.136000,-0.0511174947,0.00101946574,0.00262749917,-0.00908143912,-0.00243758713,-0.0019589439,-1.17669233e-05,-3.78747245e-07,-6.75374622e-06,2.1654696e-06,9.916001e-05,-3.3291919e-05
535,2.140000,-0.0500424691,0.000972914742,0.00254997448,-0.00890615117,-0.00235186378,-0.00195817277,-1.17579566e-05,-3.64478865e-07,-6.73609838e-06,2.15547288e-06,9.8843695e-05,-3.31741285e-05
536,2.144000,-0.0489816107,0.000930950744,0.00247909222,-0.00873888098,-0.00226879888,-0.00195746869,-1.17276568e-05,-3.59523483e-07,-6.73951672e-06,2.15651153e-06,9.85915758e-05,-3.30911425e-05
537,2.148000,-0.0479425229,0.000890051015,0.0024151057,-0.00857429113,-0.00218733097,-0.00195689499,-1.16758802e-05,-3.54347094e-07,-6.72162605e-06,2.14289457e-06,9.83542122e-05,-3.30107396e-05
538,2.152000,-0.0469258092,0.000849040225,0.00235147541,-0.00840929151,-0.00210520439,-0.00195632502,-1.16470846e-05,-3.44559567e-07,-6.72139049e-06,2.13874637e-06,9.80678233e-05,-3.29061186e-05
539,2.156000,-0.0459298007,0.000806033378,0.00228949124,-0.00824575126,-0.00202480005,-0.00195576623,-1.16094634e-05,-3.39055987e-07,-6.72296574e-06,2.13139629e-06,9.78099124e-05,-3.28200695e-05
540,2.160000,-0.0449527018,0.000764947617,0.00222729193,-0.00808386691,-0.00194546592,-0.00195518881,-1.15744651e-05,-3.29188651e-07,-6.71909447e-06,2.12971349e-06,9.75532239e-05,-3.27334237e-05
541,2.164000,-0.0438314117,0.000924101099,0.00239235442,-0.00975690223,-0.00361130177,9.00514424e-05,-1.15573184e-05,-3.20125764e-07,-6.73424483e-06,2.11844736e-06,9.72206326e-05,-3.26075315e-05
542,2.168000,-0.0427891836,0.000939703081,0.00225633779,-0.00962683,-0.00352989184,9.04835761e-05,-1.15220528e-05,-3.06884658e-07,-6.73670274e-06,2.11046131e-06,9.6947886e-05,-3.2511125e-05
543,2.172000,-0.0417857952,0.000918558566,0.00210280949,-0.00952298008,-0.00346247526,9.07033682e-05,-1.149544e-05,-2.96071903e-07,-6.71428188e-06,2.10535813e-06,9.66808439e-05,-3.24188513e-05
544,2.176000,-0.0409413017,0.000911617186,0.00210368354,-0.00939965621,-0.00338569027,9.08896327e-05,-1.14437662e-05,-2.97123506e-07,-6.71459247e-06,2.10106396e-06,9.64736901e-05,-3.23566419e-05
545,2.180000,-0.0404977202,0.00104038185,0.00261229347,-0.00784600619,-0.00169527566,-0.00194067135,-1.14234344e-05,-2.85935357e-07,-6.73924751e-06,2.09474797e-06,9.6193311e-05,-3.22561282e-05
546,2.184000,-0.0398032106,0.000800000969,0.0026765354,-0.00863638334,-0.00263963407,-0.000831175596,-1.13976275e-05,-2.75445245e-07,-6.71784028e-06,2.08879442e-06,9.59066238e-05,-3.2150816e-05
547,2.188000,-0.0388854593,0.000464384211,0.0020569975,-0.00727126654,-0.00150749856,-0.00193980336,-1.13610431e-05,-2.69368002e-07,-6.72398301e-06,2.08569736e-06,9.56456643e-05,-3.20622676e-05
548,2.192000,-0.0376374945,0.000294658588,0.00133688026,-0.00708953012,-0.00143409788,-0.00193978101,-1.13358001e-05,-2.54654424e-07,-6.73480145e-06,2.07393327e-06,9.53615017e-05,-3.1960215e-05
549,2.196000,-0.0367354192,0.000435139984,0.00137436623,-0.00699962815,-0.00137286994,-0.00193950161,-1.13122915e-05,-2.46584705e-07,-6.73163095e-06,2.07296284e-06,9.50874455e-05,-3.18655475e-05
550,2.200000,-0.0359976031,0.00046511041,0.00149037968,-0.006878071,-0.00130420201,-0.00193899125,-1.12830139e-05,-2.37848553e-07,-6.69978363e-06,2.05396327e-06,9.47657172e-05,-3.1742773e-05
551,2.204000,-0.0353031084,0.000432772795,0.00155730662,-0.00675135432,-0.00123748113,-0.00193842128,-1.12301159e-05,-2.35154857e-07,-6.71743419e-06,2.05454899e-06,9.45318752e-05,-3.16629303e-05
552,2.208000,-0.0346216857,0.000383995008,0.00158509356,-0.00661694678,-0.00117185945,-0.00193785876,-1.12147663e-05,-2.2230688e-07,-6.71928183e-06,2.05501919e-06,9.42467232e-05,-3.15620528e-05
553,2.212000,-0.0339208022,0.000331712188,0.00155451545,-0.00647763954,-0.00110540166,-0.00193730369,-1.11728186e-05,-2.1158553e-07,-6.70583495e-06,2.03713171e-06,9.39408637e-05,-3.14408571e-05
554,2.216000,-0.0332074091,0.000287411502,0.00149805332,-0.00634177122,-0.00104187359,-0.0019367747,-1.11414192e-05,-2.05508968e-07,-6.71002954e-06,2.03717468e-06,9.36698343e-05,-3.1343141e-05
555,2.220000,-0.0324930623,0.000248044031,0.00143059366,-0.00620718161,-0.000977857504,-0.00193628296,-1.11222598e-05,-1.95774419e-07,-6.71324688e-06,2.02928186e-06,9.33880801e-05,-3.12440607e-05
556,2.224000,-0.0315983519,0.000439719879,0.00158945494,-0.007906368,-0.0026500707,9.54456627e-05,-1.10696574e-05,-1.84711553e-07,-6.72342094e-06,2.02816659e-06,9.31098548e-05,-3.11408512e-05
557,2.228000,-0.030846145,0.000310044386,0.00133528654,-0.00774245197,-0.00252856174,9.61385667e-05,-1.10550136e-05,-1.75369905e-07,-6.72298393e-06,2.00788259e-06,9.2811104e-05,-3.10280448e-05
558,2.232000,-0.0301151499,0.000490144943,0.001558939,-0.00788550545,-0.00261241873,9.53823328e-05,-1.10112551e-05,-1.6745048e-07,-6.69975361e-06,2.00658724e-06,9.25815984e-05,-3.09518691e-05
559,2.236000,-0.0296339318,0.0004985868,0.00178154744,-0.00768450787,-0.00250941957,9.57064331e-05,-1.09915018e-05,-1.61579692e-07,-6.70674035e-06,2.00029262e-06,9.22425679e-05,-3.08165181e-05
560,2.240000,-0.0291259978,0.000422856305,0.00182975898,-0.00750051765,-0.0024222245,9.57772136e-05,-1.0957825e-05,-1.49208063e-07,-6.72394526e-06,1.99625151e-06,9.20249731e-05,-3.07519913e-05
561,2.244000,-0.0285721868,0.0003560615,0.00179892546,-0.00733618764,-0.00234551751,9.57138836e-05,-1.09179337e-05,-1.39607891e-07,-6.72499164e-06,1.99127544e-06,9.17871002e-05,-3.06679212e-05
562,2.248000,-0.0279912781,0.00030615204,0.00174089358,-0.00718464563,-0.00227495236,9.55723226e-05,-1.08890472e-05,-1.29528189e-07,-6.71917905e-06,1.98636872e-06,9.15532219e-05,-3.05901231e-05
563,2.252000,-0.0274003074,0.000266424613,0.00167570869,-0.00704095745,-0.00220817351,9.54121351e-05,-1.087492e-05,-1.27014346e-07,-6.70984173e-06,1.97892791e-06,9.13211989e-05,-3.05170051e-05
564,2.256000,-0.0268100463,0.00023171911,0.001610826,-0.00690273894,-0.0021441034,9.52556729e-05,-1.0848531e-05,-1.18642447e-07,-6.70185136e-06,1.97407235e-06,9.10321469e-05,-3.04069017e-05
565,2.260000,-0.0262263585,0.000199454138,0.00154859782,-0.00676846411,-0.0020821353,9.5076859e-05,-1.08130262e-05,-1.1439397e-07,-6.69787869e-06,1.9732895e-06,9.08333677e-05,-3.0345549e-05
566,2.264000,-0.0256521776,0.000168435741,0.00148912962,-0.00663760165,-0.0020220119,9.49259847e-05,-1.07834458e-05,-1.11012923e-07,-6.67726181e-06,1.97005784e-06,9.06046625e-05,-3.02687622e-05
567,2.268000,-0.0250889082,0.000138392206,0.00143222115,-0.00650971802,-0.00196356373,9.47695225e-05,-1.07563374e-05,-1.06696916e-07,-6.69068822e-06,1.95729308e-06,9.03543769e-05,-3.01832515e-05
568,2.272000,-0.0245367717,0.000109169283,0.00137767289,-0.00638468564,-0.00190670101,9.46186483e-05,-1.0712758e-05,-9.32352577e-08,-6.70406598e-06,1.95220673e-06,9.01057501e-05,-3.00944776e-05
569,2.276000,-0.0239960477,8.06051539e-05,0.00132490136,-0.00626227167,-0.00185133959,9.44901258e-05,-1.06859879e-05,-8.36357685e-08,-6.71442331e-06,1.947074e-06,8.98611761e-05,-3.00095799e-05
570,2.280000,-0.0234665498,5.28118107e-05,0.00127374707,-0.00614249147,-0.00179744081,9.43467021e-05,-1.06676089e-05,-7.16111117e-08,-6.70125746e-06,1.94251402e-06,8.95551348e-05,-2.98922914e-05
571,2.284000,-0.0227945857,2.25335825e-05,0.00110521819,-0.00614115922,-0.00179595966,9.38512385e-05,-1.062306e-05,-6.88855835e-08,-6.68905022e-06,1.93523306e-06,8.93670003e-05,-2.98379982e-05
572,2.288000,-0.0222597513,4.14912356e-05,0.00111328089,-0.00605058577,-0.00175129063,9.35904682e-05,-1.06128655e-05,-5.97938197e-08,-6.69531437e-06,1.93006349e-06,8.91108139e-05,-2.97486677e-05
573,2.292000,-0.0218836628,2.60481611e-05,0.00120080309,-0.0058556376,-0.0016637129,9.34842974e-05,-1.05667314e-05,-5.17416083e-08,-6.69687461e-06,1.92726134e-06,8.88622162e-05,-2.9660132e-05
574,2.296000,-0.0214720741,-3.64333391e-05,0.00116983731,-0.00568867894,-0.00159304391,9.31154937e-05,-1.05448044e-05,-4.62471235e-08,-6.68230268e-06,1.91843969e-06,8.86183989e-05,-2.95749651e-05
575,2.300000,-0.0210262313,-8.60828441e-05,0.001097942,-0.00554257864,-0.00153203926,9.26405191e-05,-1.05193576e-05,-3.87597083e-08,-6.66823962e-06,1.90830656e-06,8.83245084e-05,-2.94639231e-05
576,2.304000,-0.0205653012,-0.000122352387,0.00101964665,-0.00540935621,-0.00147665013,9.21189785e-05,-1.04766896e-05,-3.28436727e-08,-6.65937387e-06,1.90401477e-06,8.81370215e-05,-2.94103975e-05
577,2.308000,-0.0201031864,-0.000151580316,0.000946230954,-0.00528391032,-0.00142471981,9.15881246e-05,-1.04610681e-05,-2.90347089e-08,-6.66903088e-06,1.90308708e-06,8.78832943e-05,-2.93196954e-05
578,2.312000,-0.0196471363,-0.000177773414,0.000879984,-0.00516371522,-0.00137523795,9.10703093e-05,-1.04249093e-05,-1.97453573e-08,-6.67242284e-06,1.89926311e-06,8.76339254e-05,-2.92327459e-05
579,2.316000,-0.0192002989,-0.000202912372,0.000819769106,-0.00504756067,-0.00132775982,9.05543566e-05,-1.04116862e-05,-7.30187821e-09,-6.68517623e-06,1.88268245e-06,8.73198296e-05,-2.911294e-05
580,2.320000,-0.0187637173,-0.000227919081,0.000764361932,-0.00493453117,-0.00128194247,9.0058893e-05,-1.0368487e-05,2.22780727e-09,-6.70526879e-06,1.88427862e-06,8.71197772e-05,-2.90491171e-05
581,2.324000,-0.0183375441,-0.000253080507,0.000712766894,-0.00482441299,-0.0012376837,8.95727426e-05,-1.03382927e-05,1.52697339e-08,-6.70574855e-06,1.88099159e-06,8.68876523e-05,-2.89687159e-05
582,2.328000,-0.0179215427,-0.00027788931,0.000664190273,-0.00471693743,-0.00119490048,8.91089439e-05,-1.03188568e-05,2.38769644e-08,-6.70040572e-06,1.87093246e-06,8.6623375e-05,-2.88738738e-05
583,2.332000,-0.0175152607,-0.00030286971,0.000617760816,-0.00461201137,-0.00115350983,8.86749476e-05,-1.03057846e-05,3.21388143e-08,-6.70920963e-06,1.86278714e-06,8.63709502e-05,-2.87861476e-05
584,2.336000,-0.0171183366,-0.000327722053,0.000571994926,-0.00450945087,-0.0011134278,8.82502645e-05,-1.02692438e-05,4.17667252e-08,-6.69652081e-06,1.85510999e-06,8.61059671e-05,-2.86867726e-05
585,2.340000,-0.0167301334,-0.000351900817,0.000527902506,-0.00440915534,-0.00107460166,8.78293067e-05,-1.02428839e-05,4.71206931e-08,-6.67502854e-06,1.8516123e-06,8.58221902e-05,-2.85767092e-05
586,2.344000,-0.0163503066,-0.00037560612,0.000484908931,-0.00431111269,-0.0010370285,8.74307007e-05,-1.02058593e-05,5.2506266e-08,-6.68260009e-06,1.84513863e-06,8.55517283e-05,-2.84761445e-05
587,2.348000,-0.0159788933,-0.000398805481,0.000443205819,-0.00421516411,-0.00100062159,8.7050721e-05,-1.01598471e-05,5.71678811e-08,-6.68708481e-06,1.84104135e-06,8.53357342e-05,-2.840259e-05
588,2.352000,-0.0156152137,-0.000421592966,0.000402352656,-0.00412143115,-0.000965392916,8.668378e-05,-1.01398809e-05,8.60125056e-08,-6.67382938e-06,1.83221721e-06,8.50217184e-05,-2.82786095e-05
589,2.356000,-0.0152593311,-0.000443907687,0.00036283466,-0.00402966235,-0.00093122659,8.63280147e-05,-1.01038868e-05,7.51458629e-08,-6.68226266e-06,1.82676922e-06,8.47535121e-05,-2.81800858e-05
590,2.360000,-0.0149108255,-0.000465702033,0.000324458117,-0.00393984187,-0.000898117665,8.5985288e-05,-1.00910383e-05,9.00224677e-08,-6.68080656e-06,1.81325163e-06,8.44707101e-05,-2.80722707e-05
591,2.364000,-0.0145697864,-0.000486939156,0.000287187053,-0.00385184726,-0.000866000482,8.56574625e-05,-1.00589823e-05,9.50224148e-08,-6.66458754e-06,1.81053224e-06,8.42044901e-05,-2.79717478e-05
592,2.368000,-0.0142356632,-0.000507587509,0.000250797835,-0.00376586919,-0.000834921259,8.53464007e-05,-1.00195457e-05,1.01739488e-07,-6.66994765e-06,1.81158771e-06,8.39630593e-05,-2.78841762e-05
593,2.372000,-0.0139084617,-0.000527692086,0.000215277891,-0.00368166855,-0.000804764335,8.50390643e-05,-9.99450731e-06,1.08968379e-07,-6.68884195e-06,1.79827805e-06,8.37478292e-05,-2.78116022e-05
594,2.376000,-0.0135884359,-0.000547057192,0.000181101495,-0.00359919365,-0.000775513821,8.47484916e-05,-9.95962182e-06,1.21592848e-07,-6.68889652e-06,1.79918675e-06,8.35040773e-05,-2.772689e-05
595,2.380000,-0.0132750124,-0.0005660202,0.000147771207,-0.00351846637,-0.000747162499,8.44635069e-05,-9.93380854e-06,1.28082547e-07,-6.67687709e-06,1.79399683e-06,8.32566293e-05,-2.76372066e-05
596,2.384000,-0.0129680159,-0.000584438094,0.000115143601,-0.00343950465,-0.000719685631,8.41878355e-05,-9.90271928e-06,1.44481419e-07,-6.65745665e-06,1.7873208e-06,8.30434292e-05,-2.7565733e-05
597,2.388000,-0.0126673281,-0.000602304237,8.25016759e-05,-0.0033623022,-0.00069307012,8.39307904e-05,-9.88659485e-06,1.34334186e-07,-6.67246195e-06,1.77638162e-06,8.28233315e-05,-2.74901922e-05
598,2.392000,-0.012372883,-0.00061969395,5.03434567e-05,-0.00328674749,-0.000667259679,8.36774707e-05,-9.86616578e-06,1.43958232e-07,-6.66215556e-06,1.77505171e-06,8.2560342e-05,-2.73939222e-05
599,2.396000,-0.0120844953,-0.000636367011,1.90236606e-05,-0.00321287219,-0.000642258208,8.34353268e-05,-9.84738199e-06,1.54017926e-07,-6.67871109e-06,1.76866649e-06,8.23417358e-05,-2.73208516e-05
600,2.400000,-0.0118020624,-0.000652861781,-1.1553173e-05,-0.00314048794,-0.000617994519,8.31969082e-05,-9.80559344e-06,1.57599743e-07,-6.65528842e-06,1.77094989e-06,8.21807771e-05,-2.72757388e-05
601,2.404000,-0.0444997288,-0.00527830049,0.302657425,-0.492644191,-0.00155576319,7.30052125e-05,-9.77767104e-06,1.56817805e-07,-6.67246877e-06,1.76155754e-06,8.20200221e-05,-2.72327088e-05
602,2.408000,-0.0602880456,-0.0412666202,0.416819662,-0.604515851,-0.000890936702,8.16714019e-05,-9.75945932e-06,1.69568921e-07,-6.68073653e-06,1.7600928e-06,8.17734472e-05,-2.71435365e-05
603,2.412000,-0.0657915547,-0.079828091,0.450180352,-0.599826574,-0.00081086345,8.17338005e-05,-9.72619546e-06,1.82408257e-07,-6.67199356e-06,1.75107846e-06,8.15522362e-05,-2.70682685e-05
604,2.416000,-0.0677758083,-0.109554768,0.47254166,-0.595966637,-0.000837909058,8.01961869e-05,-9.7038328e-06,1.88591684e-07,-6.67516588e-06,1.74713227e-06,8.12826111e-05,-2.69647262e-05
605,2.420000,-0.0687904134,-0.131303564,0.489492655,-0.59279263,-0.000874681398,7.87954777e-05,-9.66731932e-06,1.90856554e-07,-6.67881386e-06,1.74706724e-06,8.11276768e-05,-2.69257944e-05
606,2.424000,-0.0694365501,-0.147283465,0.502492011,-0.590281427,-0.000903034583,7.76350498e-05,-9.66058906e-06,2.03487161e-07,-6.67184759e-06,1.73725084e-06,8.08478944e-05,-2.68204294e-05
607,2.428000,-0.0698893145,-0.159145579,0.512415349,-0.588373601,-0.000920273364,7.67363235e-05,-9.62585727e-06,2.05345032e-07,-6.67264248e-06,1.73083731e-06,8.06833341e-05,-2.677255e-05
608,2.432000,-0.0702094212,-0.168024749,0.519954085,-0.586973846,-0.000927373767,7.60387629e-05,-9.59094723e-06,2.12655095e-07,-6.67764971e-06,1.72958516e-06,8.04615338e-05,-2.66966235e-05
609,2.436000,-0.0704238415,-0.174710423,0.525662422,-0.585981727,-0.000926103443,7.5514894e-05,-9.58301734e-06,2.21641358e-07,-6.6612256e-06,1.71605609e-06,8.02474096e-05,-2.66280458e-05
610,2.440000,-0.0705498978,-0.179766521,0.529977143,-0.585309207,-0.000918276608,7.50869513e-05,-9.54681309e-06,2.26554448e-07,-6.6646212e-06,1.72110367e-06,8.00315174e-05,-2.65525905e-05
611,2.444000,-0.0706015304,-0.183605149,0.533232987,-0.584883153,-0.000905442052,7.47865997e-05,-9.51552647e-06,2.34426352e-07,-6.65906828e-06,1.71380498e-06,7.98105029e-05,-2.64765258e-05
612,2.448000,-0.0705918148,-0.186530694,0.535687149,-0.584644496,-0.000888953917,7.45137222e-05,-9.49463902e-06,2.35549123e-07,-6.6580501e-06,1.70908504e-06,7.95418819e-05,-2.63735565e-05
613,2.452000,-0.070532091,-0.188768476,0.537534773,-0.584548533,-0.000869865529,7.43414275e-05,-9.45653301e-06,2.43691829e-07,-6.66750157e-06,1.70878582e-06,7.93849904e-05,-2.63332749e-05
614,2.456000,-0.070433341,-0.190486133,0.538925171,-0.584558904,-0.000848950818,7.4212905e-05,-9.43522991e-06,2.55188979e-07,-6.64938125e-06,1.69996565e-06,7.91546336e-05,-2.62523336e-05
615,2.460000,-0.0703039616,-0.191812292,0.539968848,-0.584648311,-0.000826802105,7.41281547e-05,-9.4187435e-06,2.59982471e-07,-6.63756191e-06,1.69510997e-06,7.89236437e-05,-2.61700407e-05
616,2.464000,-0.0227321126,0.169385865,1.57781053,-2.43576169,-0.00509186462,-0.0462515727,-9.38678022e-06,2.60470642e-07,-6.62738512e-06,1.6881844e-06,7.87134486e-05,-2.60996549e-05
617,2.468000,-0.00393416639,-0.0257901903,1.52664375,-2.4549222,-0.00527477078,-0.0359849334,-9.3670651e-06,2.70860255e-07,-6.64445906e-06,1.68257736e-06,7.84932126e-05,-2.6023803e-05
618,2.472000,-0.00129258772,-0.125280023,1.57429421,-2.54064298,-0.00529672438,-0.0296482407,-9.34169475e-06,2.77160325e-07,-6.64533945e-06,1.68411134e-06,7.82690549e-05,-2.59456447e-05
619,2.476000,-0.000610940973,-0.253189325,1.56631899,-2.54600525,-0.00529220887,-0.0275811777,-9.33134106e-06,2.86278464e-07,-6.63722585e-06,1.66850884e-06,7.79766342e-05,-2.58325363e-05
620,2.480000,-0.000312996039,-0.380921543,1.55803621,-2.55028462,-0.00525650056,-0.0270992965,-9.29997896e-06,2.92323875e-07,-6.6217799e-06,1.66602524e-06,7.7775665e-05,-2.5762658e-05
621,2.484000,-0.000109574088,-0.510815322,1.54551256,-2.55125093,-0.00521301664,-0.0282244235,-9.26880057e-06,2.9728335e-07,-6.63522906e-06,1.66100176e-06,7.75148801e-05,-2.56591247e-05
622,2.488000,0.000239690533,-0.604024529,1.54412389,-2.53631496,-0.00516766869,-0.0278756954,-9.23176322e-06,3.07885102e-07,-6.64341133e-06,1.65609367e-06,7.72847852e-05,-2.55772211e-05
623,2.492000,0.000389154651,-0.654741943,1.5651722,-2.53605962,-0.00511723571,-0.027929768,-9.20258935e-06,3.1584068e-07,-6.64807976e-06,1.65160736e-06,7.70926563e-05,-2.55149407e-05
624,2.496000,0.000455309288,-0.688318372,1.58358669,-2.53431082,-0.00506807398,-0.0283305161,-9.19042304e-06,3.2958792e-07,-6.63019046e-06,1.63935465e-06,7.67872552e-05,-2.53891867e-05
625,2.500000,0.000459704432,-0.711489439,1.59807372,-2.53246188,-0.0050171772,-0.028923247,-9.15418786e-06,3.34060132e-07,-6.64108165e-06,1.6359927e-06,7.65368459e-05,-2.52944992e-05
626,2.504000,0.000439200783,-0.727738321,1.60908282,-2.53089952,-0.00496573094,-0.029565569,-9.12736868e-06,3.40145334e-07,-6.63626497e-06,1.62631738e-06,7.62944474e-05,-2.52036916e-05
627,2.508000,0.000415502116,-0.739185274,1.6173048,-2.5297122,-0.00491453754,-0.0301885903,-9.10496783e-06,3.53418272e-07,-6.64596473e-06,1.62185438e-06,7.60371986e-05,-2.51054134e-05
628,2.512000,0.00039851875,-0.747220874,1.62337291,-2.52888489,-0.00486406684,-0.0307653323,-9.09253504e-06,3.55491238e-07,-6.6440557e-06,1.61389698e-06,7.5824224e-05,-2.50345238e-05
629,2.516000,0.000391484238,-0.752800763,1.62779748,-2.5283618,-0.00481463317,-0.0312899277,-9.05642264e-06,3.64404286e-07,-6.63033052e-06,1.60774255e-06,7.55660221e-05,-2.49330715e-05
630,2.520000,0.000394479837,-0.756594598,1.63098383,-2.52808499,-0.00476612523,-0.0317666419,-9.01853582e-06,3.71562692e-07,-6.60785372e-06,1.60846776e-06,7.53332279e-05,-2.48459073e-05
631,2.524000,0.000355087803,-1.16896641,0.554764867,-0.682011187,-0.00138511322,0.00132265687,-8.99364386e-06,3.70313728e-07,-6.60129444e-06,1.60858929e-06,7.51326588e-05,-2.47774315e-05
632,2.528000,-0.000583687273,-0.970417321,0.615756631,-0.659609675,-0.000361042097,7.04582781e-05,-8.97576138e-06,3.79086714e-07,-6.60105798e-06,1.59639978e-06,7.48418752e-05,-2.46632917e-05
633,2.532000,-0.00123766926,-0.787028074,0.650613368,-0.64604193,-0.000520596514,6.90063462e-05,-8.94519781e-06,3.86184638e-07,-6.59485522e-06,1.59093122e-06,7.46799778e-05,-2.46120471e-05
634,2.536000,-0.00205989787,-0.633900166,0.675567627,-0.657338858,-0.000498289184,6.99833035e-05,-8.91593299e-06,3.90294417e-07,-6.6076459e-06,1.58623209e-06,7.45087891e-05,-2.45624178e-05
635,2.540000,-0.00249064062,-0.552087069,0.656701565,-0.652948797,-0.000594210811,6.91013411e-05,-8.88988143e-06,3.96669975e-07,-6.59479701e-06,1.58725049e-06,7.43360288e-05,-2.45094834e-05
636,2.544000,-0.00276119355,-0.498713166,0.637393594,-0.652650833,-0.000621261075,6.88862056e-05,-8.86658017e-06,3.99557848e-07,-6.60461228e-06,1.57983436e-06,7.41342301e-05,-2.44387393e-05
637,2.548000,-0.00288194045,-0.462148666,0.621439099,-0.653666556,-0.000615361147,6.90454617e-05,-8.8456809e-06,4.13222324e-07,-6.61062722e-06,1.58094213e-06,7.39515235e-05,-2.43816012e-05
638,2.552000,-0.0029164406,-0.436509818,0.608967543,-0.655051351,-0.000595481135,6.93146139e-05,-8.8367442e-06,4.29179408e-07,-6.61955983e-06,1.57296358e-06,7.376555e-05,-2.43213581e-05
639,2.556000,-0.00290896464,-0.418281674,0.59942311,-0.656439543,-0.000570714008,6.96349889e-05,-8.80453445e-06,4.24381142e-07,-6.62200546e-06,1.56926455e-06,7.35798385e-05,-2.42589904e-05
640,2.560000,-0.00288417772,-0.405197561,0.592197835,-0.657695651,-0.00054561533,6.99395314e-05,-8.77937873e-06,4.29272404e-07,-6.59379066e-06,1.56355327e-06,7.33955021e-05,-2.42008336e-05
641,2.564000,-0.00285441708,-0.395737767,0.586763978,-0.658779263,-0.000521940645,7.01937824e-05,-8.75161004e-06,4.29031843e-07,-6.59790021e-06,1.56308715e-06,7.32023691e-05,-2.41354792e-05
642,2.568000,-0.00282539194,-0.388861388,0.582695782,-0.659695923,-0.000500150258,7.04005361e-05,-8.72833243e-06,4.35749371e-07,-6.59923307e-06,1.55572229e-06,7.30155734e-05,-2.40749414e-05
643,2.572000,-0.00279928045,-0.383842289,0.579659343,-0.660467029,-0.000480605289,7.05672428e-05,-8.70157146e-06,4.42034661e-07,-6.59181978e-06,1.55354155e-06,7.28214873e-05,-2.40092268e-05
644,2.576000,-0.00277668098,-0.380168021,0.577396691,-0.661118984,-0.00046286732,7.07115978e-05,-8.68003735e-06,4.47081902e-07,-6.6003181e-06,1.54759221e-06,7.26347498e-05,-2.39488963e-05
645,2.580000,-0.00275745522,-0.37747252,0.575711727,-0.661675036,-0.000446689781,7.08373263e-05,-8.670444e-06,4.55082613e-07,-6.58914314e-06,1.54013867e-06,7.24605125e-05,-2.38975899e-05
646,2.584000,0.0310940929,-0.506826699,0.0434295237,0.0246565789,0.00397934951,0.150832951,-8.65729726e-06,4.62461685e-07,-6.59015814e-06,1.53245321e-06,7.21916294e-05,-2.37889162e-05
647,2.588000,0.0417954177,-0.346894175,0.0406526215,0.0253568739,0.00396047812,0.149892673,-8.6174141e-06,4.68934559e-07,-6.59418401e-06,1.53368933e-06,7.20582975e-05,-2.37555396e-05
648,2.592000,0.0461290143,-0.198561877,0.0485543311,0.0151778385,0.00394681236,0.146362305,-8.59279044e-06,4.75081265e-07,-6.59363059e-06,1.53160966e-06,7.18644005e-05,-2.36890501e-05
649,2.596000,0.0494570807,-0.113278285,0.0257485211,0.0148480609,0.00394497532,0.142730802,-8.58006388e-06,4.7799017e-07,-6.58805766e-06,1.52234657e-06,7.16698269e-05,-2.36246906e-05
650,2.600000,0.0509010404,-0.0544630736,0.00720499456,0.014415592,0.00394801283,0.136514544,-8.55169947e-06,4.86154363e-07,-6.58124281e-06,1.52211442e-06,7.14776324e-05,-2.35580701e-05
651,2.604000,0.0517693311,-0.0123635177,-0.00522879884,0.0141606554,0.00395033555,0.132712647,-8.52539779e-06,4.92611548e-07,-6.59701482e-06,1.51824759e-06,7.12856709e-05,-2.3495304e-05
652,2.608000,0.0527011156,0.0158247985,-0.00961994752,0.013994325,0.00395242916,0.132770181,-8.5018055e-06,4.98587724e-07,-6.60571641e-06,1.51596987e-06,7.1076196e-05,-2.34205854e-05
653,2.612000,0.0543415025,0.0229349118,-0.016063828,0.0141660273,0.0039479658,0.138614893,-8.47117099e-06,5.04841069e-07,-6.57326427e-06,1.50684752e-06,7.08897278e-05,-2.33579649e-05
654,2.616000,0.0557211787,0.0253300443,-0.019693343,0.0142062642,0.00394573901,0.140945494,-8.45064824e-06,5.07641516e-07,-6.57097462e-06,1.49669631e-06,7.06813953e-05,-2.32852199e-05
655,2.620000,0.0569642186,0.0261974856,-0.0223440155,0.014201697,0.00394438952,0.142061532,-8.42372356e-06,5.13151917e-07,-6.57784676e-06,1.49821426e-06,7.04982886e-05,-2.32268103e-05
656,2.624000,0.0580987036,0.0266910624,-0.0241591129,0.0141865313,0.0039433497,0.142877549,-8.4219464e-06,5.22902155e-07,-6.56516659e-06,1.4939942e-06,7.02379039e-05,-2.31252598e-05
657,2.628000,0.0591649376,0.0270294193,-0.0254175086,0.0141660869,0.00394258136,0.143556997,-8.38005599e-06,5.23051767e-07,-6.57655664e-06,1.48598338e-06,7.01346362e-05,-2.31062968e-05
658,2.632000,0.0601805486,0.0272843949,-0.0263297185,0.0141424276,0.00394210033,0.144153386,-8.38053802e-06,5.36655079e-07,-6.58569979e-06,1.48044808e-06,6.98570075e-05,-2.29941015e-05
659,2.636000,0.0611540116,0.0274921171,-0.027024582,0.0141168348,0.00394185912,0.144695282,-8.35353876e-06,5.55922156e-07,-6.57401779e-06,1.47948936e-06,6.96635252e-05,-2.29289235e-05
660,2.640000,0.0620906726,0.0276707225,-0.0275822263,0.0140902027,0.003941881,0.14520067,-8.31243051e-06,5.51859898e-07,-6.56809834e-06,1.47154913e-06,6.94353876e-05,-2.28396602e-05
661,2.644000,0.202634871,-0.180585593,-0.31106326,0.0190339684,0.00532353204,2.42191625,-8.28483826e-06,5.54905341e-07,-6.57667306e-06,1.46999639e-06,6.92092217e-05,-2.27534947e-05
662,2.648000,0.275907218,-0.205222383,-0.324413568,0.014396295,0.00552420691,2.425318,-8.26549785e-06,5.6139902e-07,-6.55993426e-06,1.46566424e-06,6.89587105e-05,-2.2654247e-05
663,2.652000,0.351994067,-0.219888926,-0.333110601,0.0144897401,0.00572077092,2.42607999,-8.23770097e-06,5.63922299e-07,-6.57361261e-06,1.45592708e-06,6.88005821e-05,-2.26057018e-05
664,2.656000,0.429664612,-0.227993399,-0.337348223,0.0132288486,0.00451134983,2.42764187,-8.21270896e-06,5.76731509e-07,-6.57140663e-06,1.44955209e-06,6.85463383e-05,-2.25060485e-05
665,2.660000,0.508310378,-0.232946381,-0.339970291,0.01327914,0.00467567798,2.42830086,-8.19063098e-06,5.83403789e-07,-6.58815588e-06,1.44566525e-06,6.83669277e-05,-2.24448577e-05
666,2.664000,0.587290764,-0.235781461,-0.341072649,0.0132181793,0.00483889226,2.42815518,-8.16959619e-06,5.93630602e-07,-6.5711447e-06,1.44125011e-06,6.81026286e-05,-2.23394873e-05
667,2.668000,0.666554451,-0.237684876,-0.341765761,0.013141036,0.0049999468,2.42790532,-8.13892257e-06,5.95337497e-07,-6.57164674e-06,1.43856585e-06,6.78969518e-05,-2.22659673e-05
668,2.672000,0.746000707,-0.239059076,-0.342272937,0.0130537003,0.00515904743,2.42759156,-8.11323207e-06,6.02908131e-07,-6.56549855e-06,1.42707722e-06,6.77280113e-05,-2.22095459e-05
669,2.676000,0.825563729,-0.2401122,-0.342680871,0.0129606426,0.00531638227,2.42724061,-8.10119673e-06,6.14055352e-07,-6.5696845e-06,1.42242254e-06,6.74390685e-05,-2.20904549e-05
670,2.680000,0.905214489,-0.240976721,-0.343055457,0.0128635913,0.00547199603,2.42686892,-8.07365359e-06,6.19114644e-07,-6.5621357e-06,1.41743317e-06,6.72334136e-05,-2.20160218e-05
671,2.684000,0.985026538,-0.241860718,-0.343652904,0.0127481222,0.00562626217,2.42633653,-8.05320269e-06,6.21773438e-07,-6.55658596e-06,1.40974998e-06,6.70297741e-05,-2.19462509e-05
672,2.688000,1.06483829,-0.242542863,-0.344051838,0.0125358254,0.00578064518,2.42516804,-8.03404691e-06,6.27627287e-07,-6.57507735e-06,1.40584177e-06,6.68184148e-05,-2.18664172e-05
673,2.692000,1.14502084,-0.243657097,-0.345270604,0.0123972893,0.00593199488,2.42442775,-8.01414717e-06,6.3924017e-07,-6.56514703e-06,1.40400687e-06,6.65951738e-05,-2.17829311e-05
674,2.696000,1.22563457,-0.245247483,-0.347375363,0.0126290172,0.00664232625,2.4228704,-7.98847486e-06,6.45863793e-07,-6.58291674e-06,1.3986504e-06,6.63907849e-05,-2.17068336e-05
675,2.700000,1.30730951,-0.248522595,-0.352176636,0.0130384266,0.00779583305,2.42064762,-7.953563e-06,6.51098276e-07,-6.5842778e-06,1.39714109e-06,6.62609964e-05,-2.16742174e-05
676,2.704000,1.44228721,-0.458926886,-0.689412475,0.0875231028,0.0144497007,4.13478565,-7.91599905e-06,6.67771246e-07,-6.58495674e-06,1.39413828e-06,6.61295198e-05,-2.16363042e-05
677,2.708000,1.51374173,-0.473435223,-0.7298491,0.0699708164,0.00832047686,4.13986683,-7.90344438e-06,6.61321906e-07,-6.5641334e-06,1.38792393e-06,6.59145444e-05,-2.15594046e-05
678,2.712000,1.5891186,-0.473695129,-0.750359774,0.0616455823,0.00858656317,4.1421504,-7.87603585e-06,6.60942533e-07,-6.55234726e-06,1.38718599e-06,6.58007048e-05,-2.1531283e-05
679,2.716000,1.66676497,-0.469967246,-0.762493372,0.057284236,0.00884906948,4.14305544,-7.8537023e-06,6.60125806e-07,-6.53636744e-06,1.3845945e-06,6.56534248e-05,-2.14889515e-05
680,2.720000,1.74595511,-0.465490758,-0.770102322,0.0541624427,0.00910621881,4.14395237,-7.83422183e-06,6.63494689e-07,-6.53537154e-06,1.38484529e-06,6.54929026e-05,-2.14364954e-05
681,2.724000,1.82592034,-0.461510211,-0.775314927,0.0518143326,0.00767433643,4.14476442,-7.82147436e-06,6.70921963e-07,-6.55476242e-06,1.38394375e-06,6.53348106e-05,-2.13902276e-05
682,2.728000,1.90637434,-0.458386272,-0.779108524,0.0510303378,0.00790414214,4.14403725,-7.80673327e-06,6.79492018e-07,-6.54494352e-06,1.37015672e-06,6.51153168e-05,-2.13083767e-05
683,2.732000,1.98712242,-0.456029117,-0.781841695,0.0505171269,0.00813156366,4.14319658,-7.78054164e-06,6.84039719e-07,-6.54524592e-06,1.36936444e-06,6.49682624e-05,-2.12651994e-05
684,2.736000,2.06817889,-0.454478621,-0.784092247,0.0504294187,0.00893532112,4.14179754,-7.76502748e-06,6.91406626e-07,-6.55575468e-06,1.36638812e-06,6.47975103e-05,-2.12074738e-05
685,2.740000,2.14943027,-0.453615069,-0.786128402,0.0508006066,0.00988001376,4.13971567,-7.74369164e-06,6.97710448e-07,-6.55247231e-06,1.36278436e-06,6.46537083e-05,-2.1168551e-05
686,2.744000,2.23112011,-0.453341156,-0.788109541,0.0509097874,0.0106135309,4.13773298,-7.72717522e-06,7.03603746e-07,-6.5593249e-06,1.35900939e-06,6.44777538e-05,-2.1107764e-05
687,2.748000,2.31357694,-0.453711748,-0.790395975,0.0504491031,0.010858655,4.13607216,-7.71476334e-06,7.12624114e-07,-6.55185295e-06,1.35483174e-06,6.43200619e-05,-2.1058213e-05
688,2.752000,2.39776778,-0.45557487,-0.794430137,0.0492733568,0.0111089759,4.13505745,-7.68939481e-06,7.09458959e-07,-6.54817313e-06,1.35133689e-06,6.41561928e-05,-2.10058879e-05
689,2.756000,2.4463079,-0.45511499,-0.793359101,0.0480317473,0.0113534853,4.13992357,-7.67049278e-06,7.17297894e-07,-6.54157884e-06,1.35141636e-06,6.39872815e-05,-2.09482041e-05
690,2.760000,2.47016811,-0.455085009,-0.792333603,0.0462326556,0.00964586809,4.14203787,-7.63713706e-06,7.20057301e-07,-6.5491331e-06,1.35088442e-06,6.38665442e-05,-2.09188966e-05
691,2.764000,2.50203562,-0.486456484,-0.826903462,0.0752637684,0.0098188445,4.45840836,-7.62455602e-06,7.26272219e-07,-6.55408712e-06,1.34861591e-06,6.37076737e-05,-2.08699021e-05
692,2.768000,2.51083589,-0.49240905,-0.824393272,0.0744669437,0.0100038722,4.45958614,-7.60037801e-06,7.31837758e-07,-6.55507074e-06,1.33900789e-06,6.35045581e-05,-2.07969679e-05
693,2.772000,2.51514792,-0.497178495,-0.82361877,0.0737342536,0.00818487816,4.46100092,-7.58740907e-06,7.39587904e-07,-6.54161795e-06,1.33402648e-06,6.3311003e-05,-2.07252378e-05
694,2.776000,2.5159266,-0.500513911,-0.823126554,0.0740211308,0.00833430327,4.46062279,-7.56145982e-06,7.44172667e-07,-6.5525046e-06,1.32853188e-06,6.31566945e-05,-2.06776404e-05
695,2.780000,2.5146203,-0.502896369,-0.822813392,0.0744650811,0.00847711973,4.46015263,-7.55066321e-06,7.48757088e-07,-6.54407631e-06,1.32961361e-06,6.2970641e-05,-2.06139848e-05
696,2.784000,2.51215625,-0.504675388,-0.822692871,0.0749887675,0.00861425139,4.45958996,-7.51434527e-06,7.52944061e-07,-6.52777771e-06,1.32167474e-06,6.27999834e-05,-2.05556753e-05
697,2.788000,2.50903988,-0.506041348,-0.822716355,0.0755577385,0.00874648057,4.45894814,-7.49891024e-06,7.5468563e-07,-6.5403533e-06,1.32160687e-06,6.26286055e-05,-2.04979715e-05
698,2.792000,2.5055449,-0.507117569,-0.822833776,0.0761486739,0.00887404568,4.45824957,-7.47679587e-06,7.60739567e-07,-6.53670304e-06,1.31642207e-06,6.24501263e-05,-2.04339012e-05
699,2.796000,2.50183678,-0.507993162,-0.823017895,0.0767530501,0.00899714045,4.45751572,-7.44147428e-06,7.67308393e-07,-6.55416716e-06,1.31223919e-06,6.23447704e-05,-2.04129628e-05
700,2.800000,2.49801922,-0.508728683,-0.823248208,0.0773579627,0.00911578909,4.45676231,-7.42901739e-06,7.76850811e-07,-6.54143787e-06,1.30970295e-06,6.21572108e-05,-2.03442596e-05
701,2.804000,2.49415731,-0.509367406,-0.823512316,0.0779566914,0.00922984816,4.45599222,-7.42199745e-06,7.82828124e-07,-6.5487734e-06,1.30543015e-06,6.191391e-05,-2.02483097e-05
702,2.808000,2.49029374,-0.509939551,-0.823801935,0.0785493255,0.00933931768,4.45522022,-7.4022746e-06,7.87282715e-07,-6.52684321e-06,1.29326531e-06,6.1699262e-05,-2.01627299e-05
703,2.812000,2.48645473,-0.510462523,-0.824109852,0.0791320652,0.00944416411,4.45444775,-7.37559139e-06,7.88526449e-07,-6.52150811e-06,1.29602063e-06,6.15283207e-05,-2.01055573e-05
704,2.816000,2.48265767,-0.510952711,-0.824432611,0.079702884,0.00954420678,4.45367384,-7.36092989e-06,7.95705432e-07,-6.53519919e-06,1.28712804e-06,6.13177617e-05,-2.00235045e-05
705,2.820000,2.47891402,-0.511418045,-0.824766397,0.0802622736,0.00963944569,4.45289707,-7.34220157e-06,8.04521846e-07,-6.52481867e-06,1.28194779e-06,6.11202922e-05,-1.99501301e-05
706,2.824000,2.22707391,-0.332420707,-0.522784531,0.0495200753,0.00961333886,2.13730955,-7.32676381e-06,8.08475647e-07,-6.52490871e-06,1.27820374e-06,6.09174967e-05,-1.98736598e-05
707,2.828000,2.09311628,-0.326476485,-0.464124948,0.067777887,0.00957754254,2.13905811,-7.30205602e-06,8.17835485e-07,-6.52082099e-06,1.27281885e-06,6.07286784e-05,-1.9803676e-05
708,2.832000,1.95941949,-0.338065177,-0.43713212,0.0751804709,0.00958899781,2.13960552,-7.2736284e-06,8.20894343e-07,-6.53030975e-06,1.26822454e-06,6.05542737e-05,-1.97388908e-05
709,2.836000,1.8250283,-0.351394355,-0.422588944,0.0789532065,0.00960837305,2.14014888,-7.27327551e-06,8.34135562e-07,-6.5356694e-06,1.25854069e-06,6.03240114e-05,-1.96503734e-05
710,2.840000,1.68905365,-0.362509876,-0.413632333,0.0813292861,0.0096321106,2.1411705,-7.24615438e-06,8.37464768e-07,-6.52858307e-06,1.25434462e-06,6.01231441e-05,-1.95743232e-05
711,2.844000,1.57292938,-0.370644093,-0.40762195,0.0830101818,0.00207385421,2.13439202,-7.21130209e-06,8.47935553e-07,-6.52270728e-06,1.24932978e-06,5.99128434e-05,-1.94904951e-05
712,2.848000,1.5186013,-0.376542777,-0.403774023,0.0842971504,0.00971380249,2.13234687,-7.18623232e-06,8.47314254e-07,-6.51927576e-06,1.24691542e-06,5.97323196e-05,-1.94264467e-05
713,2.852000,1.48661578,-0.38045156,-0.400860786,0.0852285922,0.00977372006,2.1295259,-7.16655541e-06,8.54239829e-07,-6.52743302e-06,1.24332269e-06,5.95406709e-05,-1.9354944e-05
714,2.856000,1.46619666,-0.383205146,-0.398748457,0.0859523267,0.00982541125,2.12722445,-7.14678345e-06,8.60502041e-07,-6.52077688e-06,1.23907569e-06,5.93656441e-05,-1.92942298e-05
715,2.860000,1.45252037,-0.385225981,-0.397320777,0.086492449,0.00986982696,2.12560153,-7.12623978e-06,8.6365003e-07,-6.51875189e-06,1.23476855e-06,5.91931894e-05,-1.92317966e-05
716,2.864000,1.44306576,-0.386740237,-0.396417975,0.0868984908,0.00990836509,2.12447619,-7.10158656e-06,8.70305598e-07,-6.50458833e-06,1.22421284e-06,5.89611227e-05,-1.91396302e-05
717,2.868000,1.43633389,-0.387885958,-0.395895511,0.0872150958,0.00994243287,2.12369108,-7.08477455e-06,8.74905027e-07,-6.50230731e-06,1.22305835e-06,5.8756752e-05,-1.90610608e-05
718,2.872000,1.43114066,-0.388764113,-0.395650715,0.0874707699,0.00997229479,2.12331867,-7.04775357e-06,8.82446443e-07,-6.51877872e-06,1.21876451e-06,5.85704656e-05,-1.899362e-05
719,2.876000,1.42726898,-0.389439076,-0.395590216,0.0876937211,0.0100009553,2.12297916,-7.03969499e-06,8.88519025e-07,-6.50009588e-06,1.20999232e-06,5.83697656e-05,-1.89168677e-05
720,2.880000,1.42431641,-0.389965028,-0.395650744,0.0878891945,0.0100287525,2.12268376,-7.00800774e-06,8.89140892e-07,-6.49940648e-06,1.21391224e-06,5.82585853e-05,-1.88903559e-05
721,2.884000,1.1787672,-0.0983142927,-0.0620242395,0.00040735025,0.00999572501,0.0160718113,-6.99351767e-06,8.9600212e-07,-6.50104084e-06,1.21181552e-06,5.80073865e-05,-1.87853366e-05
722,2.888000,1.04170907,-0.038738355,-0.0113536473,0.00391394272,0.0100233145,0.0202339962,-6.96955522e-06,9.15832061e-07,-6.49034018e-06,1.20189213e-06,5.78935396e-05,-1.87577934e-05
723,2.892000,0.905195475,-0.0220869891,-0.00343297515,0.00396293402,0.0100336224,0.0218065903,-6.94204527e-06,9.07006552e-07,-6.52415883e-06,1.20468201e-06,5.77825231e-05,-1.87289625e-05
724,2.896000,0.768831909,-0.0152103165,-0.00249023642,0.00398314372,0.010045737,0.022437498,-6.92836602e-06,9.15100031e-07,-6.52307426e-06,1.19594836e-06,5.75938939e-05,-1.86590751e-05
725,2.900000,0.632561564,-0.0118822176,-0.00257268548,0.00399842858,0.0100596771,0.0228700861,-6.90555044e-06,9.18378078e-07,-6.50290303e-06,1.19702008e-06,5.74633159e-05,-1.86200687e-05
726,2.904000,0.496026814,-0.0102004139,-0.00282995775,0.00402029231,0.0100739524,0.0233841389,-6.89834678e-06,9.20905336e-07,-6.5034983e-06,1.18942569e-06,5.7316749e-05,-1.85725748e-05
727,2.908000,0.35890618,-0.00942086522,-0.00319196656,0.00405550748,0.010087382,0.0241514742,-6.88681666e-06,9.29531325e-07,-6.49496087e-06,1.18476714e-06,5.7115245e-05,-1.84960172e-05
728,2.912000,0.21955049,-0.00946686976,-0.00409189519,0.00414987467,0.0100957714,0.0251994058,-6.85013947e-06,9.27386509e-07,-6.4966448e-06,1.18422508e-06,5.70474076e-05,-1.84938181e-05
729,2.916000,0.134331688,-0.00878635887,-0.0039744908,0.00413140096,0.010111127,0.018600665,-6.83477538e-06,9.30869874e-07,-6.48951209e-06,1.18338471e-06,5.69045369e-05,-1.84468481e-05
730,2.920000,0.0922031701,-0.00794503558,-0.00351160765,0.00381097198,0.0101461727,0.0161693469,-6.81357233e-06,9.35623461e-07,-6.51142e-06,1.18513822e-06,5.67924144e-05,-1.8415747e-05
731,2.924000,0.0679531693,-0.00751730986,-0.00346923806,0.00361108407,0.0101673836,0.0139808431,-6.79419145e-06,9.40501991e-07,-6.50063384e-06,1.17965374e-06,5.66486415e-05,-1.83687225e-05
732,2.928000,0.0531238541,-0.0072917128,-0.00357861724,0.00347147137,0.0101789087,0.0124675632,-6.79453615e-06,9.61390128e-07,-6.49980984e-06,1.17810157e-06,5.64925504e-05,-1.8320743e-05
733,2.932000,0.0431057028,-0.00722156838,-0.00376625732,0.00340491161,0.0123064574,0.0102152005,-6.77785101e-06,9.50059757e-07,-6.49084313e-06,1.16648926e-06,5.63222311e-05,-1.82577533e-05
734,2.936000,0.0369357504,-0.0071828505,-0.00392182451,0.00332750194,0.0123082437,0.00950267166,-6.75137017e-06,9.49460286e-07,-6.49223648e-06,1.16896126e-06,5.61891575e-05,-1.82196272e-05
735,2.940000,0.0337879993,-0.00719553046,-0.00403598137,0.00329586677,0.0123065561,0.00970474631,-6.7361625e-06,9.56534905e-07,-6.4952369e-06,1.16603667e-06,5.60672997e-05,-1.81858195e-05
736,2.944000,-0.00152281928,0.0371331312,-0.246149734,0.529036343,-0.00296550803,6.04316592e-05,-6.71666021e-06,9.63991283e-07,-6.51052824e-06,1.16086323e-06,5.58975298e-05,-1.81238629e-05
737,2.948000,-0.00668190327,0.128957897,-0.257469535,0.566895783,-0.00113578653,-0.00125676021,-6.69428573e-06,9.67798655e-07,-6.49713138e-06,1.16399428e-06,5.57870262e-05,-1.80975912e-05
738,2.952000,-0.0108868033,0.182831809,-0.270337582,0.568531394,-0.00119639933,-0.0012560375,-6.67202767e-06,9.65353365e-07,-6.47267052e-06,1.16047579e-06,5.56732957e-05,-1.80634943e-05
739,2.956000,-0.0134553229,0.21545063,-0.284932464,0.567720652,-0.00122142863,-0.00125515833,-6.66355527e-06,9.86560394e-07,-6.48284004e-06,1.14927411e-06,5.54876715e-05,-1.79988619e-05
740,2.960000,-0.015175161,0.236960769,-0.297038168,0.566486061,-0.0012398269,-0.00125446543,-6.64793561e-06,9.75281068e-07,-6.47029447e-06,1.15087187e-06,5.53626596e-05,-1.79627459e-05
741,2.964000,-0.0164067,0.251822382,-0.306215703,0.56537807,-0.001250159,-0.00125386566,-6.62419461e-06,9.75060061e-07,-6.4711403e-06,1.14633224e-06,5.5258166e-05,-1.79366107e-05
742,2.968000,-0.0173361301,0.262346298,-0.312945485,0.564499736,-0.00125404447,-0.00125328451,-6.60817341e-06,9.8447947e-07,-6.46048238e-06,1.14467957e-06,5.50878431e-05,-1.78788505e-05
743,2.972000,-0.0180699453,0.269905716,-0.317815661,0.563826084,-0.00125326775,-0.001252722,-6.5984309e-06,9.84533017e-07,-6.47668139e-06,1.14519821e-06,5.49687575e-05,-1.78462597e-05
744,2.976000,-0.0186735224,0.275393814,-0.321322709,0.563312888,-0.00124932174,-0.0012521632,-6.57865803e-06,1.00974523e-06,-6.48707282e-06,1.13822705e-06,5.47980671e-05,-1.77831189e-05
745,2.980000,-0.0191884972,0.279417068,-0.323845595,0.562919617,-0.00124327745,-0.00125161931,-6.56997372e-06,1.00392526e-06,-6.48902551e-06,1.13866304e-06,5.46640695e-05,-1.77424663e-05
746,2.984000,-0.0196420923,0.282400042,-0.325661868,0.562613368,-0.00123584084,-0.00125107169,-6.52810286e-06,1.00275565e-06,-6.46833996e-06,1.13754436e-06,5.45297153e-05,-1.76990598e-05
747,2.988000,-0.0200527627,0.284640729,-0.326971054,0.56236881,-0.00122752413,-0.00125052035,-6.52292192e-06,1.01920909e-06,-6.46384069e-06,1.13008593e-06,5.43901042e-05,-1.76580834e-05
748,2.992000,-0.0204323102,0.286352128,-0.327915967,0.56216836,-0.00121865887,-0.00124997646,-6.51266009e-06,1.00909506e-06,-6.46182025e-06,1.12603288e-06,5.42359485e-05,-1.76041813e-05
749,2.996000,-0.0207887758,0.287681252,-0.328602731,0.56200099,-0.00120949838,-0.00124944746,-6.48591231e-06,1.00990997e-06,-6.47666639e-06,1.12879241e-06,5.40971014e-05,-1.75601017e-05
750,3.000000,-0.0211276077,0.288737684,-0.329103053,0.561855912,-0.00120018329,-0.00124892965,-6.47677416e-06,1.03280718e-06,-6.48102741e-06,1.12050827e-06,5.3931486e-05,-1.7500277e-05
751,3.004000,-0.00257869367,-0.1166436,-1.40620768,2.38416839,0.00790356472,-0.00120628811,-6.45940463e-06,1.0269008e-06,-6.46929675e-06,1.12218356e-06,5.37971246e-05,-1.74558372e-05
752,3.008000,-0.00251984689,0.0373223945,-1.42227423,2.43207622,0.00813865475,-0.00124583766,-6.44237525e-06,1.03005436e-06,-6.46708122e-06,1.11477254e-06,5.3590913e-05,-1.73744156e-05
753,3.012000,-0.00218488928,0.148515821,-1.46472418,2.48509479,0.00811204687,-0.00124425068,-6.40918006e-06,1.04561946e-06,-6.47283196e-06,1.1057773e-06,5.34690516e-05,-1.73343542e-05
754,3.016000,-0.00209821877,0.281662405,-1.4669534,2.48389125,0.00809770264,-0.00124365464,-6.39926157e-06,1.05551135e-06,-6.47380875e-06,1.10618089e-06,5.32962149e-05,-1.72723521e-05
755,3.020000,-0.0020403848,0.416331977,-1.46665907,2.48343539,0.00808382314,-0.00124145672,-6.40485041e-06,1.04979654e-06,-6.46666786e-06,1.09830989e-06,5.30812613e-05,-1.71872871e-05
756,3.024000,-0.00199637166,0.552234828,-1.46432817,2.48344254,0.00807181094,-0.0012399368,-6.38684378e-06,1.05438232e-06,-6.46366971e-06,1.09276289e-06,5.29091594e-05,-1.71219563e-05
757,3.028000,-0.00193892233,0.690081179,-1.45882297,2.48402476,0.00803425349,-0.00123922527,-6.35525703e-06,1.05449601e-06,-6.46692115e-06,1.09142718e-06,5.27366392e-05,-1.70552339e-05
758,3.032000,-0.00180664752,0.815392017,-1.44734895,2.46797252,0.00794867612,-0.00123945251,-6.32112506e-06,1.06009918e-06,-6.46693979e-06,1.08946438e-06,5.26244294e-05,-1.70251715e-05
759,3.036000,-0.00178136583,0.876916945,-1.46971011,2.46700335,0.00796120986,-0.00123961642,-6.31793455e-06,1.06773734e-06,-6.45566388e-06,1.08097163e-06,5.23941126e-05,-1.692757e-05
760,3.040000,-0.00174242305,0.914082289,-1.49141407,2.46378064,0.00796143617,-0.00124222413,-6.29813439e-06,1.06988875e-06,-6.4660594e-06,1.07443032e-06,5.2221716e-05,-1.68629904e-05
761,3.044000,-0.00169024989,0.938271582,-1.50868177,2.46047568,0.00790220499,-0.00121930987,-6.26180326e-06,1.07692699e-06,-6.46085982e-06,1.07526841e-06,5.20620597e-05,-1.68046499e-05
762,3.048000,-0.00137008308,0.954538584,-1.52153552,2.45760274,0.00793889165,-0.00124807656,-6.26173687e-06,1.08463746e-06,-6.47520255e-06,1.07309688e-06,5.18637717e-05,-1.67252165e-05
763,3.052000,-0.000944724306,0.965548277,-1.53083396,2.455194,0.00797005091,-0.00125053898,-6.22255084e-06,1.08873769e-06,-6.47628212e-06,1.06813866e-06,5.17557346e-05,-1.66959489e-05
764,3.056000,-0.000504083,0.972927511,-1.5374403,2.45316267,0.00800143555,-0.0012527667,-6.21672552e-06,1.09739756e-06,-6.47018396e-06,1.0624077e-06,5.15478278e-05,-1.66145946e-05
765,3.060000,-5.87711111e-05,0.977747202,-1.54206061,2.45142269,0.00803299248,-0.0012547709,-6.21595154e-06,1.10203132e-06,-6.46001217e-06,1.05518041e-06,5.1357536e-05,-1.65413185e-05
766,3.064000,-0.000877190731,1.53588116,-0.0835746601,-0.000417188043,0.00160927465,-0.00128669059,-6.15992667e-06,1.10279336e-06,-6.46403805e-06,1.05532558e-06,5.12642582e-05,-1.65166639e-05
767,3.068000,-0.00070750626,1.33792627,-0.112830006,-0.00042728032,0.0014388538,-0.00125703402,-6.15638191e-06,1.11112115e-06,-6.48230116e-06,1.04958167e-06,5.10858808e-05,-1.64508128e-05
768,3.072000,-0.000643080857,1.15030253,-0.125308126,-0.00043442985,0.00138851488,-0.0012538177,-6.14808459e-06,1.14760405e-06,-6.46576018e-06,1.04651144e-06,5.08544763e-05,-1.63517343e-05
769,3.076000,-0.000608299335,0.967339098,-0.130121589,-0.000435832888,0.0013636183,-0.00124927657,-6.12484519e-06,1.1440967e-06,-6.47568459e-06,1.04193464e-06,5.06846955e-05,-1.62895558e-05
770,3.080000,-0.000584770052,0.786155403,-0.131899238,-0.000434857793,0.00135019235,-0.00124457292,-6.10944062e-06,1.13165061e-06,-6.49392405e-06,1.03975435e-06,5.05166245e-05,-1.62263623e-05
771,3.084000,-0.000563522626,0.605098248,-0.133299708,-0.000433112495,0.0013395776,-0.0012402134,-6.07970787e-06,1.15244609e-06,-6.47394018e-06,1.03255616e-06,5.03918054e-05,-1.61859934e-05
772,3.088000,-0.000543225033,0.423407078,-0.135551944,-0.000431907363,0.00133115472,-0.00123636052,-6.0744469e-06,1.14272598e-06,-6.45155342e-06,1.02459546e-06,5.01786344e-05,-1.60985437e-05
773,3.092000,-0.000567694195,0.238750309,-0.142400071,-0.000422618352,0.00138865272,-0.00123274652,-6.0538423e-06,1.14174884e-06,-6.45551199e-06,1.01980754e-06,5.00104143e-05,-1.60379241e-05
774,3.096000,-0.000680478464,0.120167106,-0.121093735,-0.000349404989,0.00158688659,-0.00122902263,-6.02192449e-06,1.14465763e-06,-6.46681247e-06,1.02078354e-06,4.98955378e-05,-1.60010277e-05
775,3.100000,-0.000687132997,0.0565929189,-0.0847955346,-0.000336702215,0.00161623908,-0.00122667802,-6.01502188e-06,1.14985926e-06,-6.44971033e-06,1.01257251e-06,4.97312794e-05,-1.59406973e-05
776,3.104000,-0.000690929184,0.016345609,-0.05369398,-0.000330175972,0.00163875427,-0.00122522796,-6.0003058e-06,1.15452337e-06,-6.4596461e-06,1.01262776e-06,4.95793574e-05,-1.58881448e-05
777,3.108000,-0.00068713096,0.00224664528,-0.0226579309,-0.000417346368,0.00134346774,-0.00122582959,-5.97749113e-06,1.16046533e-06,-6.43182238e-06,1.01057276e-06,4.94593223e-05,-1.5851514e-05
778,3.112000,-0.0006898992,-0.00485945493,-0.00513867196,-0.00025972724,0.00164347421,-0.00122401305,-5.97028247e-06,1.15847672e-06,-6.44399734e-06,1.0082731e-06,4.93485059e-05,-1.58197254e-05
779,3.116000,-0.00068331568,-0.00934794731,0.000775814173,-0.000196094159,0.0017475104,-0.0012232312,-5.93604091e-06,1.16139745e-06,-6.43030444e-06,1.00785803e-06,4.92348845e-05,-1.5786638e-05
780,3.120000,-0.000670284382,-0.0119950287,0.00241464702,-0.000175639288,0.00178776309,-0.00122277951,-5.91094022e-06,1.16027888e-06,-6.43073281e-06,1.00609395e-06,4.91534374e-05,-1.5766198e-05
781,3.124000,-0.00164933281,-0.110354781,-0.558613539,1.02963305,0.00573968282,-0.00120424293,-5.91076241e-06,1.16588592e-06,-6.43741078e-06,9.99502731e-07,4.90046477e-05,-1.57176582e-05
782,3.128000,-0.00166780001,0.034613397,-0.589313626,1.09134352,0.00562678045,-0.00108263828,-5.8973601e-06,1.17378534e-06,-6.44783586e-06,9.9575152e-07,4.89037047e-05,-1.56919341e-05
783,3.132000,-0.00148973125,0.159969717,-0.60993892,1.11731052,0.00562239252,-0.0011129491,-5.8681776e-06,1.194368e-06,-6.46807894e-06,9.96413746e-07,4.88214864e-05,-1.56711612e-05
784,3.136000,-0.00139154494,0.280840337,-0.602156937,1.09388912,0.0057015121,-0.00121327303,-5.86877286e-06,1.2033131e-06,-6.46085437e-06,9.90126409e-07,4.86408571e-05,-1.56027927e-05
785,3.140000,-0.00137222349,0.339336067,-0.625578284,1.08501434,0.00557783758,-0.00114506297,-5.84506324e-06,1.19899016e-06,-6.4570163e-06,9.93333174e-07,4.85876808e-05,-1.56029946e-05
786,3.144000,-0.00134689815,0.37461707,-0.647075653,1.0746665,0.00552586,-0.00112717599,-5.83422207e-06,1.18997787e-06,-6.42802979e-06,9.94312586e-07,4.84372395e-05,-1.55510479e-05
787,3.148000,-0.00132756808,0.397744179,-0.663223803,1.06473541,0.00559135061,-0.00118053146,-5.80947835e-06,1.2028936e-06,-6.42674695e-06,9.92176979e-07,4.83579752e-05,-1.55319685e-05
788,3.152000,-0.00131054467,0.413426608,-0.674345255,1.05556297,0.00562508125,-0.00121343508,-5.81022277e-06,1.20812797e-06,-6.42947816e-06,9.86558689e-07,4.81767929e-05,-1.54628142e-05
789,3.156000,-0.00129432615,0.424111962,-0.68149066,1.04710162,0.00560728647,-0.00121390074,-5.80053711e-06,1.2008004e-06,-6.4267374e-06,9.82029974e-07,4.80216877e-05,-1.54107147e-05
790,3.160000,-0.00127935864,0.43129614,-0.685661614,1.03923237,0.0055909669,-0.00121425837,-5.77256378e-06,1.21283097e-06,-6.43621024e-06,9.86326882e-07,4.79534501e-05,-1.53996025e-05
791,3.164000,-0.00126496749,0.435982287,-0.687655568,1.03184056,0.00557580218,-0.00121451542,-5.74869955e-06,1.20070627e-06,-6.43553494e-06,9.82289635e-07,4.78850452e-05,-1.53890396e-05
792,3.168000,-0.00125083409,0.438873768,-0.68807137,1.02483177,0.00556142395,-0.00121469237,-5.74245314e-06,1.22433255e-06,-6.4327387e-06,9.74510272e-07,4.77099238e-05,-1.53223336e-05
793,3.172000,-0.00123675563,0.440473944,-0.68735373,1.01813614,0.00554763991,-0.00121479854,-5.71506598e-06,1.22189931e-06,-6.42434316e-06,9.81901394e-07,4.76407331e-05,-1.53099827e-05
794,3.176000,-0.00122276985,0.441149086,-0.685824752,1.01169968,0.00553435739,-0.00121485442,-5.7139614e-06,1.21261849e-06,-6.41805082e-06,9.7122745e-07,4.7470523e-05,-1.52477978e-05
795,3.180000,-0.00120881118,0.44116044,-0.683723509,1.00548315,0.00552135566,-0.00121487491,-5.6895401e-06,1.21343123e-06,-6.41517863e-06,9.73949454e-07,4.73859254e-05,-1.52259781e-05
796,3.184000,-0.000792992301,0.472793043,-0.235571608,0.160871476,0.00316228834,-0.00122572121,-5.68816313e-06,1.21959238e-06,-6.42137593e-06,9.60689363e-07,4.72159591e-05,-1.51637178e-05
797,3.188000,-0.00081661786,0.298503309,-0.260416985,0.163466305,0.00317967078,-0.00122048217,-5.66942253e-06,1.23495568e-06,-6.42618215e-06,9.64891342e-07,4.71464919e-05,-1.51539798e-05
798,3.192000,-0.000801389629,0.219919816,-0.230348349,0.158295751,0.003151624,-0.00121816527,-5.64507309e-06,1.24121129e-06,-6.41830684e-06,9.67600272e-07,4.70342566e-05,-1.51201302e-05
799,3.196000,-0.00080731418,0.17427057,-0.197483584,0.15676342,0.00314815179,-0.00121592893,-5.64147012e-06,1.23098414e-06,-6.42704617e-06,9.65038225e-07,4.6884772e-05,-1.5069857e-05
800,3.200000,-0.000809955469,0.144032806,-0.169818506,0.155328557,0.0031492901,-0.00121441297,-5.62638252e-06,1.23667348e-06,-6.42349869e-06,9.52070707e-07,4.67663194e-05,-1.50316346e-05
801,3.204000,-0.000807293691,0.122628175,-0.148013249,0.153277248,0.00314972084,-0.00121345918,-5.61900742e-06,1.24029032e-06,-6.41403858e-06,9.5338055e-07,4.66438614e-05,-1.49927137e-05
802,3.208000,-0.000801232178,0.10699904,-0.131087631,0.150604546,0.00314844889,-0.00121282425,-5.5880173e-06,1.2398682e-06,-6.39960945e-06,9.53528797e-07,4.65747435e-05,-1.498041e-05
803,3.212000,-0.000793453364,0.0954034701,-0.11791046,0.147446573,0.0031455881,-0.00121238374,-5.59019918e-06,1.24573626e-06,-6.40081407e-06,9.46812236e-07,4.6405934e-05,-1.49171701e-05
804,3.216000,-0.000784991717,0.0867080092,-0.107536405,0.143943503,0.00314145884,-0.0012120672,-5.56743771e-06,1.25638576e-06,-6.42101668e-06,9.44509225e-07,4.62874814e-05,-1.48817935e-05
805,3.220000,-0.000776384084,0.0801229477,-0.0992414132,0.140208989,0.00313639641,-0.00121181947,-5.54755525e-06,1.26704469e-06,-6.42148507e-06,9.48727461e-07,4.62073112e-05,-1.48619038e-05
806,3.224000,-0.000767858583,0.0750809312,-0.0924854353,0.136326134,0.00313067948,-0.00121161679,-5.54492362e-06,1.2584652e-06,-6.42535724e-06,9.42256008e-07,4.60479241e-05,-1.48048866e-05
807,3.228000,-0.000759550661,0.0711692572,-0.0868717879,0.13235715,0.00312450179,-0.00121145067,-5.52853544e-06,1.27834778e-06,-6.40981716e-06,9.35142168e-07,4.58912946e-05,-1.47448927e-05
808,3.232000,-0.000751459214,0.0680895224,-0.0821079239,0.128348619,0.00311802118,-0.00121129584,-5.50507866e-06,1.27553301e-06,-6.40753979e-06,9.32477292e-07,4.57840761e-05,-1.47078808e-05
809,3.236000,-0.000743591751,0.0656224489,-0.0779789537,0.124331802,0.00311136968,-0.00121115684,-5.49770584e-06,1.28509407e-06,-6.42135228e-06,9.31396471e-07,4.56034977e-05,-1.46382972e-05
810,3.240000,-0.000735943497,0.0636080131,-0.07432805,0.120331138,0.00310460897,-0.0012110261,-5.47237914e-06,1.29259115e-06,-6.4221922e-06,9.2538761e-07,4.54693072e-05,-1.45915019e-05
811,3.244000,-0.00369908847,-0.00446512736,-0.0290132314,0.022992149,0.122102454,-0.0239124428,-5.45222747e-06,1.27813428e-06,-6.41210909e-06,9.22244567e-07,4.53648208e-05,-1.45559798e-05
812,3.248000,-0.00608767569,-0.0177297443,-0.0359210409,0.0239615217,0.0425027646,-0.0264723189,-5.45467265e-06,1.28313388e-06,-6.40452345e-06,9.22330742e-07,4.5159537e-05,-1.44717906e-05
813,3.252000,-0.00182115601,-0.027102787,-0.0445100591,0.0372050852,0.0151726175,-0.00894216448,-5.41361351e-06,1.29887007e-06,-6.39015025e-06,9.20089803e-07,4.50872394e-05,-1.44555434e-05
814,3.256000,-2.43726536e-05,-0.0291023962,-0.0474661514,0.0486276112,0.00832413509,0.00497893896,-5.4185175e-06,1.30572005e-06,-6.40292592e-06,9.13873862e-07,4.48996288e-05,-1.43821198e-05
815,3.260000,1.6340171e-05,-0.0325064585,-0.0516406745,0.0523105748,-0.000620199484,0.0106981499,-5.40127212e-06,1.29711759e-06,-6.41387351e-06,9.05612183e-07,4.47562343e-05,-1.43298776e-05
816,3.264000,-5.91251301e-05,-0.0313428864,-0.0497992598,0.0502538122,-0.000560107641,0.0087018786,-5.36997595e-06,1.3131729e-06,-6.40293001e-06,9.03841396e-07,4.46450358e-05,-1.42906956e-05
817,3.268000,4.77432623e-05,-0.031245172,-0.0494492985,0.0503710695,-0.000145418453,0.00963480398,-5.37160577e-06,1.30612409e-06,-6.39804966e-06,9.03920125e-07,4.44370417e-05,-1.42051986e-05
818,3.272000,-1.24666258e-05,-0.029862348,-0.047414232,0.0476942398,-0.000358491903,0.00845232606,-5.33897219e-06,1.33663502e-06,-6.40284998e-06,9.01805663e-07,4.43491845e-05,-1.41779647e-05
819,3.276000,-4.10680659e-05,-0.0301413387,-0.0476617888,0.0479880869,-0.000952453236,0.00956699066,-5.3222293e-06,1.31457705e-06,-6.40880398e-06,8.92424453e-07,4.41537741e-05,-1.40998254e-05
820,3.280000,8.6182321e-05,-0.0293014273,-0.0466093794,0.0480117127,0.000387444888,0.00868398696,-5.30711668e-06,1.3337376e-06,-6.38553956e-06,8.94260722e-07,4.40570257e-05,-1.40718239e-05
821,3.284000,-1.31477136e-05,-0.0283893719,-0.0449909829,0.0453305617,-0.000399857992,0.00910757575,-5.30047464e-06,1.33613275e-06,-6.41963152e-06,8.90996148e-07,4.38708885e-05,-1.39975264e-05
822,3.288000,-1.72942528e-05,-0.0274036527,-0.0435429066,0.0432860889,-0.000202538038,0.00845495611,-5.2867058e-06,1.33280787e-06,-6.40944745e-06,8.80562993e-07,4.36941118e-05,-1.39258127e-05
823,3.292000,-5.40361507e-05,-0.0273075607,-0.0431207418,0.0431716703,-0.000893445918,0.00946766231,-5.25560563e-06,1.33295828e-06,-6.39461541e-06,8.82382096e-07,4.3610049e-05,-1.39023814e-05
824,3.296000,5.27133816e-05,-0.0265250504,-0.0420561992,0.0421928503,5.37470914e-05,0.00839575939,-5.25940277e-06,1.35072844e-06,-6.39257814e-06,8.78134642e-07,4.34000685e-05,-1.38140949e-05
825,3.300000,6.76725176e-05,-0.0272785202,-0.0431192555,0.0445752591,-0.000952743343,0.00941524841,-5.23561448e-06,1.35363075e-06,-6.39621248e-06,8.72795113e-07,4.32487359e-05,-1.3757237e-05
826,3.304000,-0.000236700987,-0.0126984417,-0.0212736316,0.0443863124,0.00287817186,0.00366629334,-5.20422054e-06,1.35705614e-06,-6.38158053e-06,8.69112455e-07,4.31648514e-05,-1.37344969e-05
827,3.308000,-0.000311075361,-0.0082523115,-0.017029088,0.0512467287,-0.00318550202,0.00315169524,-5.20893582e-06,1.34575089e-06,-6.37448647e-06,8.63597961e-07,4.29601059e-05,-1.36518092e-05
828,3.312000,-0.000693843118,-0.00798848085,-0.0137664899,0.0450435355,-0.00342074432,0.00242584036,-5.19301284e-06,1.36402991e-06,-6.37980793e-06,8.63842104e-07,4.2869764e-05,-1.36270755e-05
829,3.316000,0.000155409361,-0.00794144534,-0.0156545267,0.0491745062,0.00774883665,0.000305997441,-5.15889906e-06,1.38655241e-06,-6.38885058e-06,8.6276134e-07,4.27355626e-05,-1.35756745e-05
830,3.320000,-0.00170427677,-0.00686790049,-0.010055311,0.0384142362,-0.0133039001,0.00355058024,-5.16336468e-06,1.3786987e-06,-6.40041935e-06,8.57338307e-07,4.25311373e-05,-1.34898119e-05
831,3.324000,-2.79190717e-05,-0.00357482024,-0.00255737826,0.0278088823,-0.000240266789,-2.276944e-05,-5.14496878e-06,1.36970687e-06,-6.4085516e-06,8.5354776e-07,4.2405416e-05,-1.34479606e-05
832,3.328000,-0.000170836633,-0.00488451868,-0.0076861009,0.0345881656,0.00223191665,0.00116853951,-5.12410497e-06,1.38934388e-06,-6.4067267e-06,8.48681566e-07,4.23145539e-05,-1.34243683e-05
833,3.332000,-0.000340739731,-0.00547295064,-0.00889473781,0.0363598429,0.00138447573,0.00088576274,-5.12266615e-06,1.39353938e-06,-6.39514428e-06,8.453909e-07,4.21657169e-05,-1.33674685e-05
834,3.336000,-0.000335757388,-0.00543832965,-0.00886658579,0.0357156843,0.000763889868,0.00133525732,-5.09522033e-06,1.41420469e-06,-6.38356005e-06,8.39651591e-07,4.20239085e-05,-1.33120684e-05
835,3.340000,-0.00172967685,-0.00512463413,-0.00802086666,0.0353421383,-0.0131246774,0.00481019588,-5.09497659e-06,1.40061798e-06,-6.37682979e-06,8.39775453e-07,4.18347408e-05,-1.32360592e-05
836,3.344000,-0.00143443956,-0.00530399755,-0.00770127028,0.0326833092,-0.0100096734,0.00214064657,-5.07048935e-06,1.40411441e-06,-6.3837324e-06,8.28565874e-07,4.17037445e-05,-1.31911856e-05
837,3.348000,-0.000276877661,-0.0026138071,-0.00191575661,0.0251723975,0.00277445116,-0.00523779262,-5.04729906e-06,1.39374492e-06,-6.36894401e-06,8.31666398e-07,4.15603063e-05,-1.31360157e-05
838,3.352000,0.000281689689,-0.00646536984,-0.00931057334,0.0321176872,-0.00909823272,0.00716070738,-5.03266347e-06,1.40522616e-06,-6.37816947e-06,8.26974087e-07,4.1478761e-05,-1.31167944e-05
839,3.356000,-0.000280858018,-0.00468797609,-0.0076826103,0.0310901515,0.00118836539,0.00107442949,-5.00106944e-06,1.39498013e-06,-6.38235724e-06,8.33036779e-07,4.1364834e-05,-1.30791695e-05
840,3.360000,-0.000656812044,-0.00521466695,-0.00959437713,0.0340637378,-0.00367533788,0.00226930506,-4.9884834e-06,1.39792201e-06,-6.37100902e-06,8.2834822e-07,4.13120069e-05,-1.30733724e-05
841,3.364000,-0.000114039227,-0.00201158971,-0.00320523605,0.0305592194,0.00153810694,0.000577375991,-4.99403041e-06,1.40492966e-06,-6.38359597e-06,8.22629318e-07,4.11600267e-05,-1.30166845e-05
842,3.368000,-0.000618600869,-0.000162744895,-0.001163017,0.0305788629,-0.00345929712,0.00142012513,-4.97768815e-06,1.41858413e-06,-6.3723005e-06,8.2706714e-07,4.11220572e-05,-1.30206236e-05
843,3.372000,-0.00024840323,0.00140299834,0.00239904597,0.0258951858,0.00140626379,9.23648477e-05,-4.95169434e-06,1.42138026e-06,-6.38926258e-06,8.21013202e-07,4.1043877e-05,-1.29991222e-05
844,3.376000,-0.000445703568,0.00132711045,0.0017366372,0.0275269896,-0.00106252357,0.000537977903,-4.93160223e-06,1.42638385e-06,-6.37406947e-06,8.23965649e-07,4.09673157e-05,-1.29826476e-05
845,3.380000,-0.000730265863,0.00170424208,0.00154764578,0.0282084271,-0.00503141247,0.00157031999,-4.93817606e-06,1.41358157e-06,-6.37923995e-06,8.19293177e-07,4.08162887e-05,-1.29266964e-05
846,3.384000,-0.000219687121,0.00167241693,0.00279871374,0.0251870304,0.00167528307,-7.77635723e-05,-4.92360005e-06,1.41505234e-06,-6.36669802e-06,8.17902787e-07,4.07439147e-05,-1.29130885e-05
847,3.388000,-0.000340651954,0.00193061866,0.00276745483,0.0250651017,-0.000392803224,0.000429963926,-4.90359525e-06,1.41719977e-06,-6.36461118e-06,8.1578645e-07,4.06422187e-05,-1.28787597e-05
848,3.392000,-0.000372168841,0.000376099721,0.000688880682,0.0273897201,0.00177269336,-4.42533637e-05,-4.89081458e-06,1.41808778e-06,-6.36365439e-06,8.14925443e-07,4.05891806e-05,-1.28738384e-05
849,3.396000,-0.000105464424,0.00215006806,0.00349924341,0.0226716883,0.00206294842,-0.000165653648,-4.89358126e-06,1.42286228e-06,-6.35792912e-06,8.13268628e-07,4.04525235e-05,-1.28253214e-05
850,3.400000,-8.08309997e-05,0.00195174105,0.00317924097,0.0229965113,0.00201647682,-0.000179364579,-4.87435e-06,1.43699299e-06,-6.36300501e-06,8.03542491e-07,4.03761223e-05,-1.28086376e-05
851,3.404000,-0.000292204728,0.00161233917,0.00227636471,0.0239713043,0.000463957898,0.000213303254,-4.85841838e-06,1.43995999e-06,-6.350077e-06,8.08610082e-07,4.03377562e-05,-1.28135234e-05
852,3.408000,-0.000367820292,0.00215493701,0.00268064439,0.0230905339,-0.00151994324,0.000758847338,-4.85498094e-06,1.44149658e-06,-6.35359265e-06,8.08088828e-07,4.0216386e-05,-1.27713702e-05
853,3.412000,-8.32350343e-05,0.00180131383,0.00288084522,0.0218831562,0.00236872863,-0.000251321937,-4.84791963e-06,1.44717262e-06,-6.3695702e-06,8.09148901e-07,4.01172038e-05,-1.27418652e-05
854,3.416000,-4.82261821e-05,0.00317939371,0.00507507846,0.0180504471,0.00201310473,-0.000190423336,-4.82981568e-06,1.45468391e-06,-6.3616726e-06,8.00377734e-07,4.00220306e-05,-1.27132635e-05
855,3.420000,-0.000149137748,0.00175867602,0.00280566886,0.0212018006,0.00234512961,-0.000275224447,-4.81250663e-06,1.47392859e-06,-6.38257598e-06,7.99753252e-07,3.99120945e-05,-1.26758314e-05
856,3.424000,-0.000207688252,0.00249996595,0.00367651135,0.0214945637,0.00114863319,1.95200555e-05,-4.78989932e-06,1.46093964e-06,-6.3872958e-06,8.02180296e-07,3.98853117e-05,-1.26845562e-05
857,3.428000,-0.000142469478,0.0044323355,0.00694173202,0.0173165165,0.0014038966,-0.000140319811,-4.77647427e-06,1.44896114e-06,-6.38135998e-06,7.97335304e-07,3.98094053e-05,-1.26689101e-05
858,3.432000,4.02133446e-06,0.0045554135,0.00728541613,0.0172176473,0.00207219226,-0.000383865321,-4.77843651e-06,1.48351182e-06,-6.3589614e-06,7.93768891e-07,3.9651437e-05,-1.26074337e-05
859,3.436000,-3.46489251e-05,0.00387989543,0.00620357133,0.0186553411,0.00236526504,-0.00050226145,-4.7626695e-06,1.4827657e-06,-6.3710022e-06,7.95498806e-07,3.95736206e-05,-1.25907954e-05
860,3.440000,-8.15264066e-05,0.00388009474,0.00618164614,0.0183219053,0.00253906636,-0.000587994698,-4.74373337e-06,1.46710045e-06,-6.37745461e-06,7.99689587e-07,3.9517814e-05,-1.25799506e-05
861,3.444000,-0.000122524856,0.0037042629,0.00577926822,0.0184765942,0.00191632705,-0.0004156371,-4.74623539e-06,1.46016953e-06,-6.35778861e-06,7.88718239e-07,3.93924565e-05,-1.25395136e-05
862,3.448000,2.65193521e-05,0.0050467737,0.0080309771,0.0148160607,0.00229077414,-0.000574622769,-4.72687543e-06,1.4734569e-06,-6.37683388e-06,7.88439252e-07,3.92884976e-05,-1.25051629e-05
863,3.452000,-2.28937133e-05,0.00422577187,0.00670213625,0.0164022483,0.00270350697,-0.000751705898,-4.70643681e-06,1.47929541e-06,-6.38364963e-06,7.88324257e-07,3.91884423e-05,-1.24732023e-05
864,3.456000,7.56399822e-05,0.00361733325,0.00572839752,0.0173673145,0.00287905987,-0.000758741051,-4.70275245e-06,1.49665755e-06,-6.35563902e-06,7.84575434e-07,3.91402027e-05,-1.24715971e-05
865,3.460000,-0.00017786707,0.00369187258,0.00529564358,0.0177681595,0.00012386695,0.000156644848,-4.70868054e-06,1.46940852e-06,-6.35880724e-06,7.80253458e-07,3.89981396e-05,-1.24196395e-05
866,3.464000,-0.000113327231,0.00471719541,0.00707313605,0.0145922005,0.000497806002,1.61541393e-05,-4.68506369e-06,1.48011293e-06,-6.35895503e-06,7.82677375e-07,3.89454217e-05,-1.24127182e-05
867,3.468000,-8.76258127e-07,0.00459834002,0.00728629157,0.0135232173,0.00252355542,-0.000672455877,-4.67024392e-06,1.48838149e-06,-6.35442984e-06,7.79827928e-07,3.87911823e-05,-1.23525397e-05
868,3.472000,4.68387152e-05,0.00423834193,0.00670203939,0.0140181333,0.00281413714,-0.000819105422,-4.64111054e-06,1.48946719e-06,-6.36989125e-06,7.82531231e-07,3.87701984e-05,-1.23648088e-05
869,3.476000,3.11899348e-05,0.0041403221,0.00651512109,0.0138762295,0.00298007671,-0.000884589041,-4.6520413e-06,1.49377547e-06,-6.35812239e-06,7.73756256e-07,3.85922758e-05,-1.22907377e-05
870,3.480000,1.26165105e-05,0.00413739122,0.00652052462,0.0136058964,0.00297092181,-0.000935167307,-4.63057404e-06,1.51593952e-06,-6.36087225e-06,7.76904528e-07,3.84883642e-05,-1.22584779e-05
871,3.484000,-0.0017603233,-0.13726455,-0.024156332,0.000704880804,0.00649472605,-9.6142292e-05,-4.61620903e-06,1.48764912e-06,-6.36729692e-06,7.74720206e-07,3.84237501e-05,-1.22428337e-05
872,3.488000,-0.00194557174,-0.198460072,-0.011972487,0.000712648034,0.00686081592,-9.70698893e-05,-4.62067101e-06,1.48942934e-06,-6.34866183e-06,7.68764153e-07,3.8265538e-05,-1.21806515e-05
873,3.492000,-0.00158283277,-0.23370254,0.00479825586,0.00163711607,0.0105231181,-9.0604648e-05,-4.6031696e-06,1.49102004e-06,-6.34146454e-06,7.60366561e-07,3.81204954e-05,-1.21209168e-05
874,3.496000,-0.00237563439,-0.259167165,0.0145918578,0.000518780202,0.00701032812,-0.000101197511,-4.58892237e-06,1.49065409e-06,-6.34373282e-06,7.61349042e-07,3.80511228e-05,-1.21041166e-05
875,3.500000,-0.0031659354,-0.277725786,0.0189274009,0.000641651452,0.00799297169,0.000135986134,-4.58752447e-06,1.51105053e-06,-6.35205561e-06,7.57863234e-07,3.78861441e-05,-1.20352806e-05
876,3.504000,-0.00315473368,-0.290333897,0.0218792241,0.00076309219,0.00844917074,0.000137042254,-4.57362603e-06,1.53577196e-06,-6.33784111e-06,7.52758126e-07,3.7751488e-05,-1.198268e-05
877,3.508000,-0.00287034269,-0.298434287,0.0255191214,0.000796377659,0.0083935624,0.000136647373,-4.54555766e-06,1.52305859e-06,-6.34547723e-06,7.48034836e-07,3.76550925e-05,-1.19527704e-05
878,3.512000,-0.00272659562,-0.304413617,0.0288651828,0.000784084201,0.00824046601,-9.86792147e-05,-4.5308575e-06,1.50997505e-06,-6.34459229e-06,7.52579638e-07,3.75362506e-05,-1.19107235e-05
879,3.516000,-0.00288058561,-0.309295297,0.0315539911,0.000747002661,0.00807349756,-9.90424305e-05,-4.51240658e-06,1.51084851e-06,-6.34947901e-06,7.47811498e-07,3.74669034e-05,-1.1889957e-05
880,3.520000,-0.00321161561,-0.313460797,0.0336673707,0.000724211335,0.00801309943,-9.92733985e-05,-4.49817935e-06,1.54625479e-06,-6.33464242e-06,7.44625368e-07,3.73474504e-05,-1.18461521e-05
881,3.524000,-0.00359590747,-0.31705749,0.035387408,0.00059902668,0.00486108847,0.00223451294,-4.49147865e-06,1.52110215e-06,-6.34912658e-06,7.4365289e-07,3.72176219e-05,-1.17963127e-05
882,3.528000,-0.00397385517,-0.320342392,0.0368015878,0.000630035996,0.00617255038,0.00131127425,-4.47846696e-06,1.52369455e-06,-6.33458694e-06,7.40277585e-07,3.70981579e-05,-1.17528753e-05
883,3.532000,-0.00428445358,-0.323304385,0.0380304456,0.000573363155,0.00477481633,0.0022349488,-4.47832917e-06,1.54245652e-06,-6.34269009e-06,7.38301651e-07,3.69270056e-05,-1.1682082e-05
884,3.536000,-0.004614993,-0.326089591,0.0390747376,0.0005575791,0.00471196603,0.00223466009,-4.452967e-06,1.52989367e-06,-6.34512298e-06,7.32668411e-07,3.68156689e-05,-1.1643272e-05
885,3.540000,-0.00498448778,-0.32871747,0.0399884693,0.000542547554,0.0046537444,0.00223455764,-4.43351519e-06,1.53387361e-06,-6.3479124e-06,7.28598138e-07,3.67215944e-05,-1.16094816e-05
886,3.544000,-0.0278832652,-0.156834558,0.65731442,-1.10012507,0.0111809783,0.00224956498,-4.43493991e-06,1.5596296e-06,-6.34689286e-06,7.25794109e-07,3.65651867e-05,-1.15485682e-05
887,3.548000,-0.0352427587,-0.228347152,0.668913662,-1.10488725,0.0110599604,0.00226506963,-4.41615839e-06,1.55859971e-06,-6.33986701e-06,7.26885503e-07,3.64440421e-05,-1.15040166e-05
888,3.552000,-0.0394666344,-0.266121894,0.690278172,-1.10484815,0.0109582748,0.00226571783,-4.4000476e-06,1.5622411e-06,-6.33890158e-06,7.19182424e-07,3.63209292e-05,-1.14565692e-05
889,3.556000,-0.0422875993,-0.290063322,0.709727287,-1.1043489,0.0108907558,0.00226663426,-4.38613642e-06,1.56109058e-06,-6.33209993e-06,7.15623798e-07,3.62528808e-05,-1.1441165e-05
890,3.560000,-0.0442850478,-0.306972444,0.72505492,-1.10395443,0.0127156544,0.000968627632,-4.37506014e-06,1.56813951e-06,-6.33380205e-06,7.15252611e-07,3.61254242e-05,-1.13905899e-05
891,3.564000,-0.0457569584,-0.319471061,0.736767352,-1.1040343,0.015451815,-0.00104260817,-4.35846141e-06,1.55931161e-06,-6.35364722e-06,7.14540761e-07,3.60049307e-05,-1.13457609e-05
892,3.568000,-0.0468690991,-0.32890591,0.745666862,-1.10459471,0.016917374,-0.0020949319,-4.33716286e-06,1.57549835e-06,-6.34551543e-06,7.11484006e-07,3.58931866e-05,-1.130691e-05
893,3.572000,-0.0477255657,-0.336165696,0.752401054,-1.10544312,0.0170808993,-0.00220631436,-4.34786671e-06,1.58066882e-06,-6.34335856e-06,7.06112985e-07,3.57166391e-05,-1.12335729e-05
894,3.576000,-0.0484170653,-0.341825008,0.757568538,-1.10655057,0.0170808118,-0.002206631,-4.33453897e-06,1.58888213e-06,-6.34900016e-06,7.00084342e-07,3.55960801e-05,-1.11888094e-05
895,3.580000,-0.0490119494,-0.346315712,0.761564016,-1.10781395,0.0170822423,-0.00220688432,-4.31774697e-06,1.61059086e-06,-6.3480561e-06,6.92655078e-07,3.54733638e-05,-1.11433128e-05
896,3.584000,-0.0495462045,-0.349949002,0.764692903,-1.10917091,0.0170805566,-0.00220700726,-4.29115516e-06,1.59618958e-06,-6.34835806e-06,6.94997766e-07,3.53474679e-05,-1.10920164e-05
897,3.588000,-0.0500390977,-0.352934361,0.767194867,-1.11060584,0.0170791745,-0.00220709294,-4.27991017e-06,1.59944364e-06,-6.32700994e-06,6.94007781e-07,3.52169809e-05,-1.10431902e-05
898,3.592000,-0.0505022071,-0.355441809,0.769231677,-1.11209381,0.0170793198,-0.00220709667,-4.25839789e-06,1.59547119e-06,-6.32879164e-06,6.91770254e-07,3.51448325e-05,-1.10210804e-05
899,3.596000,-0.0509436131,-0.357593626,0.77091378,-1.11358774,0.0170779135,-0.00220705941,-4.24328073e-06,1.59961621e-06,-6.31913281e-06,6.8907633e-07,3.50353766e-05,-1.09840148e-05
900,3.600000,-0.0513685122,-0.35947153,0.772354186,-1.11511624,0.0170771908,-0.00220699608,-4.23256915e-06,1.60231912e-06,-6.30462182e-06,6.84906979e-07,3.49158545e-05,-1.09408738e-05
901,3.604000,-0.00139823044,-0.199713886,1.38986015,-2.3381269,-0.0152892573,-0.00228025019,-4.21612503e-06,1.58609669e-06,-6.31099783e-06,6.84884981e-07,3.47908099e-05,-1.08933828e-05
902,3.608000,0.00472105062,-0.371731132,1.33341599,-2.35260701,-0.0195767879,-0.00234722346,-4.22447783e-06,1.61114326e-06,-6.30863269e-06,6.76920934e-07,3.46059569e-05,-1.08154136e-05
903,3.612000,0.00541264284,-0.524617374,1.30667317,-2.36118054,-0.0198288225,-0.00234445557,-4.20918423e-06,1.61435764e-06,-6.3149605e-06,6.7538457e-07,3.45314402e-05,-1.0794668e-05
904,3.616000,0.00570111116,-0.670787215,1.29023159,-2.36691284,-0.0226385444,-0.000409189612,-4.1849903e-06,1.6029976e-06,-6.32610227e-06,6.7518431e-07,3.44127511e-05,-1.07471287e-05
905,3.620000,0.00577435084,-0.777521789,1.28699434,-2.3550446,-0.0261973552,0.00223425403,-4.17023193e-06,1.61807463e-06,-6.32857018e-06,6.70378427e-07,3.4293822e-05,-1.07021633e-05
906,3.624000,0.00587198744,-0.82999593,1.3114723,-2.35537791,-0.0263161473,0.00223170593,-4.15535214e-06,1.61028152e-06,-6.32236834e-06,6.69058522e-07,3.41898049e-05,-1.06678344e-05
907,3.628000,0.00592343602,-0.862442672,1.33429992,-2.35424972,-0.0263974871,0.00223192945,-4.14548776e-06,1.61256128e-06,-6.31325292e-06,6.65140135e-07,3.40603001e-05,-1.06170564e-05
908,3.632000,0.00596389268,-0.88443774,1.35232711,-2.35329938,-0.026473416,0.00223198533,-4.13431007e-06,1.61537014e-06,-6.30458544e-06,6.5899809e-07,3.39555445e-05,-1.05849931e-05
909,3.636000,0.00600229483,-0.899980307,1.36587048,-2.35291386,-0.0265523028,0.00223154575,-4.11410565e-06,1.62016886e-06,-6.29961869e-06,6.59059424e-07,3.38391183e-05,-1.05393419e-05
910,3.640000,0.00604075193,-0.911149025,1.37588024,-2.3530786,-0.0266282819,0.00223052129,-4.10655275e-06,1.62053891e-06,-6.30173645e-06,6.53967277e-07,3.37167439e-05,-1.04943747e-05
911,3.644000,0.00607971055,-0.919240594,1.38320756,-2.35360384,-0.0267095603,0.00222896412,-4.09883432e-06,1.62565971e-06,-6.29890383e-06,6.5115978e-07,3.35878467e-05,-1.04447072e-05
912,3.648000,0.00611964427,-0.925111592,1.3885752,-2.35439086,-0.0267941728,0.00222702697,-4.08686856e-06,1.63095979e-06,-6.30520617e-06,6.50783193e-07,3.3469194e-05,-1.03999218e-05
913,3.652000,0.00615997845,-0.929357886,1.39254487,-2.35541725,-0.0268755406,0.00222479925,-4.07279049e-06,1.64989228e-06,-6.2947488e-06,6.50718675e-07,3.33577227e-05,-1.03584998e-05
914,3.656000,0.00620083883,-0.932433367,1.39548028,-2.35655761,-0.0269585252,0.00222235546,-4.06237041e-06,1.64785592e-06,-6.29767055e-06,6.45991349e-07,3.32632153e-05,-1.03293496e-05
915,3.660000,0.00624190224,-0.934651732,1.39768612,-2.3578012,-0.0270402469,0.00221970305,-4.0476084e-06,1.65322467e-06,-6.30271643e-06,6.37319715e-07,3.31611118e-05,-1.02955464e-05
916,3.664000,0.00262814644,-1.39605689,0.185941249,-0.221906483,-0.0115715489,0.0022523189,-4.03475133e-06,1.65703727e-06,-6.3032644e-06,6.40704059e-07,3.30932089e-05,-1.0278527e-05
917,3.668000,0.00215892564,-1.17440104,0.253325075,-0.207897022,-0.0110983904,0.00221525505,-4.01567968e-06,1.65616962e-06,-6.30127215e-06,6.38216818e-07,3.30286748e-05,-1.02612175e-05
918,3.672000,0.00199183123,-0.976072431,0.282557786,-0.201039627,-0.0110081183,0.00221999921,-3.99764895e-06,1.65813356e-06,-6.30548584e-06,6.38192546e-07,3.29964496e-05,-1.02621971e-05
919,3.676000,0.0019286325,-0.787483513,0.296097606,-0.197951913,-0.0109890318,0.00221809186,-3.97941812e-06,1.65880067e-06,-6.30056365e-06,6.38196752e-07,3.29393188e-05,-1.02516597e-05
920,3.680000,0.00193395012,-0.60188967,0.30507344,-0.196285337,-0.0110660121,0.00221413095,-3.97863278e-06,1.66508698e-06,-6.30045633e-06,6.34190997e-07,3.28648748e-05,-1.02302438e-05
921,3.684000,0.00213409378,-0.428458899,0.319756925,-0.212312669,-0.0114352703,0.00220947247,-3.96985979e-06,1.68575275e-06,-6.31896864e-06,6.36909135e-07,3.27496018e-05,-1.01879323e-05
922,3.688000,0.0021166855,-0.342318058,0.290044636,-0.212987095,-0.0113941152,0.00220590271,-3.95698225e-06,1.67223129e-06,-6.32000092e-06,6.39261714e-07,3.27474954e-05,-1.02066169e-05
923,3.692000,0.00214236276,-0.29011178,0.26095584,-0.216867149,-0.0114397574,0.00220233295,-3.94954986e-06,1.67309986e-06,-6.32081765e-06,6.42272198e-07,3.26837908e-05,-1.0191311e-05
924,3.696000,0.00217081537,-0.255975336,0.237844348,-0.220829025,-0.0115048764,0.00219989941,-3.95404777e-06,1.67345456e-06,-6.31219382e-06,6.28988346e-07,3.2623946e-05,-1.01819223e-05
925,3.700000,0.00219553616,-0.232851014,0.220737994,-0.224213362,-0.011570815,0.00219835248,-3.93428172e-06,1.67585404e-06,-6.3196303e-06,6.35413585e-07,3.25412548e-05,-1.01521846e-05
926,3.704000,0.00221713982,-0.217012525,0.2084831,-0.227025032,-0.0116280988,0.00219740346,-3.9299166e-06,1.6803109e-06,-6.32148794e-06,6.34769037e-07,3.2482887e-05,-1.01432479e-05
927,3.708000,0.00223549688,-0.206225365,0.199839503,-0.22933051,-0.0116835516,0.00219678693,-3.93745222e-06,1.66714824e-06,-6.3076177e-06,6.29464921e-07,3.238305e-05,-1.01102305e-05
928,3.712000,0.00225174543,-0.198996693,0.193833739,-0.231247187,-0.0117419306,0.00219632126,-3.90754531e-06,1.67861094e-06,-6.30954901e-06,6.32870695e-07,3.2365213e-05,-1.01178639e-05
929,3.716000,0.00226915628,-0.194293037,0.189726844,-0.23288466,-0.0117892027,0.00219604559,-3.9123488e-06,1.6986429e-06,-6.30419936e-06,6.30689613e-07,3.22668748e-05,-1.00878351e-05
930,3.720000,0.00228482601,-0.191386074,0.186991245,-0.234324783,-0.0118387798,0.00219580904,-3.88099852e-06,1.68509951e-06,-6.30620389e-06,6.28246767e-07,3.22476881e-05,-1.00952393e-05
931,3.724000,-0.119371235,-0.00357194245,0.210849196,-0.00527533144,-0.0316073485,-0.449787378,-3.89551678e-06,1.68949191e-06,-6.31398871e-06,6.25001462e-07,3.21235275e-05,-1.00492171e-05
932,3.728000,-0.213031411,0.0956115872,0.242439285,-0.00508539379,-0.0316379406,-0.445230633,-3.8718963e-06,1.69008126e-06,-6.31980129e-06,6.31503099e-07,3.20956678e-05,-1.00524021e-05
933,3.732000,-0.292144477,0.139522627,0.238991529,-0.00468846411,-0.0316376165,-0.455845565,-3.86027796e-06,1.68992005e-06,-6.30698196e-06,6.3153027e-07,3.20265499e-05,-1.00334491e-05
934,3.736000,-0.328410625,0.164065406,0.230218202,-0.00535670668,-0.0316036977,-0.457059681,-3.84463829e-06,1.69333737e-06,-6.31009243e-06,6.23086635e-07,3.19524661e-05,-1.00109664e-05
935,3.740000,-0.349242359,0.178939939,0.221402943,-0.00579414517,-0.0315798521,-0.459237039,-3.86100191e-06,1.692757e-06,-6.28899443e-06,6.18100444e-07,3.18419734e-05,-9.9742183e-06
936,3.744000,-0.361747205,0.188596547,0.214325428,-0.00615169108,-0.0315582603,-0.461324811,-3.83585666e-06,1.67695475e-06,-6.30734303e-06,6.19310754e-07,3.18244311e-05,-9.98311771e-06
937,3.748000,-0.36978367,0.194984764,0.208988994,-0.00634563714,-0.0296559092,-0.464318752,-3.82328972e-06,1.67825033e-06,-6.29377973e-06,6.25869518e-07,3.17506274e-05,-9.9605486e-06
938,3.752000,-0.375100911,0.1991954,0.205098987,-0.0063649416,-0.0253368225,-0.468561828,-3.80725896e-06,1.69405507e-06,-6.28409634e-06,6.2073974e-07,3.16786354e-05,-9.94070433e-06
939,3.756000,-0.378664732,0.201988086,0.202341229,-0.00652488321,-0.0253124014,-0.469408512,-3.81717837e-06,1.6976926e-06,-6.30032446e-06,6.183746e-07,3.15771285e-05,-9.90855006e-06
940,3.760000,-0.381042749,0.203740805,0.200415283,-0.00665932894,-0.0252881963,-0.470095605,-3.79521066e-06,1.70229396e-06,-6.3076177e-06,6.1399362e-07,3.15490579e-05,-9.91235538e-06
941,3.764000,-0.382675409,0.204742432,0.1990816,-0.00677627325,-0.025264252,-0.470641762,-3.78344362e-06,1.69250666e-06,-6.29146007e-06,6.15871954e-07,3.14752688e-05,-9.89027649e-06
942,3.768000,-0.383822352,0.205213636,0.198180735,-0.00688078254,-0.0252404101,-0.471085191,-3.77027982e-06,1.68619704e-06,-6.28355428e-06,6.11788892e-07,3.14043391e-05,-9.86988198e-06
943,3.772000,-0.38464874,0.205307618,0.197593212,-0.00697669387,-0.0252163615,-0.471472085,-3.78068125e-06,1.69208784e-06,-6.28530097e-06,6.11528833e-07,3.12902994e-05,-9.83149312e-06
944,3.776000,-0.38526085,0.205132633,0.197224468,-0.00706654042,-0.0251921117,-0.471802562,-3.75533909e-06,1.69221482e-06,-6.30224349e-06,6.15089959e-07,3.12723132e-05,-9.83984228e-06
945,3.780000,-0.385730952,0.204769462,0.197016388,-0.00715347379,-0.0251674745,-0.47212702,-3.76199887e-06,1.71316128e-06,-6.29216584e-06,6.06604658e-07,3.11470867e-05,-9.79118704e-06
946,3.784000,-0.589810193,0.696950555,1.03080082,-0.740943551,-0.0313588791,-3.17496371,-3.73476246e-06,1.73227772e-06,-6.29586384e-06,6.06824585e-07,3.11229269e-05,-9.79612651e-06
947,3.788000,-0.673852623,0.712885618,1.1119529,-0.720740795,-0.0310486238,-3.17523026,-3.73797434e-06,1.71995657e-06,-6.29876786e-06,6.06528829e-07,3.10142459e-05,-9.75828425e-06
948,3.792000,-0.760207713,0.700405478,1.14718843,-0.709183574,-0.0308458302,-3.18672943,-3.71407009e-06,1.7201188e-06,-6.28742146e-06,6.12849931e-07,3.09747011e-05,-9.75265721e-06
949,3.796000,-0.846767664,0.68472749,1.16760051,-0.707731843,-0.0306715462,-3.18730855,-3.73862713e-06,1.72446312e-06,-6.288039e-06,6.07392622e-07,3.08298731e-05,-9.69370376e-06
950,3.800000,-0.933007658,0.670605063,1.17928028,-0.706224144,-0.0304737724,-3.1898756,-3.70529551e-06,1.71015563e-06,-6.29457281e-06,6.0243633e-07,3.07965711e-05,-9.6919448e-06
951,3.804000,-1.01872373,0.659504294,1.18692327,-0.705603838,-0.0302752107,-3.19083953,-3.71495094e-06,1.71548209e-06,-6.29927945e-06,5.99071143e-07,3.06507791e-05,-9.63137791e-06
952,3.808000,-1.10426128,0.651112735,1.19216895,-0.705578327,-0.030088421,-3.19128704,-3.68981273e-06,1.73304193e-06,-6.3068178e-06,6.00003204e-07,3.05884241e-05,-9.61235855e-06
953,3.812000,-1.18962455,0.644689143,1.19560862,-0.705539286,-0.0299057923,-3.19214201,-3.70028283e-06,1.74038587e-06,-6.28247335e-06,5.90561854e-07,3.04420464e-05,-9.5520536e-06
954,3.816000,-1.27482951,0.639825523,1.19797146,-0.705782413,-0.0297146849,-3.19248199,-3.66753284e-06,1.73463809e-06,-6.28166617e-06,5.87958539e-07,3.04057176e-05,-9.5480591e-06
955,3.820000,-1.35998094,0.636074305,1.19951773,-0.706089079,-0.0295092054,-3.19273043,-3.67248163e-06,1.74067236e-06,-6.27352574e-06,5.90810885e-07,3.02563549e-05,-9.48507113e-06
956,3.824000,-1.44481778,0.633131385,1.20047402,-0.706480265,-0.0292893946,-3.19261527,-3.63966865e-06,1.72333137e-06,-6.27888994e-06,5.86562408e-07,3.02043481e-05,-9.47156695e-06
957,3.828000,-1.52931404,0.630763173,1.20098293,-0.706842244,-0.0290656872,-3.19306087,-3.65371307e-06,1.72855357e-06,-6.26318206e-06,5.77928176e-07,3.00462034e-05,-9.40460723e-06
958,3.832000,-1.61373377,0.628855705,1.20123696,-0.707188785,-0.0288403668,-3.19329667,-3.61918319e-06,1.74491504e-06,-6.26979681e-06,5.87046713e-07,2.99915064e-05,-9.38840822e-06
959,3.836000,-1.69808054,0.627276719,1.20131445,-0.707485616,-0.0286101028,-3.19347572,-3.61126604e-06,1.73193121e-06,-6.26758583e-06,5.85770238e-07,2.99098592e-05,-9.36257857e-06
960,3.840000,-1.78237498,0.625986755,1.20134759,-0.707843125,-0.0283722952,-3.19302821,-3.6022534e-06,1.75146306e-06,-6.2730287e-06,5.77631738e-07,2.97992538e-05,-9.31922204e-06
961,3.844000,-1.50074518,0.00389376469,0.189887822,0.0169973411,0.00286927074,-0.00217976421,-3.61228876e-06,1.75997548e-06,-6.27748068e-06,5.73088698e-07,2.9652876e-05,-9.25848963e-06
962,3.848000,-1.37056613,-0.0096631432,0.0980623886,-0.00906521082,-0.000357449055,-0.00218945369,-3.58100715e-06,1.74623324e-06,-6.28693033e-06,5.7544213e-07,2.96003745e-05,-9.24485903e-06
963,3.852000,-1.2426821,-0.00148369418,0.0472650006,-0.00860865321,-0.000158555806,-0.00218005851,-3.57620502e-06,1.74809452e-06,-6.27182726e-06,5.66883102e-07,2.94996262e-05,-9.20983257e-06
964,3.856000,-1.11505985,0.008165529,0.0218445659,-0.0088723395,-0.00056733191,-0.00217527524,-3.55590237e-06,1.74676234e-06,-6.25589291e-06,5.64292577e-07,2.9416331e-05,-9.17952184e-06
965,3.860000,-0.987381518,0.0159185454,0.0132996701,-0.00910028163,-0.000980518758,-0.00217184424,-3.56494024e-06,1.7514443e-06,-6.27804729e-06,5.64483457e-07,2.92709628e-05,-9.11949428e-06
966,3.864000,-0.859352112,0.0194120668,0.0107876267,-0.00901641604,-0.00108199939,-0.00216853246,-3.53999008e-06,1.75496575e-06,-6.28362159e-06,5.68566179e-07,2.92084951e-05,-9.10051676e-06
967,3.868000,-0.730934322,0.0206079017,0.00990834646,-0.00889096875,-0.00112099946,-0.00216585025,-3.52784173e-06,1.7579855e-06,-6.26926976e-06,5.61629577e-07,2.91237611e-05,-9.07139656e-06
968,3.872000,-0.602340281,0.0210100207,0.00951689389,-0.00876478199,-0.00114253908,-0.00216321647,-3.52319944e-06,1.76001197e-06,-6.26447218e-06,5.58679403e-07,2.90145199e-05,-9.02903412e-06
969,3.876000,-0.473402083,0.0210023243,0.00917699933,-0.00873759389,-0.0012342371,-0.00216108188,-3.5093226e-06,1.79463905e-06,-6.25689836e-06,5.53196458e-07,2.8913797e-05,-8.99095085e-06
970,3.880000,-0.343935966,0.0207891483,0.00873730704,-0.00883352943,-0.001402013,-0.00215948373,-3.49807851e-06,1.7685295e-06,-6.25834355e-06,5.48871697e-07,2.88207266e-05,-8.95750327e-06
971,3.884000,-0.212901309,0.0201968048,0.00766335661,-0.00933706388,-0.00172361359,-0.00215827301,-3.49870925e-06,1.78695996e-06,-6.25762641e-06,5.45279022e-07,2.8681392e-05,-8.90261799e-06
972,3.888000,-0.115533248,0.0191693511,0.0072726137,-0.00915571861,0.00261565298,-0.00215223059,-3.48051526e-06,1.77520644e-06,-6.27544159e-06,5.48849357e-07,2.86112645e-05,-8.88084833e-06
973,3.892000,-0.0673704669,0.017912332,0.00698443688,-0.00639874302,0.000486385077,-0.00214897282,-3.47853029e-06,1.79660276e-06,-6.28105272e-06,5.43541546e-07,2.85093465e-05,-8.84172005e-06
974,3.896000,-0.038966231,0.0165293831,0.00597414328,-0.0043012239,0.00139546208,-0.00214529224,-3.47658897e-06,1.79929702e-06,-6.28916496e-06,5.4255753e-07,2.8407685e-05,-8.80382595e-06
975,3.900000,-0.0208607055,0.0154011678,0.00457105739,-0.00254260655,0.00221915636,-0.00214232644,-3.44623345e-06,1.78645337e-06,-6.27495683e-06,5.46187891e-07,2.83612553e-05,-8.79239542e-06
976,3.904000,-0.280741692,0.603724301,1.06513703,-0.958021104,-0.0796580911,-4.3074584,-3.4342354e-06,1.78386995e-06,-6.26592055e-06,5.43601743e-07,2.82685651e-05,-8.7588287e-06
977,3.908000,-0.404774159,0.702820241,1.34385979,-0.996831775,-0.0601962879,-5.55740499,-3.42175781e-06,1.78612481e-06,-6.2579411e-06,5.39235486e-07,2.81899047e-05,-8.73329191e-06
978,3.912000,-0.480457336,0.681805253,1.42368627,-0.985333323,-0.0485064611,-5.54914761,-3.41704026e-06,1.79017945e-06,-6.25113489e-06,5.36478353e-07,2.80447821e-05,-8.67435483e-06
979,3.916000,-0.558648348,0.647651732,1.46021771,-0.973525226,-0.0407495424,-5.53897905,-3.41297209e-06,1.7929151e-06,-6.26303017e-06,5.28753048e-07,2.79409396e-05,-8.63323658e-06
980,3.920000,-0.638380587,0.617051601,1.48033595,-0.965723693,-0.0357990563,-5.52721405,-3.39867597e-06,1.79664903e-06,-6.24774293e-06,5.33267553e-07,2.78630869e-05,-8.60940054e-06
981,3.924000,-0.718881011,0.592258036,1.49169362,-0.9589535,-0.0299349949,-5.51754379,-3.39719054e-06,1.79400195e-06,-6.26335259e-06,5.270673e-07,2.78127063e-05,-8.59767806e-06
982,3.928000,-0.799729109,0.573057473,1.49811387,-0.954276621,-0.0274865925,-5.50464678,-3.38396103e-06,1.80172947e-06,-6.25083567e-06,5.22264656e-07,2.76678802e-05,-8.53727033e-06
983,3.932000,-0.880773187,0.55831635,1.50135279,-0.950201869,-0.0253334641,-5.49289274,-3.37486654e-06,1.80290931e-06,-6.23878441e-06,5.16663761e-07,2.75760667e-05,-8.50349534e-06
984,3.936000,-0.961668432,0.54674232,1.50204837,-0.946574926,-0.0239253268,-5.47989273,-3.34193305e-06,1.83369366e-06,-6.25352277e-06,5.17321553e-07,2.75445964e-05,-8.501308e-06
985,3.940000,-1.04253376,0.537693501,1.50119102,-0.943225503,-0.0233322755,-5.46790218,-3.33517164e-06,1.80979032e-06,-6.27945201e-06,5.21125173e-07,2.74688427e-05,-8.4787298e-06
986,3.944000,-1.12321544,0.530490637,1.4992497,-0.940255821,-0.022723183,-5.45506907,-3.33322009e-06,1.81630651e-06,-6.26102292e-06,5.18499519e-07,2.73499463e-05,-8.42824647e-06
987,3.948000,-1.20386946,0.524691999,1.49659932,-0.937244177,-0.0221045688,-5.44345284,-3.3188885e-06,1.84763815e-06,-6.25830126e-06,5.13809937e-07,2.72208181e-05,-8.37671178e-06
988,3.952000,-1.28426325,0.519839227,1.493325,-0.934497952,-0.0214733332,-5.43111992,-3.30206467e-06,1.82228769e-06,-6.2631816e-06,5.14727958e-07,2.71393201e-05,-8.34929506e-06
989,3.956000,-1.36448002,0.515731573,1.48966599,-0.931685925,-0.0208345503,-5.42000008,-3.31555384e-06,1.82302665e-06,-6.24403447e-06,5.11065423e-07,2.70475211e-05,-8.32001115e-06
990,3.960000,-1.44450355,0.512193739,1.48579121,-0.929103971,-0.0201849714,-5.40809727,-3.28907254e-06,1.83553345e-06,-6.25173243e-06,5.09672304e-07,2.69951961e-05,-8.30343106e-06
991,3.964000,-1.45709658,0.119723059,0.874592662,-0.360470623,-0.0172116533,-2.7986877,-3.29564568e-06,1.82882422e-06,-6.25287748e-06,5.06514766e-07,2.68547974e-05,-8.24595008e-06
992,3.968000,-1.54326892,0.100597069,0.874410927,-0.360956788,-0.0191845298,-2.78076959,-3.26557029e-06,1.82836061e-06,-6.26441943e-06,5.09853578e-07,2.68266722e-05,-8.24731978e-06
993,3.972000,-1.62555635,0.0864283442,0.871987045,-0.359949946,-0.0188505203,-2.76824045,-3.26844247e-06,1.83268401e-06,-6.24513677e-06,5.03942374e-07,2.66716688e-05,-8.18295848e-06
994,3.976000,-1.70644331,0.0765300393,0.869564295,-0.357976317,-0.0185087025,-2.75687838,-3.24498455e-06,1.83376198e-06,-6.25736493e-06,5.02858654e-07,2.66274455e-05,-8.17171531e-06
995,3.980000,-1.78680027,0.0696979091,0.867610574,-0.355745554,-0.0181628391,-2.74565959,-3.24884786e-06,1.84038686e-06,-6.24770837e-06,4.97667145e-07,2.6483187e-05,-8.1127273e-06
996,3.984000,-1.86688364,0.0648474097,0.865825951,-0.353293747,-0.0178161934,-2.73471642,-3.23494305e-06,1.85297529e-06,-6.23159167e-06,4.91652429e-07,2.63843212e-05,-8.07539709e-06
997,3.988000,-1.94736588,0.0617948771,0.864933312,-0.350427002,-0.0176285431,-2.72362995,-3.21148423e-06,1.8537703e-06,-6.24192444e-06,4.96560688e-07,2.63230868e-05,-8.05485251e-06
998,3.992000,-2.03109312,0.061335139,0.866039813,-0.346256018,-0.0313173681,-2.71181774,-3.2013395e-06,1.84341548e-06,-6.22931429e-06,4.90574223e-07,2.62236299e-05,-8.01601436e-06
999,3.996000,-2.06876135,0.0569374487,0.85939455,-0.34273988,-0.0243354887,-2.70878434,-3.19688775e-06,1.86039665e-06,-6.25446e-06,4.9162486e-07,2.61554433e-05,-7.99785994e-06
1000,4.000000,-2.08258581,0.0544683933,0.854528189,-0.339245498,-0.0164291337,-2.7043426,-3.20150048e-06,1.85399995e-06,-6.26173914e-06,4.84402278e-07,2.59865774e-05,-7.92352785e-06
1001,4.004000,-2.08542037,0.0535784066,0.851754665,-0.336253703,-0.0160606578,-2.69750524,-3.1666882e-06,1.87118917e-06,-6.25030862e-06,4.88955834e-07,2.59999179e-05,-7.94321022e-06
1002,4.008000,-2.08172321,0.0525677204,0.849159122,-0.329930305,-0.0116071478,-2.69432712,-3.16772685e-06,1.87354817e-06,-6.25016492e-06,4.80600193e-07,2.58629079e-05,-7.88633133e-06
1003,4.012000,-2.07415795,0.0518055111,0.847341657,-0.326883018,-0.0112980045,-2.68659568,-3.16271826e-06,1.86419379e-06,-6.25493658e-06,4.78821676e-07,2.57651354e-05,-7.85153861e-06
1004,4.016000,-2.06426835,0.0507907569,0.845320821,-0.324014485,-0.0109935105,-2.67876983,-3.15022385e-06,1.86727652e-06,-6.24764516e-06,4.8142374e-07,2.56341264e-05,-7.79673974e-06
1005,4.020000,-2.0532701,0.0496767014,0.843248188,-0.320880473,-0.0106915459,-2.67147088,-3.1321315e-06,1.86506497e-06,-6.22485277e-06,4.78079926e-07,2.55795931e-05,-7.78037975e-06
1006,4.024000,-1.86513233,-0.15238601,0.304441392,-0.0287868939,-0.010267023,-0.498422951,-3.12950169e-06,1.8778876e-06,-6.23073493e-06,4.70884089e-07,2.54834449e-05,-7.74593809e-06
1007,4.028000,-1.74333143,-0.087266691,0.255794406,-0.0281677656,-0.0102597382,-0.490378737,-3.12291559e-06,1.86973853e-06,-6.23121105e-06,4.70687098e-07,2.53952203e-05,-7.71361829e-06
1008,4.032000,-1.62160432,-0.0373214483,0.222676769,-0.0275301263,-0.0102226939,-0.481988609,-3.11289114e-06,1.87172122e-06,-6.21825302e-06,4.60427998e-07,2.53111793e-05,-7.68485461e-06
1009,4.036000,-1.49829793,-0.016548248,0.184300125,-0.0258118622,-0.0102082677,-0.456317872,-3.08695962e-06,1.88680588e-06,-6.23658389e-06,4.67575887e-07,2.52685113e-05,-7.67389338e-06
1010,4.040000,-1.37590969,-0.00569530949,0.158665493,-0.025007803,-0.0101980362,-0.443635732,-3.07777873e-06,1.87370699e-06,-6.2486115e-06,4.64783795e-07,2.5215586e-05,-7.66307676e-06
1011,4.044000,-1.25397098,0.00338596106,0.144203186,-0.0245670453,-0.0101910345,-0.435716867,-3.08097628e-06,1.89437162e-06,-6.24559607e-06,4.71132665e-07,2.51670735e-05,-7.65282766e-06
1012,4.048000,-1.13192618,0.00994657166,0.134590074,-0.0241895691,-0.0101857148,-0.427695066,-3.07086611e-06,1.89288153e-06,-6.22367997e-06,4.66152471e-07,2.50727189e-05,-7.61706178e-06
1013,4.052000,-1.00962949,0.0148172509,0.127457857,-0.0239039212,-0.0101810675,-0.41996634,-3.06926245e-06,1.87947057e-06,-6.24390941e-06,4.62755366e-07,2.50508219e-05,-7.62293212e-06
1014,4.056000,-0.887082636,0.0180097707,0.121547967,-0.0236966349,-0.0101768887,-0.412883401,-3.06778202e-06,1.88526951e-06,-6.23320238e-06,4.60178029e-07,2.4994557e-05,-7.60511102e-06
1015,4.060000,-0.764051974,0.0193316676,0.115402669,-0.0236241333,-0.0101708677,-0.40606308,-3.04452101e-06,1.89328216e-06,-6.2365857e-06,4.65900996e-07,2.50051489e-05,-7.62578111e-06
1016,4.064000,-0.639119804,0.0165533219,0.104922459,-0.0255927257,-0.0101510994,-0.397219956,-3.0322426e-06,1.89921502e-06,-6.24639779e-06,4.61637313e-07,2.49449931e-05,-7.60795911e-06
1017,4.068000,-0.569138467,0.0195438955,0.107014932,-0.0231899358,-0.0101639722,-0.387171954,-3.01962291e-06,1.89982939e-06,-6.23557844e-06,4.64545622e-07,2.49153636e-05,-7.60779903e-06
1018,4.072000,-0.526057243,0.019024428,0.105363272,-0.0217356496,-0.0101630194,-0.376058489,-3.02531794e-06,1.90326648e-06,-6.2321792e-06,4.62589099e-07,2.4801855e-05,-7.56098461e-06
1019,4.076000,-0.497340143,0.0168783143,0.101219833,-0.0206673034,-0.010148257,-0.366184413,-3.01667933e-06,1.89879972e-06,-6.23297183e-06,4.60930835e-07,2.47892694e-05,-7.57053249e-06
1020,4.080000,-0.476402998,0.0141935907,0.0956721604,-0.0197720416,-0.01012359,-0.356780052,-3.02249236e-06,1.88944841e-06,-6.23258256e-06,4.58469003e-07,2.47338976e-05,-7.55746578e-06
1021,4.084000,-0.393358499,-0.0482823923,-0.247203931,0.398039997,-0.0100205578,-0.0736204684,-2.99202748e-06,1.89831303e-06,-6.23001324e-06,4.65020008e-07,2.47691023e-05,-7.59264458e-06
1022,4.088000,-0.353444159,0.0372874551,-0.262984186,0.405450076,-0.0100141615,-0.0692787319,-3.00524107e-06,1.90111837e-06,-6.22614971e-06,4.64062339e-07,2.47165335e-05,-7.57968974e-06
1023,4.092000,-0.329755425,0.0500751138,-0.341421455,0.483620435,-0.00999323651,-0.0701292455,-2.99924568e-06,1.90344178e-06,-6.22372545e-06,4.56729822e-07,2.4624891e-05,-7.54629673e-06
1024,4.096000,-0.31371066,0.0700453594,-0.365499794,0.488379478,-0.00998399034,-0.0641590804,-2.99841258e-06,1.89305479e-06,-6.23273991e-06,4.60001047e-07,2.45714436e-05,-7.53089444e-06
1025,4.100000,-0.301829398,0.0869239494,-0.378745675,0.487169683,-0.00997403264,-0.0572410673,-2.96647499e-06,1.90851301e-06,-6.24375252e-06,4.62398901e-07,2.45895135e-05,-7.55557539e-06
1026,4.104000,-0.292063564,0.0994607881,-0.388867915,0.486661583,-0.00996249914,-0.0506936461,-2.97018209e-06,1.91633217e-06,-6.25642406e-06,4.59834666e-07,2.45031279e-05,-7.52502729e-06
1027,4.108000,-0.283567756,0.108594827,-0.396876514,0.486592591,-0.00994943082,-0.0445126295,-2.96277585e-06,1.91580239e-06,-6.26358405e-06,4.5944455e-07,2.44614585e-05,-7.5175526e-06
1028,4.112000,-0.275905073,0.115181312,-0.403298676,0.486813068,-0.00993504003,-0.0386195183,-2.96270969e-06,1.92047173e-06,-6.26094379e-06,4.5629389e-07,2.44335533e-05,-7.52128472e-06
1029,4.116000,-0.268827885,0.119854733,-0.408548921,0.487314016,-0.00991990045,-0.0330194086,-2.95185168e-06,1.9170925e-06,-6.25441362e-06,4.59267852e-07,2.4433386e-05,-7.53428867e-06
1030,4.120000,-0.262171417,0.123113833,-0.412885517,0.487967491,-0.00990447775,-0.0276129544,-2.94120809e-06,1.9191084e-06,-6.24625955e-06,4.60956699e-07,2.44032071e-05,-7.53302038e-06
1031,4.124000,-0.255833864,0.125324398,-0.416522622,0.488719463,-0.00988890603,-0.0223750323,-2.93208814e-06,1.9043332e-06,-6.23932146e-06,4.55691463e-07,2.43477498e-05,-7.51868583e-06
1032,4.128000,-0.249749348,0.126739413,-0.419642836,0.48956269,-0.00987331942,-0.0172959715,-2.9295843e-06,1.91422873e-06,-6.23047481e-06,4.57355696e-07,2.42906826e-05,-7.50202889e-06
1033,4.132000,-0.243871093,0.127571329,-0.422361702,0.490449041,-0.00985794887,-0.0123420507,-2.91487186e-06,1.91911931e-06,-6.22685002e-06,4.60264829e-07,2.427051e-05,-7.50788331e-06
1034,4.136000,-0.238168463,0.127961695,-0.424786448,0.491386175,-0.00984274969,-0.00751943886,-2.91173046e-06,1.90212256e-06,-6.24436143e-06,4.53625944e-07,2.42266688e-05,-7.49810442e-06
1035,4.140000,-0.232621014,0.128029019,-0.426977396,0.492351532,-0.00982791558,-0.00282143056,-2.92310551e-06,1.93887809e-06,-6.24248059e-06,4.55470712e-07,2.4170371e-05,-7.48416278e-06
1036,4.144000,-0.243562311,-0.108579516,-1.15048218,1.62762296,-0.0135632306,-0.114716172,-2.91472543e-06,1.9269612e-06,-6.24296035e-06,4.52987024e-07,2.40885056e-05,-7.457435e-06
1037,4.148000,-0.238984391,0.0385457724,-1.17074156,1.6337781,-0.0135806035,-0.116472244,-2.91122524e-06,1.93043138e-06,-6.24974928e-06,4.51046446e-07,2.40307672e-05,-7.4401637e-06
1038,4.152000,-0.234469324,0.0668348148,-1.35241592,1.78259492,-0.00986337289,-0.124847464,-2.89519267e-06,1.93028586e-06,-6.25874054e-06,4.5451236e-07,2.40283662e-05,-7.45183979e-06
1039,4.156000,-0.23460485,0.173021615,-1.37563753,1.77785254,-0.00984297879,-0.121740654,-2.89918967e-06,1.94978156e-06,-6.25338043e-06,4.46847451e-07,2.39429264e-05,-7.42404245e-06
1040,4.160000,-0.233538836,0.275674611,-1.37599325,1.75764883,-0.00981895253,-0.119657844,-2.88878732e-06,1.93636492e-06,-6.26061137e-06,4.51699975e-07,2.38904904e-05,-7.40807991e-06
1041,4.164000,-0.230410248,0.334969074,-1.39950252,1.75723958,-0.00979453325,-0.115725927,-2.86776185e-06,1.91844788e-06,-6.24979884e-06,4.47693083e-07,2.3897519e-05,-7.42600059e-06
1042,4.168000,-0.226877555,0.37582761,-1.41964662,1.75581169,-0.00977969728,-0.111667715,-2.87293142e-06,1.93241112e-06,-6.23654842e-06,4.47316438e-07,2.38272387e-05,-7.4003151e-06
1043,4.172000,-0.223051995,0.404603034,-1.4356966,1.75426102,-0.00976873562,-0.107397586,-2.85719852e-06,1.9203087e-06,-6.2426102e-06,4.51078648e-07,2.38019547e-05,-7.40228052e-06
1044,4.176000,-0.218991891,0.424947321,-1.4482733,1.75297201,-0.00975919887,-0.103148364,-2.86138493e-06,1.92353059e-06,-6.23359574e-06,4.4896197e-07,2.37103341e-05,-7.37022265e-06
1045,4.180000,-0.214774564,0.439308465,-1.45803213,1.75193167,-0.00974988379,-0.0989238918,-2.85923898e-06,1.93864616e-06,-6.23722462e-06,4.42343264e-07,2.36582946e-05,-7.35774029e-06
1046,4.184000,-0.210479379,0.449352384,-1.46561682,1.75116754,-0.00974019244,-0.0947977081,-2.83337795e-06,1.92556467e-06,-6.25169923e-06,4.4907884e-07,2.36530141e-05,-7.36628408e-06
1047,4.188000,-0.20617038,0.456263065,-1.47151935,1.75063682,-0.00972979516,-0.0907946378,-2.84039766e-06,1.92843527e-06,-6.2514132e-06,4.45223066e-07,2.35919961e-05,-7.34761761e-06
1048,4.192000,-0.201888934,0.460905343,-1.47612143,1.75025666,-0.00971876457,-0.0868540108,-2.83901022e-06,1.93057986e-06,-6.23119558e-06,4.43462909e-07,2.35148545e-05,-7.32066292e-06
1049,4.196000,-0.197665915,0.463870347,-1.47976196,1.75006294,-0.00970708579,-0.0830632225,-2.83325312e-06,1.93173696e-06,-6.22683183e-06,4.39180297e-07,2.33913524e-05,-7.26569215e-06
1050,4.200000,-0.193515867,0.46562767,-1.48263454,1.74994755,-0.00969489291,-0.0793476328,-2.80721997e-06,1.92844595e-06,-6.22773541e-06,4.41259829e-07,2.33643004e-05,-7.26196959e-06
1051,4.204000,-0.189923167,0.847621679,-0.459610462,0.272818804,-0.00965494476,-0.0638500303,-2.80791892e-06,1.93129176e-06,-6.21820845e-06,4.39274459e-07,2.32750517e-05,-7.22432969e-06
1052,4.208000,-0.187733293,0.722497642,-0.394806325,0.240615904,-0.00961107016,-0.0567608476,-2.79663095e-06,1.93449e-06,-6.21871004e-06,4.3854655e-07,2.31467075e-05,-7.16632621e-06
1053,4.212000,-0.179955646,0.563587546,-0.390838444,0.242834955,-0.00958143361,-0.0531366915,-2.79806363e-06,1.93854544e-06,-6.21553909e-06,4.33071335e-07,2.30887745e-05,-7.15267834e-06
1054,4.216000,-0.172642961,0.419688314,-0.397952616,0.261976302,-0.00954726152,-0.0474072248,-2.77933327e-06,1.93720189e-06,-6.22740936e-06,4.32638444e-07,2.30657042e-05,-7.15068518e-06
1055,4.220000,-0.16737482,0.33906725,-0.370224684,0.261340201,-0.0118104126,-0.0410966575,-2.76923311e-06,1.94066547e-06,-6.21809295e-06,4.30743228e-07,2.29865418e-05,-7.11810208e-06
1056,4.224000,-0.162315205,0.284422457,-0.345375538,0.264876068,-0.0121219018,-0.0376773328,-2.77387471e-06,1.94582867e-06,-6.21095842e-06,4.30745359e-07,2.28649533e-05,-7.06892024e-06
1057,4.228000,-0.157701671,0.245740801,-0.325689822,0.269923747,-0.0110407555,-0.0361192226,-2.7494159e-06,1.94270046e-06,-6.21950221e-06,4.2705625e-07,2.28383142e-05,-7.06482933e-06
1058,4.232000,-0.153602585,0.217735216,-0.310750097,0.275168508,-0.00941456761,-0.0355445817,-2.74593231e-06,1.96564633e-06,-6.20174296e-06,4.26970928e-07,2.27670807e-05,-7.03884416e-06
1059,4.236000,-0.149896845,0.197413623,-0.29929179,0.278316617,-0.00938561838,-0.0331263915,-2.74643298e-06,1.96185897e-06,-6.20738138e-06,4.27028169e-07,2.26804914e-05,-7.0035785e-06
1060,4.240000,-0.146482199,0.182425678,-0.290877074,0.28101337,-0.0093586361,-0.0308104381,-2.74168133e-06,1.96869451e-06,-6.22815287e-06,4.20281253e-07,2.25653112e-05,-6.9561288e-06
1061,4.244000,-0.143280864,0.17132692,-0.284752727,0.283248007,-0.00933364686,-0.0284523666,-2.71765634e-06,1.95542316e-06,-6.21771778e-06,4.17210856e-07,2.25393087e-05,-6.95271638e-06
1062,4.248000,-0.140225276,0.1630539,-0.280382603,0.28512457,-0.00931041595,-0.0260884762,-2.71342901e-06,1.9727313e-06,-6.21576692e-06,4.1847818e-07,2.24518008e-05,-6.91740115e-06
1063,4.252000,-0.137268558,0.156857103,-0.27734533,0.286724687,-0.00928858761,-0.0237259492,-2.71644535e-06,1.96583369e-06,-6.22323296e-06,4.17465628e-07,2.23832194e-05,-6.89361832e-06
1064,4.256000,-0.134381786,0.152192146,-0.275304496,0.28808108,-0.00926788244,-0.0213390589,-2.71418685e-06,1.96315773e-06,-6.21723484e-06,4.10773339e-07,2.22549279e-05,-6.83864073e-06
1065,4.260000,-0.131548882,0.148651406,-0.274028361,0.289287776,-0.00924811978,-0.0189904943,-2.70088412e-06,1.98254997e-06,-6.21056097e-06,4.04107539e-07,2.21735172e-05,-6.80636458e-06
1066,4.264000,-0.134841979,0.184531823,-0.0380601622,-0.0226960164,-0.00917807035,-0.0390784517,-2.68707049e-06,1.99554961e-06,-6.20239962e-06,4.11280467e-07,2.21553983e-05,-6.80740777e-06
1067,4.268000,-0.133272305,0.129428372,-0.0174419135,-0.02561667,-0.0126656219,-0.0302147865,-2.67664268e-06,1.9728302e-06,-6.21165555e-06,4.01364929e-07,2.20260226e-05,-6.74947205e-06
1068,4.272000,-0.129767224,0.0898031145,-0.00377677102,-0.024846606,-0.0126509108,-0.021196045,-2.66511552e-06,1.97311419e-06,-6.20427409e-06,4.02240829e-07,2.19640624e-05,-6.72814167e-06
1069,4.276000,-0.126158491,0.0609618686,0.00514989905,-0.0234431475,-0.0115406159,-0.0157420337,-2.67690848e-06,1.97251939e-06,-6.19061848e-06,3.96855341e-07,2.18821515e-05,-6.69972269e-06
1070,4.280000,-0.122758828,0.03858684,0.0083499141,-0.0210933145,-0.00912807975,-0.0147592351,-2.64516575e-06,1.98727389e-06,-6.19913135e-06,4.03092486e-07,2.18501191e-05,-6.69253632e-06
1071,4.284000,-0.119597279,0.0223451667,0.0100669097,-0.0209113806,-0.00911369361,-0.0119950101,-2.64665618e-06,2.0063851e-06,-6.18928561e-06,3.99069449e-07,2.18038422e-05,-6.68250323e-06
1072,4.288000,-0.116855435,0.00989972241,0.00979091506,-0.0214663241,-0.00980515964,-0.00854355097,-2.65115432e-06,1.98090493e-06,-6.21211029e-06,3.95376986e-07,2.17072793e-05,-6.64236859e-06
1073,4.292000,-0.113902286,0.0035543358,0.0103982557,-0.0221390501,-0.0108091179,-0.00505983829,-2.62350204e-06,1.98211364e-06,-6.2258755e-06,3.97162012e-07,2.16271728e-05,-6.60898468e-06
1074,4.296000,-0.110932969,0.00175217958,0.0109018423,-0.0219570529,-0.0107945213,-0.00280606747,-2.615227e-06,2.00157865e-06,-6.22066773e-06,3.97089934e-07,2.15680193e-05,-6.59031912e-06
1075,4.300000,-0.108032748,0.0012173471,0.0113886353,-0.0218721088,-0.0108145718,-0.000543564558,-2.61639798e-06,2.00072327e-06,-6.19192633e-06,3.92929422e-07,2.14821739e-05,-6.55524263e-06
1076,4.304000,-0.105329499,0.00113781076,0.011790731,-0.021798633,-0.010922391,0.000221289694,-2.6095845e-06,2.01820149e-06,-6.19333468e-06,3.87982652e-07,2.13809835e-05,-6.51632672e-06
1077,4.308000,-0.102867022,0.00115266535,0.0119332653,-0.0213328674,-0.0105467401,6.99609518e-05,-2.61127343e-06,2.01137709e-06,-6.19880211e-06,3.84421185e-07,2.12821396e-05,-6.47473189e-06
1078,4.312000,-0.100616634,0.00116917863,0.0118371099,-0.020444354,-0.00966483168,-0.000633336604,-2.58521209e-06,2.02512388e-06,-6.21144e-06,3.87611067e-07,2.12515952e-05,-6.4671276e-06
1079,4.316000,-0.0985273048,0.0012148302,0.0116523355,-0.0195865948,-0.00878597982,-0.00134263188,-2.58045225e-06,2.01219314e-06,-6.22482321e-06,3.87148447e-07,2.11792176e-05,-6.44104512e-06
1080,4.320000,-0.0965769291,0.00130186277,0.0114067141,-0.0187693648,-0.00801210664,-0.00198677182,-2.58312639e-06,2.00132604e-06,-6.22645712e-06,3.82063973e-07,2.10560429e-05,-6.39026621e-06
1081,4.324000,-0.0945523381,0.00180061394,0.0115454774,-0.0201682821,-0.00953716412,5.32269478e-05,-2.56898784e-06,2.01997e-06,-6.21598338e-06,3.80502144e-07,2.09916525e-05,-6.36812547e-06
1082,4.328000,-0.0927628949,0.00221791165,0.0112796212,-0.0196477603,-0.00917416438,5.53280115e-05,-2.55089208e-06,2.03625314e-06,-6.20440142e-06,3.79609162e-07,2.09697955e-05,-6.3663947e-06
1083,4.332000,-0.091219224,0.00258598151,0.011095942,-0.0190927107,-0.00880571455,5.72577119e-05,-2.55000714e-06,2.02197043e-06,-6.20530545e-06,3.7954041e-07,2.08818201e-05,-6.33058198e-06
1084,4.336000,-0.0896782428,0.00261444272,0.010685645,-0.0171035789,-0.00686791446,-0.00197315216,-2.55014129e-06,2.00830436e-06,-6.19659841e-06,3.76899663e-07,2.07549201e-05,-6.27596319e-06
1085,4.340000,-0.0880911648,0.00294386875,0.0109813847,-0.0183938444,-0.00822714716,-0.000441111624,-2.54580345e-06,2.03868103e-06,-6.20312585e-06,3.72407101e-07,2.06836376e-05,-6.25055054e-06
1086,4.344000,-0.0865620449,0.00306482799,0.0107853478,-0.016862791,-0.00669759046,-0.00197181106,-2.51710708e-06,2.00913087e-06,-6.19870889e-06,3.72256551e-07,2.06694895e-05,-6.25412849e-06
1087,4.348000,-0.0851076618,0.00328492885,0.0106784254,-0.0165688302,-0.00653138291,-0.00197128206,-2.52386508e-06,2.01436796e-06,-6.19939919e-06,3.72354009e-07,2.05955002e-05,-6.22846892e-06
1088,4.352000,-0.0835665017,0.00326215103,0.010502927,-0.0162430163,-0.00636581797,-0.00197029114,-2.51970141e-06,2.01440071e-06,-6.18732065e-06,3.68248607e-07,2.04577773e-05,-6.16589023e-06
1089,4.356000,-0.0819841772,0.00340323988,0.0103934919,-0.0159847271,-0.00621172506,-0.00196909159,-2.50338667e-06,2.01342459e-06,-6.17510796e-06,3.6665466e-07,2.04073494e-05,-6.15183535e-06
1090,4.360000,-0.080398567,0.00349817285,0.0103024431,-0.0157231353,-0.00606663572,-0.0019679442,-2.48514812e-06,2.01296371e-06,-6.17668638e-06,3.65912342e-07,2.03697127e-05,-6.14157716e-06
1091,4.364000,-0.0788170099,0.00357855577,0.0102160405,-0.0154711828,-0.00592735596,-0.00196693093,-2.48334914e-06,2.01928765e-06,-6.18932108e-06,3.61995149e-07,2.02304473e-05,-6.07693528e-06
1092,4.368000,-0.0772596449,0.00366162183,0.0101356721,-0.0152246859,-0.00579076819,-0.00196594745,-2.47435332e-06,2.03891068e-06,-6.20476931e-06,3.57496987e-07,2.01815128e-05,-6.06773938e-06
1093,4.372000,-0.0757261068,0.00373302819,0.0100554191,-0.0149788009,-0.00565616693,-0.00196501613,-2.4819924e-06,2.03367927e-06,-6.19437378e-06,3.56443167e-07,2.00845916e-05,-6.02731961e-06
1094,4.376000,-0.074217461,0.00379665475,0.00996335782,-0.0147310216,-0.00552174356,-0.00196407735,-2.45585784e-06,2.02970659e-06,-6.19093998e-06,3.55979495e-07,2.00706054e-05,-6.02957016e-06
1095,4.380000,-0.0727305934,0.00385666778,0.00987659488,-0.0144879399,-0.00538986828,-0.00196311623,-2.45064757e-06,2.03054947e-06,-6.17559908e-06,3.53718036e-07,1.99977912e-05,-6.00281828e-06
1096,4.384000,-0.071099706,0.00410898309,0.0099635534,-0.0158617869,-0.00691772206,6.84559345e-05,-2.45542515e-06,2.03395052e-06,-6.17414844e-06,3.51911211e-07,1.98598154e-05,-5.94251242e-06
1097,4.388000,-0.0696769804,0.00429332536,0.0096066352,-0.015339205,-0.00657546055,7.05644488e-05,-2.42627539e-06,2.04860225e-06,-6.18399281e-06,3.50872966e-07,1.98514099e-05,-5.94801031e-06
1098,4.392000,-0.0682559386,0.00419709878,0.00915928744,-0.0146355936,-0.00617385842,7.28443265e-05,-2.43146906e-06,2.0386401e-06,-6.19845696e-06,3.48218407e-07,1.97743539e-05,-5.91883963e-06
1099,4.396000,-0.0669936016,0.00381878484,0.00858137012,-0.0126019539,-0.0042141364,-0.0019460842,-2.43086788e-06,2.05840433e-06,-6.20221363e-06,3.42992706e-07,1.96513556e-05,-5.86582701e-06
1100,4.400000,-0.0662424117,0.00428825011,0.00938277971,-0.0126389237,-0.00414986769,-0.00194365531,-2.41231555e-06,2.04571097e-06,-6.19291268e-06,3.4711536e-07,1.9633675e-05,-5.86668648e-06
1101,4.404000,-0.0649184212,0.00426463131,0.0091291992,-0.0128047448,-0.00451723207,-0.00140167028,-2.40918848e-06,2.0597472e-06,-6.20790661e-06,3.50342759e-07,1.9570165e-05,-5.84534746e-06
1102,4.408000,-0.0636982918,0.00418330543,0.0089120483,-0.0119594699,-0.00383962505,-0.00194271654,-2.38666053e-06,2.06099116e-06,-6.1971723e-06,3.48301768e-07,1.95090142e-05,-5.82512848e-06
1103,4.412000,-0.0620073825,0.00384070585,0.00795560516,-0.0115206698,-0.00367858936,-0.0019421801,-2.3958064e-06,2.06454661e-06,-6.18699414e-06,3.39323833e-07,1.94435888e-05,-5.80436426e-06
1104,4.416000,-0.0606366098,0.00404382544,0.00798145775,-0.0113601172,-0.0035729988,-0.001941517,-2.3892253e-06,2.0850257e-06,-6.20063611e-06,3.34829224e-07,1.93236465e-05,-5.75180093e-06
1105,4.420000,-0.0594615266,0.00412924727,0.00811509322,-0.0111652175,-0.0034636315,-0.00194060802,-2.36938467e-06,2.05858032e-06,-6.20377205e-06,3.42170893e-07,1.92893822e-05,-5.74187425e-06
1106,4.424000,-0.0583214164,0.00411475264,0.00813742541,-0.0109449644,-0.00335054891,-0.00193969533,-2.37399195e-06,2.07171684e-06,-6.19866432e-06,3.38414367e-07,1.92394127e-05,-5.73160833e-06
1107,4.428000,-0.0571150184,0.00402694289,0.00806549005,-0.0107524097,-0.00324209826,-0.00193879381,-2.35289895e-06,2.0699249e-06,-6.19720277e-06,3.35606217e-07,1.91565523e-05,-5.69689382e-06
1108,4.432000,-0.0559487864,0.00401986437,0.00793374237,-0.0104916152,-0.00313057145,-0.00193789974,-2.34549361e-06,2.07434096e-06,-6.20280571e-06,3.35268908e-07,1.91003874e-05,-5.67875713e-06
1109,4.436000,-0.054771021,0.00400023255,0.0077941278,-0.0102756331,-0.00302254548,-0.00193706155,-2.35127618e-06,2.06577897e-06,-6.19478487e-06,3.272973e-07,1.89836483e-05,-5.63102458e-06
1110,4.440000,-0.0536015965,0.00398477819,0.00766293192,-0.010060939,-0.00291912677,-0.00193626434,-2.351283e-06,2.07983794e-06,-6.19253569e-06,3.33293627e-07,1.89018392e-05,-5.59606997e-06
1111,4.444000,-0.0521564111,0.00414751563,0.00758222491,-0.0116328225,-0.00457766093,8.26157629e-05,-2.3408511e-06,2.0979378e-06,-6.18532158e-06,3.23386814e-07,1.88872837e-05,-5.60300305e-06
